ID,Country,Region,State_Region,LGA_District,long,lat,trial_ID,trial_Code,plotID,treat,rootYield_t_ha,harvestYear,harvestMonth,harvestDate,Hdate,plantingDate,plantYear,plantMonth,plantDate
1,Nigeria,SE Nigeria,Cross River,Yala,8.7448,6.6931,ACTLNG000049,NOT-2,ACPONG014252,PK,24.7375,2018,8,30,30/08/2018,19/06/2017,2017,6,19
2,Nigeria,SE Nigeria,Cross River,Yala,8.7448,6.6931,ACTLNG000049,NOT-2,ACPONG014406,NPK,29.74166667,2018,8,30,30/08/2018,19/06/2017,2017,6,19
3,Nigeria,SE Nigeria,Cross River,Yala,8.7449,6.6931,ACTLNG000049,NOT-2,ACPONG010787,half_NPK,28.05833333,2018,8,30,30/08/2018,19/06/2017,2017,6,19
4,Nigeria,SE Nigeria,Cross River,Yala,8.7448,6.6931,ACTLNG000049,NOT-2,ACPONG014254,NP,32.9875,2018,8,30,30/08/2018,19/06/2017,2017,6,19
5,Nigeria,SE Nigeria,Cross River,Yala,8.7448,6.6931,ACTLNG000049,NOT-2,ACPONG014251,NPK,33.9125,2018,8,30,30/08/2018,19/06/2017,2017,6,19
6,Nigeria,SE Nigeria,Cross River,Yala,8.7449,6.6931,ACTLNG000049,NOT-2,ACPONG010788,NK,32.05,2018,8,30,30/08/2018,19/06/2017,2017,6,19
7,Nigeria,SE Nigeria,Cross River,Yala,8.7448,6.6931,ACTLNG000049,NOT-2,ACPONG014253,NPK_micro,30.9625,2018,8,30,30/08/2018,19/06/2017,2017,6,19
8,Nigeria,SE Nigeria,Cross River,Yala,8.7448,6.6931,ACTLNG000049,NOT-2,ACPONG014405,CON,21.35833333,2018,8,30,30/08/2018,19/06/2017,2017,6,19
9,Nigeria,SE Nigeria,Cross River,Yala,8.7391,6.6922,ACTLNG000050,NOT-1,ACPONG014550,NPK,28.35,2018,8,30,30/08/2018,19/06/2017,2017,6,19
10,Nigeria,SE Nigeria,Cross River,Yala,8.7391,6.6922,ACTLNG000050,NOT-1,ACPONG014548,PK,28.37083333,2018,8,30,30/08/2018,19/06/2017,2017,6,19
11,Nigeria,SE Nigeria,Cross River,Yala,8.7391,6.6922,ACTLNG000050,NOT-1,ACPONG014429,NPK_micro,28.825,2018,8,30,30/08/2018,19/06/2017,2017,6,19
12,Nigeria,SE Nigeria,Cross River,Yala,8.7391,6.6922,ACTLNG000050,NOT-1,ACPONG014549,half_NPK,30.5875,2018,8,30,30/08/2018,19/06/2017,2017,6,19
13,Nigeria,SW Nigeria,Oyo,Ido,3.6789,7.5,ACTLNG000093,NOT-1,ACPONG002151,NPK,27.449375,2017,7,12,12/07/2017,15/07/2016,2016,7,15
14,Nigeria,SW Nigeria,Oyo,Ido,3.6789,7.5,ACTLNG000093,NOT-1,ACPONG002314,half_NPK,8.7275,2017,7,12,12/07/2017,15/07/2016,2016,7,15
15,Nigeria,SW Nigeria,Oyo,Ido,3.6789,7.5,ACTLNG000093,NOT-1,ACPONG002161,NPK,11.27875,2017,7,12,12/07/2017,15/07/2016,2016,7,15
16,Nigeria,SW Nigeria,Oyo,Ido,3.6789,7.5,ACTLNG000093,NOT-1,ACPONG000826,CON,18.47,2017,7,12,12/07/2017,15/07/2016,2016,7,15
17,Nigeria,SW Nigeria,Oyo,Ido,3.6789,7.5,ACTLNG000093,NOT-1,ACPONG002304,NPK_micro,20.253125,2017,7,12,12/07/2017,15/07/2016,2016,7,15
18,Nigeria,SW Nigeria,Oyo,Ido,3.6789,7.5,ACTLNG000093,NOT-1,ACPONG002171,PK,12.49625,2017,7,12,12/07/2017,15/07/2016,2016,7,15
19,Nigeria,SW Nigeria,Oyo,Ido,3.6397,7.5237,ACTLNG000131,NOT-1,ACPONG001872,half_NPK,16.270625,2017,5,17,17/05/2017,15/07/2016,2016,7,15
20,Nigeria,SW Nigeria,Oyo,Ido,3.6397,7.5237,ACTLNG000131,NOT-1,ACPONG001832,PK,5.971875,2017,5,17,17/05/2017,15/07/2016,2016,7,15
21,Nigeria,SW Nigeria,Oyo,Ido,3.6397,7.5237,ACTLNG000131,NOT-1,ACPONG001842,NK,29.4975,2017,5,17,17/05/2017,15/07/2016,2016,7,15
22,Nigeria,SW Nigeria,Oyo,Ido,3.6397,7.5237,ACTLNG000131,NOT-1,ACPONG001852,NP,29.8425,2017,5,17,17/05/2017,15/07/2016,2016,7,15
23,Nigeria,SW Nigeria,Oyo,Ido,3.6397,7.5237,ACTLNG000131,NOT-1,ACPONG001812,NPK,29.319375,2017,5,17,17/05/2017,15/07/2016,2016,7,15
24,Nigeria,SW Nigeria,Oyo,Ido,3.6397,7.5237,ACTLNG000131,NOT-1,ACPONG001862,NPK_micro,22.440625,2017,5,17,17/05/2017,15/07/2016,2016,7,15
25,Nigeria,SW Nigeria,Oyo,Ido,3.6397,7.5237,ACTLNG000131,NOT-1,ACPONG001822,NPK,36.785625,2017,5,17,17/05/2017,15/07/2016,2016,7,15
26,Nigeria,SW Nigeria,Oyo,Ido,3.6397,7.5237,ACTLNG000131,NOT-1,ACPONG001802,CON,14.55625,2017,5,17,17/05/2017,15/07/2016,2016,7,15
27,Nigeria,SW Nigeria,Oyo,Ido,3.6074,7.5683,ACTLNG000143,NOT-1,ACPONG001480,PK,29.719375,2017,7,12,12/07/2017,15/07/2016,2016,7,15
28,Nigeria,SW Nigeria,Oyo,Ido,3.6074,7.5683,ACTLNG000143,NOT-1,ACPONG001420,NPK,22.71125,2017,7,12,12/07/2017,15/07/2016,2016,7,15
29,Nigeria,SW Nigeria,Oyo,Ido,3.6074,7.5683,ACTLNG000143,NOT-1,ACPONG001520,NPK,48.830625,2017,7,12,12/07/2017,15/07/2016,2016,7,15
30,Nigeria,SW Nigeria,Oyo,Ido,3.6074,7.5683,ACTLNG000143,NOT-1,ACPONG001400,NK,30.550625,2017,7,12,12/07/2017,15/07/2016,2016,7,15
31,Nigeria,SW Nigeria,Oyo,Ido,3.6074,7.5683,ACTLNG000143,NOT-1,ACPONG001440,half_NPK,23.12,2017,7,12,12/07/2017,15/07/2016,2016,7,15
32,Nigeria,SW Nigeria,Oyo,Ido,3.6074,7.5683,ACTLNG000143,NOT-1,ACPONG001430,NPK_micro,34.353125,2017,7,12,12/07/2017,15/07/2016,2016,7,15
33,Nigeria,SW Nigeria,Oyo,Ido,3.6074,7.5683,ACTLNG000143,NOT-1,ACPONG001460,CON,16.97375,2017,7,12,12/07/2017,15/07/2016,2016,7,15
34,Nigeria,SW Nigeria,Oyo,Ido,3.6074,7.5683,ACTLNG000143,NOT-1,ACPONG001450,NP,39.305625,2017,7,12,12/07/2017,15/07/2016,2016,7,15
35,Nigeria,SW Nigeria,Oyo,Ido,3.6421,7.5239,ACTLNG000187,NOT-1,ACPONG000509,NP,23.206875,2017,5,15,15/05/2017,15/07/2016,2016,7,15
36,Nigeria,SW Nigeria,Oyo,Ido,3.6421,7.5239,ACTLNG000187,NOT-1,ACPONG000489,PK,24.1075,2017,5,15,15/05/2017,15/07/2016,2016,7,15
37,Nigeria,SW Nigeria,Oyo,Ido,3.6421,7.5239,ACTLNG000187,NOT-1,ACPONG000519,NPK_micro,29.80625,2017,5,15,15/05/2017,15/07/2016,2016,7,15
38,Nigeria,SW Nigeria,Oyo,Ido,3.6421,7.5239,ACTLNG000187,NOT-1,ACPONG000459,CON,19.419375,2017,5,15,15/05/2017,15/07/2016,2016,7,15
39,Nigeria,SW Nigeria,Oyo,Ido,3.6421,7.5239,ACTLNG000187,NOT-1,ACPONG000479,NPK,29.64125,2017,5,15,15/05/2017,15/07/2016,2016,7,15
40,Nigeria,SW Nigeria,Oyo,Ido,3.6421,7.5239,ACTLNG000187,NOT-1,ACPONG000469,NPK,16.48125,2017,5,15,15/05/2017,15/07/2016,2016,7,15
41,Nigeria,SW Nigeria,Oyo,Ido,3.6421,7.5239,ACTLNG000187,NOT-1,ACPONG000499,NK,16.545,2017,5,15,15/05/2017,15/07/2016,2016,7,15
42,Nigeria,SW Nigeria,Oyo,Ido,3.6421,7.5239,ACTLNG000187,NOT-1,ACPONG000529,half_NPK,14.6075,2017,5,15,15/05/2017,15/07/2016,2016,7,15
43,Nigeria,SW Nigeria,Oyo,Ido,3.6398,7.5229,ACTLNG000195,NOT-1,ACPONG001722,CON,12.478125,2017,5,18,18/05/2017,15/07/2016,2016,7,15
44,Nigeria,SW Nigeria,Oyo,Ido,3.6398,7.5229,ACTLNG000195,NOT-1,ACPONG001752,PK,26.665,2017,5,18,18/05/2017,15/07/2016,2016,7,15
45,Nigeria,SW Nigeria,Oyo,Ido,3.6398,7.5229,ACTLNG000195,NOT-1,ACPONG001762,NK,26.64,2017,5,18,18/05/2017,15/07/2016,2016,7,15
46,Nigeria,SW Nigeria,Oyo,Ido,3.6398,7.5229,ACTLNG000195,NOT-1,ACPONG001792,half_NPK,24.745,2017,5,18,18/05/2017,15/07/2016,2016,7,15
47,Nigeria,SW Nigeria,Oyo,Ido,3.6398,7.5229,ACTLNG000195,NOT-1,ACPONG001782,NPK_micro,19.809375,2017,5,18,18/05/2017,15/07/2016,2016,7,15
48,Nigeria,SW Nigeria,Oyo,Ido,3.6398,7.5229,ACTLNG000195,NOT-1,ACPONG001742,NPK,27.630625,2017,5,18,18/05/2017,15/07/2016,2016,7,15
49,Nigeria,SW Nigeria,Oyo,Ido,3.6398,7.5229,ACTLNG000195,NOT-1,ACPONG001732,NPK,12.765,2017,5,18,18/05/2017,15/07/2016,2016,7,15
50,Nigeria,SW Nigeria,Oyo,Ido,3.6398,7.5229,ACTLNG000195,NOT-1,ACPONG001772,NP,24.869375,2017,5,18,18/05/2017,15/07/2016,2016,7,15
51,Nigeria,SW Nigeria,Osun,Obokun,4.7659,7.8063,ACTLNG000199,NOT-1,ACPONG001740,half_NPK,8.1575,2017,10,24,24/10/2017,15/07/2016,2016,7,15
52,Nigeria,SW Nigeria,Osun,Obokun,4.7659,7.8063,ACTLNG000199,NOT-1,ACPONG002188,PK,27.23,2017,10,24,24/10/2017,15/07/2016,2016,7,15
53,Nigeria,SW Nigeria,Osun,Obokun,4.7659,7.8063,ACTLNG000199,NOT-1,ACPONG001720,NP,28.631875,2017,10,24,24/10/2017,15/07/2016,2016,7,15
54,Nigeria,SW Nigeria,Osun,Obokun,4.7659,7.8063,ACTLNG000199,NOT-1,ACPONG001730,NPK_micro,18.43625,2017,10,24,24/10/2017,15/07/2016,2016,7,15
55,Nigeria,SW Nigeria,Osun,Obokun,4.7659,7.8063,ACTLNG000199,NOT-1,ACPONG002198,CON,39.523125,2017,10,24,24/10/2017,15/07/2016,2016,7,15
56,Nigeria,SW Nigeria,Osun,Obokun,4.7659,7.8063,ACTLNG000199,NOT-1,ACPONG002218,NPK,17.454375,2017,10,24,24/10/2017,15/07/2016,2016,7,15
57,Nigeria,SW Nigeria,Osun,Ede South,4.3829,7.6574,ACTLNG000219,NOT-1,ACPONG002297,NPK_micro,26.084375,2017,7,24,24/07/2017,15/07/2016,2016,7,15
58,Nigeria,SW Nigeria,Osun,Ede South,4.3829,7.6574,ACTLNG000219,NOT-1,ACPONG002147,NPK,33.56125,2017,7,24,24/07/2017,15/07/2016,2016,7,15
59,Nigeria,SW Nigeria,Osun,Ede South,4.3829,7.6574,ACTLNG000219,NOT-1,ACPONG000107,PK,43.555,2017,7,24,24/07/2017,15/07/2016,2016,7,15
60,Nigeria,SW Nigeria,Osun,Ede South,4.3829,7.6574,ACTLNG000219,NOT-1,ACPONG000167,half_NPK,24.42875,2017,7,24,24/07/2017,15/07/2016,2016,7,15
61,Nigeria,SW Nigeria,Osun,Ede South,4.3829,7.6574,ACTLNG000219,NOT-1,ACPONG002007,NPK,27.53,2017,7,24,24/07/2017,15/07/2016,2016,7,15
62,Nigeria,SW Nigeria,Osun,Ede South,4.3829,7.6574,ACTLNG000219,NOT-1,ACPONG002287,NK,26.86375,2017,7,24,24/07/2017,15/07/2016,2016,7,15
63,Nigeria,SW Nigeria,Osun,Ede South,4.3829,7.6574,ACTLNG000219,NOT-1,ACPONG002277,NP,24.52875,2017,7,24,24/07/2017,15/07/2016,2016,7,15
64,Nigeria,SW Nigeria,Osun,Ede South,4.3829,7.6574,ACTLNG000219,NOT-1,ACPONG000157,CON,16.716875,2017,7,24,24/07/2017,15/07/2016,2016,7,15
65,Nigeria,SW Nigeria,Oyo,Ido,3.5752,7.6034,ACTLNG000231,NOT-1,ACPONG001110,NPK,21.444375,2017,5,21,21/05/2017,15/07/2016,2016,7,15
66,Nigeria,SW Nigeria,Oyo,Ido,3.5752,7.6034,ACTLNG000231,NOT-1,ACPONG001140,NP,31.895625,2017,5,21,21/05/2017,15/07/2016,2016,7,15
67,Nigeria,SW Nigeria,Oyo,Ido,3.5752,7.6034,ACTLNG000231,NOT-1,ACPONG001130,NK,23.34125,2017,5,21,21/05/2017,15/07/2016,2016,7,15
68,Nigeria,SW Nigeria,Oyo,Ido,3.5752,7.6034,ACTLNG000231,NOT-1,ACPONG001160,half_NPK,31.648125,2017,5,21,21/05/2017,15/07/2016,2016,7,15
69,Nigeria,SW Nigeria,Oyo,Ido,3.5752,7.6034,ACTLNG000231,NOT-1,ACPONG001150,NPK_micro,21.311875,2017,5,21,21/05/2017,15/07/2016,2016,7,15
70,Nigeria,SW Nigeria,Oyo,Ido,3.5752,7.6034,ACTLNG000231,NOT-1,ACPONG001100,NPK,22.49125,2017,5,21,21/05/2017,15/07/2016,2016,7,15
71,Nigeria,SW Nigeria,Oyo,Ido,3.5752,7.6034,ACTLNG000231,NOT-1,ACPONG001120,PK,8.25875,2017,5,21,21/05/2017,15/07/2016,2016,7,15
72,Nigeria,SW Nigeria,Oyo,Ido,3.5752,7.6034,ACTLNG000231,NOT-1,ACPONG001090,CON,17.480625,2017,5,21,21/05/2017,15/07/2016,2016,7,15
73,Nigeria,SW Nigeria,Osun,Ede South,4.3757,7.6513,ACTLNG000239,NOT-1,ACPONG002177,NPK,11.19625,2017,7,25,25/07/2017,15/07/2016,2016,7,15
74,Nigeria,SW Nigeria,Osun,Ede South,4.3757,7.6513,ACTLNG000239,NOT-1,ACPONG000177,PK,16.511875,2017,7,25,25/07/2017,15/07/2016,2016,7,15
75,Nigeria,SW Nigeria,Osun,Ede South,4.3757,7.6513,ACTLNG000239,NOT-1,ACPONG000187,NP,14.93875,2017,7,25,25/07/2017,15/07/2016,2016,7,15
76,Nigeria,SW Nigeria,Osun,Ede South,4.3757,7.6513,ACTLNG000239,NOT-1,ACPONG002167,NPK,18.485625,2017,7,25,25/07/2017,15/07/2016,2016,7,15
77,Nigeria,SW Nigeria,Osun,Ede South,4.3757,7.6513,ACTLNG000239,NOT-1,ACPONG002307,CON,8.908125,2017,7,25,25/07/2017,15/07/2016,2016,7,15
78,Nigeria,SW Nigeria,Osun,Ede South,4.3757,7.6513,ACTLNG000239,NOT-1,ACPONG000117,NPK_micro,37.14375,2017,7,25,25/07/2017,15/07/2016,2016,7,15
79,Nigeria,SW Nigeria,Osun,Ede South,4.3757,7.6513,ACTLNG000239,NOT-1,ACPONG001837,half_NPK,16.67625,2017,7,25,25/07/2017,15/07/2016,2016,7,15
80,Nigeria,SW Nigeria,Oyo,Ibarapa Central,3.3355,7.4167,ACTLNG000243,NOT-1,ACPONG002212,NPK,11.100625,2017,5,1,01/05/2017,15/07/2016,2016,7,15
81,Nigeria,SW Nigeria,Oyo,Ibarapa Central,3.3355,7.4167,ACTLNG000243,NOT-1,ACPONG002242,half_NPK,6.145,2017,5,1,01/05/2017,15/07/2016,2016,7,15
82,Nigeria,SW Nigeria,Oyo,Ibarapa Central,3.3355,7.4167,ACTLNG000243,NOT-1,ACPONG002232,NP,11.404375,2017,5,1,01/05/2017,15/07/2016,2016,7,15
83,Nigeria,SW Nigeria,Oyo,Ibarapa Central,3.3355,7.4167,ACTLNG000243,NOT-1,ACPONG002202,PK,3.568125,2017,5,1,01/05/2017,15/07/2016,2016,7,15
84,Nigeria,SW Nigeria,Oyo,Ibarapa Central,3.3355,7.4167,ACTLNG000243,NOT-1,ACPONG002192,NK,13.825625,2017,5,1,01/05/2017,15/07/2016,2016,7,15
85,Nigeria,SW Nigeria,Oyo,Ibarapa Central,3.3355,7.4167,ACTLNG000243,NOT-1,ACPONG002182,CON,7.0075,2017,5,1,01/05/2017,15/07/2016,2016,7,15
86,Nigeria,SW Nigeria,Oyo,Ibarapa Central,3.3355,7.4167,ACTLNG000243,NOT-1,ACPONG002222,NPK_micro,5.286875,2017,5,1,01/05/2017,15/07/2016,2016,7,15
87,Nigeria,SW Nigeria,Osun,Ede South,4.3827,7.6545,ACTLNG000249,NOT-1,ACPONG001987,CON,25.010625,2017,7,26,26/07/2017,15/07/2016,2016,7,15
88,Nigeria,SW Nigeria,Osun,Ede South,4.3827,7.6545,ACTLNG000249,NOT-1,ACPONG001937,NK,33.626875,2017,7,26,26/07/2017,15/07/2016,2016,7,15
89,Nigeria,SW Nigeria,Osun,Ede South,4.3827,7.6545,ACTLNG000249,NOT-1,ACPONG001967,NPK,33.16625,2017,7,26,26/07/2017,15/07/2016,2016,7,15
90,Nigeria,SW Nigeria,Osun,Ede South,4.3827,7.6545,ACTLNG000249,NOT-1,ACPONG001947,half_NPK,33.23875,2017,7,26,26/07/2017,15/07/2016,2016,7,15
91,Nigeria,SW Nigeria,Osun,Ede South,4.3827,7.6545,ACTLNG000249,NOT-1,ACPONG001957,PK,36.07625,2017,7,26,26/07/2017,15/07/2016,2016,7,15
92,Nigeria,SW Nigeria,Osun,Ede South,4.3827,7.6545,ACTLNG000249,NOT-1,ACPONG001927,NP,26.7125,2017,7,26,26/07/2017,15/07/2016,2016,7,15
93,Nigeria,SW Nigeria,Osun,Ede South,4.3827,7.6545,ACTLNG000249,NOT-1,ACPONG001997,NPK_micro,29.721875,2017,7,26,26/07/2017,15/07/2016,2016,7,15
94,Nigeria,SW Nigeria,Osun,Ede South,4.3827,7.6545,ACTLNG000249,NOT-1,ACPONG001977,NPK,29.521875,2017,7,26,26/07/2017,15/07/2016,2016,7,15
95,Nigeria,SW Nigeria,Oyo,Ibarapa Central,3.3346,7.4163,ACTLNG000285,NOT-1,ACPONG001892,NPK,5.979375,2017,5,1,01/05/2017,15/07/2016,2016,7,15
96,Nigeria,SW Nigeria,Oyo,Ibarapa Central,3.3346,7.4163,ACTLNG000285,NOT-1,ACPONG001902,NPK,3.371875,2017,5,1,01/05/2017,15/07/2016,2016,7,15
97,Nigeria,SW Nigeria,Oyo,Ibarapa Central,3.3346,7.4163,ACTLNG000285,NOT-1,ACPONG001922,NK,2.491875,2017,5,1,01/05/2017,15/07/2016,2016,7,15
98,Nigeria,SW Nigeria,Oyo,Ibarapa Central,3.3346,7.4163,ACTLNG000285,NOT-1,ACPONG001882,CON,1.1375,2017,5,1,01/05/2017,15/07/2016,2016,7,15
99,Nigeria,SW Nigeria,Oyo,Ibarapa Central,3.3346,7.4163,ACTLNG000285,NOT-1,ACPONG001932,NP,4.726875,2017,5,1,01/05/2017,15/07/2016,2016,7,15
100,Nigeria,SW Nigeria,Oyo,Ibarapa Central,3.3346,7.4163,ACTLNG000285,NOT-1,ACPONG000506,half_NPK,4.825,2017,5,1,01/05/2017,15/07/2016,2016,7,15
101,Nigeria,SW Nigeria,Oyo,Ibarapa Central,3.3346,7.4163,ACTLNG000285,NOT-1,ACPONG001942,NPK_micro,3.13375,2017,5,1,01/05/2017,15/07/2016,2016,7,15
102,Nigeria,SW Nigeria,Oyo,Ibarapa Central,3.3346,7.4163,ACTLNG000285,NOT-1,ACPONG001912,PK,0.33375,2017,5,1,01/05/2017,15/07/2016,2016,7,15
103,Nigeria,SW Nigeria,Ogun,Odeda,3.5294,7.3266,ACTLNG000299,NOT-1,ACPONG002037,half_NPK,20.9416875,2017,7,23,23/07/2017,15/07/2016,2016,7,15
104,Nigeria,SW Nigeria,Ogun,Odeda,3.5294,7.3266,ACTLNG000299,NOT-1,ACPONG002017,NP,13.1650625,2017,7,23,23/07/2017,15/07/2016,2016,7,15
105,Nigeria,SW Nigeria,Ogun,Odeda,3.5294,7.3266,ACTLNG000299,NOT-1,ACPONG002047,NK,16.078125,2017,7,23,23/07/2017,15/07/2016,2016,7,15
106,Nigeria,SW Nigeria,Ogun,Odeda,3.5294,7.3266,ACTLNG000299,NOT-1,ACPONG002187,NPK_micro,20.360625,2017,7,23,23/07/2017,15/07/2016,2016,7,15
107,Nigeria,SW Nigeria,Ogun,Odeda,3.5294,7.3266,ACTLNG000299,NOT-1,ACPONG001817,CON,14.84775,2017,7,23,23/07/2017,15/07/2016,2016,7,15
108,Nigeria,SW Nigeria,Ogun,Odeda,3.5294,7.3266,ACTLNG000299,NOT-1,ACPONG002027,PK,17.5423125,2017,7,23,23/07/2017,15/07/2016,2016,7,15
109,Nigeria,SW Nigeria,Ogun,Odeda,3.5294,7.3266,ACTLNG000299,NOT-1,ACPONG002227,NPK,22.958875,2017,7,23,23/07/2017,15/07/2016,2016,7,15
110,Nigeria,SW Nigeria,Ogun,Odeda,3.5294,7.3266,ACTLNG000299,NOT-1,ACPONG002217,NPK,30.9509375,2017,7,23,23/07/2017,15/07/2016,2016,7,15
111,Nigeria,SW Nigeria,Ogun,Odeda,3.4473,7.2369,ACTLNG000310,NOT-1,ACPONG000318,half_NPK,5.070625,2017,4,24,24/04/2017,15/07/2016,2016,7,15
112,Nigeria,SW Nigeria,Ogun,Odeda,3.4473,7.2369,ACTLNG000310,NOT-1,ACPONG000258,NPK,18.119875,2017,4,24,24/04/2017,15/07/2016,2016,7,15
113,Nigeria,SW Nigeria,Ogun,Odeda,3.4473,7.2369,ACTLNG000310,NOT-1,ACPONG000288,NK,11.503625,2017,4,24,24/04/2017,15/07/2016,2016,7,15
114,Nigeria,SW Nigeria,Ogun,Odeda,3.4473,7.2369,ACTLNG000310,NOT-1,ACPONG000268,NPK,9.3243125,2017,4,24,24/04/2017,15/07/2016,2016,7,15
115,Nigeria,SW Nigeria,Ogun,Odeda,3.4473,7.2369,ACTLNG000310,NOT-1,ACPONG000328,PK,7.5120625,2017,4,24,24/04/2017,15/07/2016,2016,7,15
116,Nigeria,SW Nigeria,Ogun,Odeda,3.4473,7.2369,ACTLNG000310,NOT-1,ACPONG000298,CON,9.5915,2017,4,24,24/04/2017,15/07/2016,2016,7,15
117,Nigeria,SW Nigeria,Ogun,Odeda,3.4473,7.2369,ACTLNG000310,NOT-1,ACPONG000308,NPK_micro,16.9858125,2017,4,24,24/04/2017,15/07/2016,2016,7,15
118,Nigeria,SW Nigeria,Ogun,Odeda,3.4473,7.2369,ACTLNG000310,NOT-1,ACPONG000278,NP,13.3938125,2017,4,24,24/04/2017,15/07/2016,2016,7,15
119,Nigeria,SW Nigeria,Osun,Ede South,4.3905,7.6615,ACTLNG000319,NOT-1,ACPONG001960,NPK,51.548125,2017,7,28,28/07/2017,15/07/2016,2016,7,15
120,Nigeria,SW Nigeria,Osun,Ede South,4.3905,7.6615,ACTLNG000319,NOT-1,ACPONG001930,PK,46.548125,2017,7,28,28/07/2017,15/07/2016,2016,7,15
121,Nigeria,SW Nigeria,Osun,Ede South,4.3905,7.6615,ACTLNG000319,NOT-1,ACPONG001800,NPK,18.0075,2017,7,28,28/07/2017,15/07/2016,2016,7,15
122,Nigeria,SW Nigeria,Osun,Ede South,4.3905,7.6615,ACTLNG000319,NOT-1,ACPONG001970,NPK_micro,68.120625,2017,7,28,28/07/2017,15/07/2016,2016,7,15
123,Nigeria,SW Nigeria,Osun,Ede South,4.3905,7.6615,ACTLNG000319,NOT-1,ACPONG001980,NP,73.358125,2017,7,28,28/07/2017,15/07/2016,2016,7,15
124,Nigeria,SW Nigeria,Osun,Ede South,4.3905,7.6615,ACTLNG000319,NOT-1,ACPONG001950,CON,65.0925,2017,7,28,28/07/2017,15/07/2016,2016,7,15
125,Nigeria,SW Nigeria,Osun,Ede South,4.3905,7.6615,ACTLNG000319,NOT-1,ACPONG001940,NK,32.15375,2017,7,28,28/07/2017,15/07/2016,2016,7,15
126,Nigeria,SW Nigeria,Osun,Ede South,4.3905,7.6615,ACTLNG000319,NOT-1,ACPONG001850,half_NPK,40.746875,2017,7,28,28/07/2017,15/07/2016,2016,7,15
127,Nigeria,SE Nigeria,Benue,Okpokwu,7.7768,7.0694,ACTLNG000342,NOT-1,ACPONG003807,half_NPK,51.875,2017,9,9,09/09/2017,20/06/2016,2016,6,20
128,Nigeria,SE Nigeria,Benue,Okpokwu,7.7768,7.0694,ACTLNG000342,NOT-1,ACPONG004327,CON,40.1875,2017,9,9,09/09/2017,20/06/2016,2016,6,20
129,Nigeria,SE Nigeria,Benue,Okpokwu,7.7768,7.0694,ACTLNG000342,NOT-1,ACPONG004311,PK,48.125,2017,9,9,09/09/2017,20/06/2016,2016,6,20
130,Nigeria,SE Nigeria,Benue,Okpokwu,7.7768,7.0694,ACTLNG000342,NOT-1,ACPONG004279,NK,55.75,2017,9,9,09/09/2017,20/06/2016,2016,6,20
131,Nigeria,SE Nigeria,Benue,Okpokwu,7.7768,7.0694,ACTLNG000342,NOT-1,ACPONG004303,NP,59,2017,9,9,09/09/2017,20/06/2016,2016,6,20
132,Nigeria,SE Nigeria,Benue,Okpokwu,7.7768,7.0694,ACTLNG000342,NOT-1,ACPONG004319,NPK,63.5625,2017,9,9,09/09/2017,20/06/2016,2016,6,20
133,Nigeria,SE Nigeria,Benue,Okpokwu,7.7768,7.0694,ACTLNG000342,NOT-1,ACPONG004295,NPK,53.625,2017,9,9,09/09/2017,20/06/2016,2016,6,20
134,Nigeria,SE Nigeria,Benue,Okpokwu,7.7768,7.0694,ACTLNG000342,NOT-1,ACPONG003863,NPK_micro,66.875,2017,9,9,09/09/2017,20/06/2016,2016,6,20
135,Nigeria,SE Nigeria,Benue,Katsina- Ala,9.3671,7.2371,ACTLNG000359,NOT-1,ACPONG002681,NPK_micro,28.9375,2017,8,30,30/08/2017,20/06/2016,2016,6,20
136,Nigeria,SE Nigeria,Benue,Katsina- Ala,9.3671,7.2371,ACTLNG000359,NOT-1,ACPONG002665,NP,42.75,2017,8,30,30/08/2017,20/06/2016,2016,6,20
137,Nigeria,SE Nigeria,Benue,Katsina- Ala,9.3671,7.2371,ACTLNG000359,NOT-1,ACPONG002641,NPK,51.25,2017,8,30,30/08/2017,20/06/2016,2016,6,20
138,Nigeria,SE Nigeria,Benue,Katsina- Ala,9.3671,7.2371,ACTLNG000359,NOT-1,ACPONG004252,CON,30.5,2017,8,30,30/08/2017,20/06/2016,2016,6,20
139,Nigeria,SE Nigeria,Benue,Katsina- Ala,9.3671,7.2371,ACTLNG000359,NOT-1,ACPONG002689,half_NPK,32.6875,2017,8,30,30/08/2017,20/06/2016,2016,6,20
140,Nigeria,SE Nigeria,Benue,Katsina- Ala,9.3671,7.2371,ACTLNG000359,NOT-1,ACPONG002657,PK,36.375,2017,8,30,30/08/2017,20/06/2016,2016,6,20
141,Nigeria,SE Nigeria,Benue,Katsina- Ala,9.3671,7.2371,ACTLNG000359,NOT-1,ACPONG002649,NPK,36.8125,2017,8,30,30/08/2017,20/06/2016,2016,6,20
142,Nigeria,SE Nigeria,Benue,Katsina- Ala,9.3671,7.2371,ACTLNG000359,NOT-1,ACPONG002673,NK,45.25,2017,8,30,30/08/2017,20/06/2016,2016,6,20
143,Nigeria,SE Nigeria,Benue,Katsina- Ala,9.4193,7.2998,ACTLNG000364,NOT-1,ACPONG004460,NK,23.875,2017,9,2,02/09/2017,20/06/2016,2016,6,20
144,Nigeria,SE Nigeria,Benue,Katsina- Ala,9.4193,7.2998,ACTLNG000364,NOT-1,ACPONG004428,half_NPK,41.125,2017,9,2,02/09/2017,20/06/2016,2016,6,20
145,Nigeria,SE Nigeria,Benue,Katsina- Ala,9.4193,7.2998,ACTLNG000364,NOT-1,ACPONG004484,CON,31.3125,2017,9,2,02/09/2017,20/06/2016,2016,6,20
146,Nigeria,SE Nigeria,Benue,Katsina- Ala,9.4193,7.2998,ACTLNG000364,NOT-1,ACPONG004476,NPK,36.375,2017,9,2,02/09/2017,20/06/2016,2016,6,20
147,Nigeria,SE Nigeria,Benue,Katsina- Ala,9.4193,7.2998,ACTLNG000364,NOT-1,ACPONG004436,PK,36.5,2017,9,2,02/09/2017,20/06/2016,2016,6,20
148,Nigeria,SE Nigeria,Benue,Katsina- Ala,9.4193,7.2998,ACTLNG000364,NOT-1,ACPONG004452,NPK,32.6875,2017,9,2,02/09/2017,20/06/2016,2016,6,20
149,Nigeria,SE Nigeria,Benue,Katsina- Ala,9.4193,7.2998,ACTLNG000364,NOT-1,ACPONG004468,NPK_micro,32.6875,2017,9,2,02/09/2017,20/06/2016,2016,6,20
150,Nigeria,SE Nigeria,Benue,Katsina- Ala,9.4193,7.2998,ACTLNG000364,NOT-1,ACPONG004444,NP,40.125,2017,9,2,02/09/2017,20/06/2016,2016,6,20
151,Nigeria,SE Nigeria,Benue,Katsina- Ala,9.4185,7.2964,ACTLNG000374,NOT-1,ACPONG002505,NK,30.8125,2017,9,2,02/09/2017,20/06/2016,2016,6,20
152,Nigeria,SE Nigeria,Benue,Katsina- Ala,9.4185,7.2964,ACTLNG000374,NOT-1,ACPONG002513,PK,29.25,2017,9,2,02/09/2017,20/06/2016,2016,6,20
153,Nigeria,SE Nigeria,Benue,Katsina- Ala,9.4185,7.2964,ACTLNG000374,NOT-1,ACPONG004524,half_NPK,32.6875,2017,9,2,02/09/2017,20/06/2016,2016,6,20
154,Nigeria,SE Nigeria,Benue,Katsina- Ala,9.4185,7.2964,ACTLNG000374,NOT-1,ACPONG004492,NPK,39.0625,2017,9,2,02/09/2017,20/06/2016,2016,6,20
155,Nigeria,SE Nigeria,Benue,Katsina- Ala,9.4185,7.2964,ACTLNG000374,NOT-1,ACPONG004500,NPK,42.625,2017,9,2,02/09/2017,20/06/2016,2016,6,20
156,Nigeria,SE Nigeria,Benue,Katsina- Ala,9.4185,7.2964,ACTLNG000374,NOT-1,ACPONG004508,CON,24.5,2017,9,2,02/09/2017,20/06/2016,2016,6,20
157,Nigeria,SE Nigeria,Benue,Katsina- Ala,9.4185,7.2964,ACTLNG000374,NOT-1,ACPONG004540,NP,32.5,2017,9,2,02/09/2017,20/06/2016,2016,6,20
158,Nigeria,SE Nigeria,Benue,Katsina- Ala,9.4185,7.2964,ACTLNG000374,NOT-1,ACPONG004532,NPK_micro,39,2017,9,2,02/09/2017,20/06/2016,2016,6,20
159,Nigeria,SE Nigeria,Benue,Katsina- Ala,9.4194,7.3005,ACTLNG000384,NOT-1,ACPONG004388,PK,37.625,2017,9,2,02/09/2017,20/06/2016,2016,6,20
160,Nigeria,SE Nigeria,Benue,Katsina- Ala,9.4194,7.3005,ACTLNG000384,NOT-1,ACPONG004364,NP,30.25,2017,9,2,02/09/2017,20/06/2016,2016,6,20
161,Nigeria,SE Nigeria,Benue,Katsina- Ala,9.4194,7.3005,ACTLNG000384,NOT-1,ACPONG004380,half_NPK,39,2017,9,2,02/09/2017,20/06/2016,2016,6,20
162,Nigeria,SE Nigeria,Benue,Katsina- Ala,9.4194,7.3005,ACTLNG000384,NOT-1,ACPONG004404,NPK_micro,38,2017,9,2,02/09/2017,20/06/2016,2016,6,20
163,Nigeria,SE Nigeria,Benue,Katsina- Ala,9.4194,7.3005,ACTLNG000384,NOT-1,ACPONG004396,NK,30.25,2017,9,2,02/09/2017,20/06/2016,2016,6,20
164,Nigeria,SE Nigeria,Benue,Katsina- Ala,9.4194,7.3005,ACTLNG000384,NOT-1,ACPONG004412,NPK,39,2017,9,2,02/09/2017,20/06/2016,2016,6,20
165,Nigeria,SE Nigeria,Benue,Katsina- Ala,9.4194,7.3005,ACTLNG000384,NOT-1,ACPONG004420,CON,28.875,2017,9,2,02/09/2017,20/06/2016,2016,6,20
166,Nigeria,SE Nigeria,Benue,Katsina- Ala,9.4194,7.3005,ACTLNG000384,NOT-1,ACPONG004372,NPK,28.625,2017,9,2,02/09/2017,20/06/2016,2016,6,20
167,Nigeria,SE Nigeria,Benue,Katsina- Ala,9.4149,7.2789,ACTLNG000394,NOT-1,ACPONG002529,NP,18.75,2017,9,2,02/09/2017,20/06/2016,2016,6,20
168,Nigeria,SE Nigeria,Benue,Katsina- Ala,9.4149,7.2789,ACTLNG000394,NOT-1,ACPONG002553,CON,17.875,2017,9,2,02/09/2017,20/06/2016,2016,6,20
169,Nigeria,SE Nigeria,Benue,Katsina- Ala,9.4149,7.2789,ACTLNG000394,NOT-1,ACPONG002545,PK,21.125,2017,9,2,02/09/2017,20/06/2016,2016,6,20
170,Nigeria,SE Nigeria,Benue,Katsina- Ala,9.4149,7.2789,ACTLNG000394,NOT-1,ACPONG002521,NPK_micro,24.25,2017,9,2,02/09/2017,20/06/2016,2016,6,20
171,Nigeria,SE Nigeria,Benue,Katsina- Ala,9.4149,7.2789,ACTLNG000394,NOT-1,ACPONG004516,half_NPK,21.25,2017,9,2,02/09/2017,20/06/2016,2016,6,20
172,Nigeria,SE Nigeria,Benue,Katsina- Ala,9.4149,7.2789,ACTLNG000394,NOT-1,ACPONG002537,NK,21.375,2017,9,2,02/09/2017,20/06/2016,2016,6,20
173,Nigeria,SE Nigeria,Benue,Katsina- Ala,9.4149,7.2789,ACTLNG000394,NOT-1,ACPONG002561,NPK,30.9375,2017,9,2,02/09/2017,20/06/2016,2016,6,20
174,Nigeria,SE Nigeria,Benue,Katsina- Ala,9.4149,7.2789,ACTLNG000394,NOT-1,ACPONG002569,NPK,17.875,2017,9,2,02/09/2017,20/06/2016,2016,6,20
175,Nigeria,SE Nigeria,Benue,Katsina- Ala,9.4218,7.2992,ACTLNG000404,NOT-1,ACPONG004356,NPK_micro,50.5,2017,9,2,02/09/2017,20/06/2016,2016,6,20
176,Nigeria,SE Nigeria,Benue,Katsina- Ala,9.4218,7.2992,ACTLNG000404,NOT-1,ACPONG004348,NPK,40.5,2017,9,2,02/09/2017,20/06/2016,2016,6,20
177,Nigeria,SE Nigeria,Benue,Katsina- Ala,9.4218,7.2992,ACTLNG000404,NOT-1,ACPONG004332,NK,39,2017,9,2,02/09/2017,20/06/2016,2016,6,20
178,Nigeria,SE Nigeria,Benue,Katsina- Ala,9.4218,7.2992,ACTLNG000404,NOT-1,ACPONG004284,PK,61.5,2017,9,2,02/09/2017,20/06/2016,2016,6,20
179,Nigeria,SE Nigeria,Benue,Katsina- Ala,9.4218,7.2992,ACTLNG000404,NOT-1,ACPONG004308,NPK,42.625,2017,9,2,02/09/2017,20/06/2016,2016,6,20
180,Nigeria,SE Nigeria,Benue,Katsina- Ala,9.4218,7.2992,ACTLNG000404,NOT-1,ACPONG004300,CON,34.5,2017,9,2,02/09/2017,20/06/2016,2016,6,20
181,Nigeria,SE Nigeria,Benue,Katsina- Ala,9.4218,7.2992,ACTLNG000404,NOT-1,ACPONG004324,NP,43.75,2017,9,2,02/09/2017,20/06/2016,2016,6,20
182,Nigeria,SE Nigeria,Benue,Katsina- Ala,9.4218,7.2992,ACTLNG000404,NOT-1,ACPONG004316,half_NPK,38.875,2017,9,2,02/09/2017,20/06/2016,2016,6,20
183,Nigeria,SE Nigeria,Benue,Katsina- Ala,9.4337,7.2825,ACTLNG000414,NOT-1,ACPONG003613,NPK_micro,35.125,2017,9,3,03/09/2017,20/06/2016,2016,6,20
184,Nigeria,SE Nigeria,Benue,Katsina- Ala,9.4337,7.2825,ACTLNG000414,NOT-1,ACPONG004004,half_NPK,23.875,2017,9,3,03/09/2017,20/06/2016,2016,6,20
185,Nigeria,SE Nigeria,Benue,Katsina- Ala,9.4337,7.2825,ACTLNG000414,NOT-1,ACPONG003597,NPK,26.3125,2017,9,3,03/09/2017,20/06/2016,2016,6,20
186,Nigeria,SE Nigeria,Benue,Katsina- Ala,9.4337,7.2825,ACTLNG000414,NOT-1,ACPONG002577,NPK,32.75,2017,9,3,03/09/2017,20/06/2016,2016,6,20
187,Nigeria,SE Nigeria,Benue,Katsina- Ala,9.4337,7.2825,ACTLNG000414,NOT-1,ACPONG004012,PK,27.1875,2017,9,3,03/09/2017,20/06/2016,2016,6,20
188,Nigeria,SE Nigeria,Benue,Katsina- Ala,9.4337,7.2825,ACTLNG000414,NOT-1,ACPONG004020,NP,24.75,2017,9,3,03/09/2017,20/06/2016,2016,6,20
189,Nigeria,SE Nigeria,Benue,Katsina- Ala,9.4337,7.2825,ACTLNG000414,NOT-1,ACPONG003605,NK,25.75,2017,9,3,03/09/2017,20/06/2016,2016,6,20
190,Nigeria,SE Nigeria,Benue,Katsina- Ala,9.4337,7.2825,ACTLNG000414,NOT-1,ACPONG003621,CON,21.875,2017,9,3,03/09/2017,20/06/2016,2016,6,20
191,Nigeria,SE Nigeria,Benue,Katsina- Ala,9.3641,7.2354,ACTLNG000438,NOT-1,ACPONG004116,NK,26.375,2017,8,31,31/08/2017,20/06/2016,2016,6,20
192,Nigeria,SE Nigeria,Benue,Katsina- Ala,9.3641,7.2354,ACTLNG000438,NOT-1,ACPONG004132,half_NPK,42.5,2017,8,31,31/08/2017,20/06/2016,2016,6,20
193,Nigeria,SE Nigeria,Benue,Katsina- Ala,9.3641,7.2354,ACTLNG000438,NOT-1,ACPONG004100,NPK,30.5,2017,8,31,31/08/2017,20/06/2016,2016,6,20
194,Nigeria,SE Nigeria,Benue,Katsina- Ala,9.3641,7.2354,ACTLNG000438,NOT-1,ACPONG003964,NP,32.6875,2017,8,31,31/08/2017,20/06/2016,2016,6,20
195,Nigeria,SE Nigeria,Benue,Katsina- Ala,9.3641,7.2354,ACTLNG000438,NOT-1,ACPONG003988,PK,26.375,2017,8,31,31/08/2017,20/06/2016,2016,6,20
196,Nigeria,SE Nigeria,Benue,Katsina- Ala,9.3641,7.2354,ACTLNG000438,NOT-1,ACPONG003996,NPK,30.125,2017,8,31,31/08/2017,20/06/2016,2016,6,20
197,Nigeria,SE Nigeria,Benue,Katsina- Ala,9.3641,7.2354,ACTLNG000438,NOT-1,ACPONG004108,CON,30,2017,8,31,31/08/2017,20/06/2016,2016,6,20
198,Nigeria,SE Nigeria,Benue,Katsina- Ala,9.3641,7.2354,ACTLNG000438,NOT-1,ACPONG003956,NPK_micro,43.4375,2017,8,31,31/08/2017,20/06/2016,2016,6,20
199,Nigeria,SE Nigeria,Benue,Okpokwu,7.7777,7.0691,ACTLNG000590,NOT-1,ACPONG004359,CON,30.0625,2017,9,11,11/09/2017,20/06/2016,2016,6,20
200,Nigeria,SE Nigeria,Benue,Okpokwu,7.7777,7.0691,ACTLNG000590,NOT-1,ACPONG004367,NK,46.75,2017,9,11,11/09/2017,20/06/2016,2016,6,20
201,Nigeria,SE Nigeria,Benue,Okpokwu,7.7777,7.0691,ACTLNG000590,NOT-1,ACPONG004375,NPK_micro,48.1875,2017,9,11,11/09/2017,20/06/2016,2016,6,20
202,Nigeria,SE Nigeria,Benue,Okpokwu,7.7777,7.0691,ACTLNG000590,NOT-1,ACPONG004351,NPK,44,2017,9,11,11/09/2017,20/06/2016,2016,6,20
203,Nigeria,SE Nigeria,Benue,Okpokwu,7.7777,7.0691,ACTLNG000590,NOT-1,ACPONG004383,half_NPK,45.375,2017,9,11,11/09/2017,20/06/2016,2016,6,20
204,Nigeria,SE Nigeria,Benue,Okpokwu,7.7777,7.0691,ACTLNG000590,NOT-1,ACPONG004399,PK,33.9375,2017,9,11,11/09/2017,20/06/2016,2016,6,20
205,Nigeria,SE Nigeria,Benue,Okpokwu,7.7777,7.0691,ACTLNG000590,NOT-1,ACPONG004343,NPK,33.8125,2017,9,11,11/09/2017,20/06/2016,2016,6,20
206,Nigeria,SE Nigeria,Benue,Okpokwu,7.7777,7.0691,ACTLNG000590,NOT-1,ACPONG004391,NP,43,2017,9,11,11/09/2017,20/06/2016,2016,6,20
207,Nigeria,SE Nigeria,Edo,Owan East,6.1188,6.8317,ACTLNG000591,NOT-1,ACPONG010095,NK,21.4375,2017,5,11,11/05/2017,20/06/2016,2016,6,20
208,Nigeria,SE Nigeria,Edo,Owan East,6.1188,6.8317,ACTLNG000591,NOT-1,ACPONG010098,half_NPK,42,2017,5,11,11/05/2017,20/06/2016,2016,6,20
209,Nigeria,SE Nigeria,Edo,Owan East,6.1188,6.8317,ACTLNG000591,NOT-1,ACPONG010093,NPK,43.6875,2017,5,11,11/05/2017,20/06/2016,2016,6,20
210,Nigeria,SE Nigeria,Edo,Owan East,6.1188,6.8317,ACTLNG000591,NOT-1,ACPONG010091,CON,31.5625,2017,5,11,11/05/2017,20/06/2016,2016,6,20
211,Nigeria,SE Nigeria,Edo,Owan East,6.1188,6.8317,ACTLNG000591,NOT-1,ACPONG010096,NP,26.0625,2017,5,11,11/05/2017,20/06/2016,2016,6,20
212,Nigeria,SE Nigeria,Edo,Owan East,6.1188,6.8317,ACTLNG000591,NOT-1,ACPONG010094,PK,26.5625,2017,5,11,11/05/2017,20/06/2016,2016,6,20
213,Nigeria,SE Nigeria,Edo,Owan East,6.1188,6.8317,ACTLNG000591,NOT-1,ACPONG010097,NPK_micro,34.6875,2017,5,11,11/05/2017,20/06/2016,2016,6,20
214,Nigeria,SE Nigeria,Delta,Ika South,6.0551,6.2677,ACTLNG000592,NOT-1,ACPONG010141,CON,34.5,2017,5,14,14/05/2017,20/06/2016,2016,6,20
215,Nigeria,SE Nigeria,Delta,Ika South,6.0551,6.2677,ACTLNG000592,NOT-1,ACPONG010148,half_NPK,38.625,2017,5,14,14/05/2017,20/06/2016,2016,6,20
216,Nigeria,SE Nigeria,Delta,Ika South,6.0551,6.2677,ACTLNG000592,NOT-1,ACPONG010143,NPK,43.375,2017,5,14,14/05/2017,20/06/2016,2016,6,20
217,Nigeria,SE Nigeria,Delta,Ika South,6.0551,6.2677,ACTLNG000592,NOT-1,ACPONG010142,NPK,43.21875,2017,5,14,14/05/2017,20/06/2016,2016,6,20
218,Nigeria,SE Nigeria,Delta,Ika South,6.0551,6.2677,ACTLNG000592,NOT-1,ACPONG010147,NPK_micro,47.8125,2017,5,14,14/05/2017,20/06/2016,2016,6,20
219,Nigeria,SE Nigeria,Delta,Ika South,6.0551,6.2677,ACTLNG000592,NOT-1,ACPONG010146,NP,19.3125,2017,5,14,14/05/2017,20/06/2016,2016,6,20
220,Nigeria,SE Nigeria,Delta,Ika South,6.0551,6.2677,ACTLNG000592,NOT-1,ACPONG010145,NK,41.03125,2017,5,14,14/05/2017,20/06/2016,2016,6,20
221,Nigeria,SE Nigeria,Delta,Ika South,6.0551,6.2677,ACTLNG000592,NOT-1,ACPONG010144,PK,29.125,2017,5,14,14/05/2017,20/06/2016,2016,6,20
222,Nigeria,SE Nigeria,Delta,Ika South,6.0527,6.2789,ACTLNG000593,NOT-1,ACPONG010152,NP,18.75,2017,5,13,13/05/2017,20/06/2016,2016,6,20
223,Nigeria,SE Nigeria,Delta,Ika South,6.0527,6.2789,ACTLNG000593,NOT-1,ACPONG010151,NK,18,2017,5,13,13/05/2017,20/06/2016,2016,6,20
224,Nigeria,SE Nigeria,Delta,Ika South,6.0527,6.2789,ACTLNG000593,NOT-1,ACPONG010149,NPK,35.1875,2017,5,13,13/05/2017,20/06/2016,2016,6,20
225,Nigeria,SE Nigeria,Delta,Ika South,6.0527,6.2789,ACTLNG000593,NOT-1,ACPONG010153,NPK_micro,22.84375,2017,5,13,13/05/2017,20/06/2016,2016,6,20
226,Nigeria,SE Nigeria,Delta,Ika South,6.0527,6.2789,ACTLNG000593,NOT-1,ACPONG010154,half_NPK,22.5,2017,5,13,13/05/2017,20/06/2016,2016,6,20
227,Nigeria,SE Nigeria,Delta,Ika South,6.0527,6.2789,ACTLNG000593,NOT-1,ACPONG010150,PK,6.71875,2017,5,13,13/05/2017,20/06/2016,2016,6,20
228,Nigeria,SE Nigeria,Delta,Ika South,6.0527,6.2789,ACTLNG000593,NOT-1,ACPONG010099,CON,5.0625,2017,5,13,13/05/2017,20/06/2016,2016,6,20
229,Nigeria,SE Nigeria,Delta,Ika South,6.0527,6.2789,ACTLNG000593,NOT-1,ACPONG010100,NPK,24.9375,2017,5,13,13/05/2017,20/06/2016,2016,6,20
230,Nigeria,SE Nigeria,Edo,Orhionmwon,6.0518,6.2875,ACTLNG000594,NOT-1,ACPONG010155,NPK,24.0625,2017,5,15,15/05/2017,20/06/2016,2016,6,20
231,Nigeria,SE Nigeria,Edo,Orhionmwon,6.0518,6.2875,ACTLNG000594,NOT-1,ACPONG010159,NPK_micro,33.625,2017,5,15,15/05/2017,20/06/2016,2016,6,20
232,Nigeria,SE Nigeria,Edo,Orhionmwon,6.0518,6.2875,ACTLNG000594,NOT-1,ACPONG010161,CON,29.8125,2017,5,15,15/05/2017,20/06/2016,2016,6,20
233,Nigeria,SE Nigeria,Edo,Orhionmwon,6.0518,6.2875,ACTLNG000594,NOT-1,ACPONG010162,NPK,31.875,2017,5,15,15/05/2017,20/06/2016,2016,6,20
234,Nigeria,SE Nigeria,Edo,Orhionmwon,6.0518,6.2875,ACTLNG000594,NOT-1,ACPONG010157,NK,24.0625,2017,5,15,15/05/2017,20/06/2016,2016,6,20
235,Nigeria,SE Nigeria,Edo,Orhionmwon,6.0518,6.2875,ACTLNG000594,NOT-1,ACPONG010156,PK,27.875,2017,5,15,15/05/2017,20/06/2016,2016,6,20
236,Nigeria,SE Nigeria,Edo,Orhionmwon,6.0518,6.2875,ACTLNG000594,NOT-1,ACPONG010158,NP,5.5,2017,5,15,15/05/2017,20/06/2016,2016,6,20
237,Nigeria,SE Nigeria,Edo,Orhionmwon,6.0518,6.2875,ACTLNG000594,NOT-1,ACPONG010160,half_NPK,33.125,2017,5,15,15/05/2017,20/06/2016,2016,6,20
238,Nigeria,SE Nigeria,Edo,Akoko-Edo,6.066,7.3823,ACTLNG000599,NOT-1,ACPONG014221,CON,28.5625,2017,7,17,17/07/2017,20/06/2016,2016,6,20
239,Nigeria,SE Nigeria,Edo,Akoko-Edo,6.066,7.3823,ACTLNG000599,NOT-1,ACPONG013431,PK,32.0625,2017,7,17,17/07/2017,20/06/2016,2016,6,20
240,Nigeria,SE Nigeria,Edo,Akoko-Edo,6.066,7.3823,ACTLNG000599,NOT-1,ACPONG014212,NPK,42.3125,2017,7,17,17/07/2017,20/06/2016,2016,6,20
241,Nigeria,SE Nigeria,Edo,Akoko-Edo,6.066,7.3823,ACTLNG000599,NOT-1,ACPONG014210,NPK_micro,31.8125,2017,7,17,17/07/2017,20/06/2016,2016,6,20
242,Nigeria,SE Nigeria,Edo,Akoko-Edo,6.066,7.3823,ACTLNG000599,NOT-1,ACPONG014211,NPK,44.1875,2017,7,17,17/07/2017,20/06/2016,2016,6,20
243,Nigeria,SE Nigeria,Edo,Akoko-Edo,6.066,7.3823,ACTLNG000599,NOT-1,ACPONG014208,NK,50.15625,2017,7,17,17/07/2017,20/06/2016,2016,6,20
244,Nigeria,SE Nigeria,Edo,Akoko-Edo,6.066,7.3823,ACTLNG000599,NOT-1,ACPONG014213,half_NPK,43.5,2017,7,17,17/07/2017,20/06/2016,2016,6,20
245,Nigeria,SE Nigeria,Edo,Akoko-Edo,6.066,7.3823,ACTLNG000599,NOT-1,ACPONG014209,NP,35.09375,2017,7,17,17/07/2017,20/06/2016,2016,6,20
246,Nigeria,SE Nigeria,Edo,Akoko-Edo,6.0558,7.3905,ACTLNG000600,NOT-1,ACPONG014215,NPK,60.6875,2017,8,19,19/08/2017,20/06/2016,2016,6,20
247,Nigeria,SE Nigeria,Edo,Akoko-Edo,6.0558,7.3905,ACTLNG000600,NOT-1,ACPONG014218,NK,23.95,2017,8,19,19/08/2017,20/06/2016,2016,6,20
248,Nigeria,SE Nigeria,Edo,Akoko-Edo,6.0558,7.3905,ACTLNG000600,NOT-1,ACPONG014219,NP,22.50625,2017,8,19,19/08/2017,20/06/2016,2016,6,20
249,Nigeria,SE Nigeria,Edo,Akoko-Edo,6.0558,7.3905,ACTLNG000600,NOT-1,ACPONG014310,half_NPK,34.925,2017,8,19,19/08/2017,20/06/2016,2016,6,20
250,Nigeria,SE Nigeria,Edo,Akoko-Edo,6.0558,7.3905,ACTLNG000600,NOT-1,ACPONG014214,CON,25.40625,2017,8,19,19/08/2017,20/06/2016,2016,6,20
251,Nigeria,SE Nigeria,Edo,Akoko-Edo,6.0558,7.3905,ACTLNG000600,NOT-1,ACPONG014216,NPK,28.375,2017,8,19,19/08/2017,20/06/2016,2016,6,20
252,Nigeria,SE Nigeria,Edo,Akoko-Edo,6.0558,7.3905,ACTLNG000600,NOT-1,ACPONG014220,NPK_micro,39.025,2017,8,19,19/08/2017,20/06/2016,2016,6,20
253,Nigeria,SE Nigeria,Benue,Okpokwu,7.9372,7.0101,ACTLNG000601,NOT-1,ACPONG010354,NK,23.8375,2018,10,5,05/10/2018,10/08/2017,2017,8,10
254,Nigeria,SE Nigeria,Benue,Okpokwu,7.9372,7.0101,ACTLNG000601,NOT-1,ACPONG010358,CON,20.4625,2018,10,5,05/10/2018,10/08/2017,2017,8,10
255,Nigeria,SE Nigeria,Benue,Okpokwu,7.9372,7.0101,ACTLNG000601,NOT-1,ACPONG010351,half_NPK,24.96666667,2018,10,5,05/10/2018,10/08/2017,2017,8,10
256,Nigeria,SE Nigeria,Benue,Okpokwu,7.9372,7.0101,ACTLNG000601,NOT-1,ACPONG010357,NPK,34.94583333,2018,10,5,05/10/2018,10/08/2017,2017,8,10
257,Nigeria,SE Nigeria,Benue,Okpokwu,7.9372,7.0101,ACTLNG000601,NOT-1,ACPONG010352,NPK_micro,31.85416667,2018,10,5,05/10/2018,10/08/2017,2017,8,10
258,Nigeria,SE Nigeria,Benue,Okpokwu,7.9372,7.0101,ACTLNG000601,NOT-1,ACPONG010356,NPK,24.38333333,2018,10,5,05/10/2018,10/08/2017,2017,8,10
259,Nigeria,SE Nigeria,Benue,Okpokwu,7.9372,7.0101,ACTLNG000601,NOT-1,ACPONG010353,NP,24.84166667,2018,10,5,05/10/2018,10/08/2017,2017,8,10
260,Nigeria,SE Nigeria,Benue,Okpokwu,7.9372,7.0101,ACTLNG000601,NOT-1,ACPONG010355,PK,24.35,2018,10,5,05/10/2018,10/08/2017,2017,8,10
261,Nigeria,SE Nigeria,Benue,Gwer West,8.2231,7.6119,ACTLNG000603,NOT-1,ACPONG011470,CON,19.88333333,2018,10,5,05/10/2018,22/08/2017,2017,8,22
262,Nigeria,SE Nigeria,Benue,Gwer West,8.2231,7.6119,ACTLNG000603,NOT-1,ACPONG011468,NPK,35.70416667,2018,10,5,05/10/2018,22/08/2017,2017,8,22
263,Nigeria,SE Nigeria,Benue,Gwer West,8.2231,7.6119,ACTLNG000603,NOT-1,ACPONG010505,half_NPK,25.47083333,2018,10,5,05/10/2018,22/08/2017,2017,8,22
264,Nigeria,SE Nigeria,Benue,Gwer West,8.2231,7.6119,ACTLNG000603,NOT-1,ACPONG011463,NP,26.73333333,2018,10,5,05/10/2018,22/08/2017,2017,8,22
265,Nigeria,SE Nigeria,Benue,Gwer West,8.2231,7.6119,ACTLNG000603,NOT-1,ACPONG011465,NPK_micro,37.07083333,2018,10,5,05/10/2018,22/08/2017,2017,8,22
266,Nigeria,SE Nigeria,Benue,Gwer West,8.2231,7.6119,ACTLNG000603,NOT-1,ACPONG011469,NPK,32.32083333,2018,10,5,05/10/2018,22/08/2017,2017,8,22
267,Nigeria,SE Nigeria,Benue,Gwer West,8.2231,7.6119,ACTLNG000603,NOT-1,ACPONG011466,PK,29.5625,2018,10,5,05/10/2018,22/08/2017,2017,8,22
268,Nigeria,SE Nigeria,Benue,Gwer West,8.2231,7.6119,ACTLNG000603,NOT-1,ACPONG010502,NK,28.36666667,2018,10,5,05/10/2018,22/08/2017,2017,8,22
269,Nigeria,SE Nigeria,Benue,Gwer West,8.2233,7.6119,ACTLNG000604,NOT-2,ACPONG011125,NK,25.6375,2018,10,5,05/10/2018,22/08/2017,2017,8,22
270,Nigeria,SE Nigeria,Benue,Gwer West,8.2233,7.6119,ACTLNG000604,NOT-2,ACPONG011127,PK,28.425,2018,10,5,05/10/2018,22/08/2017,2017,8,22
271,Nigeria,SE Nigeria,Benue,Gwer West,8.2233,7.6119,ACTLNG000604,NOT-2,ACPONG011130,CON,19.8375,2018,10,5,05/10/2018,22/08/2017,2017,8,22
272,Nigeria,SE Nigeria,Benue,Gwer West,8.2233,7.6119,ACTLNG000604,NOT-2,ACPONG011124,half_NPK,29.9375,2018,10,5,05/10/2018,22/08/2017,2017,8,22
273,Nigeria,SE Nigeria,Benue,Gwer West,8.2233,7.6119,ACTLNG000604,NOT-2,ACPONG011126,NP,25.475,2018,10,5,05/10/2018,22/08/2017,2017,8,22
274,Nigeria,SE Nigeria,Benue,Gwer West,8.2233,7.6119,ACTLNG000604,NOT-2,ACPONG011129,NPK,31.8875,2018,10,5,05/10/2018,22/08/2017,2017,8,22
275,Nigeria,SE Nigeria,Benue,Gwer West,8.2233,7.6119,ACTLNG000604,NOT-2,ACPONG011462,NPK_micro,33.02916667,2018,10,5,05/10/2018,22/08/2017,2017,8,22
276,Nigeria,SE Nigeria,Benue,Gwer West,8.2233,7.6119,ACTLNG000604,NOT-2,ACPONG011128,NPK,34.04166667,2018,10,5,05/10/2018,22/08/2017,2017,8,22
277,Nigeria,SE Nigeria,Benue,Gwer West,8.2236,7.6121,ACTLNG000605,NOT-1,ACPONG011136,PK,26.9625,2018,10,5,05/10/2018,22/08/2017,2017,8,22
278,Nigeria,SE Nigeria,Benue,Gwer West,8.2236,7.6121,ACTLNG000605,NOT-1,ACPONG011133,half_NPK,22.60416667,2018,10,5,05/10/2018,22/08/2017,2017,8,22
279,Nigeria,SE Nigeria,Benue,Gwer West,8.2236,7.6121,ACTLNG000605,NOT-1,ACPONG011140,CON,17.68333333,2018,10,5,05/10/2018,22/08/2017,2017,8,22
280,Nigeria,SE Nigeria,Benue,Gwer West,8.2236,7.6121,ACTLNG000605,NOT-1,ACPONG011134,NP,22.9125,2018,10,5,05/10/2018,22/08/2017,2017,8,22
281,Nigeria,SE Nigeria,Benue,Gwer West,8.2236,7.6121,ACTLNG000605,NOT-1,ACPONG010503,NPK,35.39583333,2018,10,5,05/10/2018,22/08/2017,2017,8,22
282,Nigeria,SE Nigeria,Benue,Gwer West,8.2236,7.6121,ACTLNG000605,NOT-1,ACPONG011135,NK,24.5625,2018,10,5,05/10/2018,22/08/2017,2017,8,22
283,Nigeria,SE Nigeria,Benue,Gwer West,8.2236,7.6121,ACTLNG000605,NOT-1,ACPONG011137,NPK_micro,32.70833333,2018,10,5,05/10/2018,22/08/2017,2017,8,22
284,Nigeria,SE Nigeria,Benue,Gwer West,8.2236,7.6121,ACTLNG000605,NOT-1,ACPONG011139,NPK,27.425,2018,10,5,05/10/2018,22/08/2017,2017,8,22
285,Nigeria,SE Nigeria,Benue,Okpokwu,7.9235,7.0125,ACTLNG000630,NOT-2,ACPONG011369,NK,24.23333333,2018,9,12,12/09/2018,28/08/2017,2017,8,28
286,Nigeria,SE Nigeria,Benue,Okpokwu,7.9235,7.0125,ACTLNG000630,NOT-2,ACPONG011291,PK,25.46666667,2018,9,12,12/09/2018,28/08/2017,2017,8,28
287,Nigeria,SE Nigeria,Benue,Okpokwu,7.9235,7.0125,ACTLNG000630,NOT-2,ACPONG011293,NPK,25.99166667,2018,9,12,12/09/2018,28/08/2017,2017,8,28
288,Nigeria,SE Nigeria,Benue,Okpokwu,7.9235,7.0125,ACTLNG000630,NOT-2,ACPONG011292,NPK,22.24166667,2018,9,12,12/09/2018,28/08/2017,2017,8,28
289,Nigeria,SE Nigeria,Benue,Okpokwu,7.9235,7.0125,ACTLNG000630,NOT-2,ACPONG011367,half_NPK,21.96666667,2018,9,12,12/09/2018,28/08/2017,2017,8,28
290,Nigeria,SE Nigeria,Benue,Okpokwu,7.9235,7.0125,ACTLNG000630,NOT-2,ACPONG010434,CON,32.57916667,2018,9,12,12/09/2018,28/08/2017,2017,8,28
291,Nigeria,SE Nigeria,Benue,Okpokwu,7.9235,7.0125,ACTLNG000630,NOT-2,ACPONG011364,NP,21.075,2018,9,12,12/09/2018,28/08/2017,2017,8,28
292,Nigeria,SE Nigeria,Benue,Bukuru,9.1956,7.4155,ACTLNG000643,NOT-1,ACPONG014057,NK,26.3625,2018,9,21,21/09/2018,22/08/2017,2017,8,22
293,Nigeria,SE Nigeria,Benue,Bukuru,9.1956,7.4155,ACTLNG000643,NOT-1,ACPONG014055,NP,27.325,2018,9,21,21/09/2018,22/08/2017,2017,8,22
294,Nigeria,SE Nigeria,Benue,Bukuru,9.1956,7.4155,ACTLNG000643,NOT-1,ACPONG014058,NPK,27.62083333,2018,9,21,21/09/2018,22/08/2017,2017,8,22
295,Nigeria,SE Nigeria,Benue,Bukuru,9.1956,7.4155,ACTLNG000643,NOT-1,ACPONG014053,CON,15.95416667,2018,9,21,21/09/2018,22/08/2017,2017,8,22
296,Nigeria,SE Nigeria,Benue,Bukuru,9.1956,7.4155,ACTLNG000643,NOT-1,ACPONG014051,half_NPK,20.4,2018,9,21,21/09/2018,22/08/2017,2017,8,22
297,Nigeria,SE Nigeria,Benue,Bukuru,9.1956,7.4155,ACTLNG000643,NOT-1,ACPONG014052,PK,25.29583333,2018,9,21,21/09/2018,22/08/2017,2017,8,22
298,Nigeria,SE Nigeria,Benue,Bukuru,9.1956,7.4155,ACTLNG000643,NOT-1,ACPONG014054,NPK_micro,25.07083333,2018,9,21,21/09/2018,22/08/2017,2017,8,22
299,Nigeria,SE Nigeria,Benue,Bukuru,9.1939,7.415,ACTLNG000644,NOT-1,ACPONG010103,NK,19.64583333,2018,9,21,21/09/2018,22/07/2017,2017,7,22
300,Nigeria,SE Nigeria,Benue,Bukuru,9.1939,7.415,ACTLNG000644,NOT-1,ACPONG010102,half_NPK,23.29166667,2018,9,21,21/09/2018,22/07/2017,2017,7,22
301,Nigeria,SE Nigeria,Benue,Bukuru,9.1939,7.415,ACTLNG000644,NOT-1,ACPONG010106,PK,23.00833333,2018,9,21,21/09/2018,22/07/2017,2017,7,22
302,Nigeria,SE Nigeria,Benue,Bukuru,9.1939,7.415,ACTLNG000644,NOT-1,ACPONG010109,NPK,29.79166667,2018,9,21,21/09/2018,22/07/2017,2017,7,22
303,Nigeria,SE Nigeria,Benue,Bukuru,9.1939,7.415,ACTLNG000644,NOT-1,ACPONG010105,NPK_micro,20.55,2018,9,21,21/09/2018,22/07/2017,2017,7,22
304,Nigeria,SE Nigeria,Benue,Bukuru,9.1939,7.415,ACTLNG000644,NOT-1,ACPONG010110,CON,8.866666667,2018,9,21,21/09/2018,22/07/2017,2017,7,22
305,Nigeria,SE Nigeria,Benue,Bukuru,9.194,7.415,ACTLNG000644,NOT-1,ACPONG011647,NP,15.98333333,2018,9,21,21/09/2018,22/07/2017,2017,7,22
306,Nigeria,SE Nigeria,Benue,Bukuru,9.1939,7.415,ACTLNG000644,NOT-1,ACPONG010107,NPK,25.72083333,2018,9,21,21/09/2018,22/07/2017,2017,7,22
307,Nigeria,SE Nigeria,Benue,Bukuru,9.1889,7.4237,ACTLNG000645,NOT-2,ACPONG010409,NK,24.79166667,2018,9,21,21/09/2018,24/07/2017,2017,7,24
308,Nigeria,SE Nigeria,Benue,Bukuru,9.1889,7.4237,ACTLNG000645,NOT-2,ACPONG010407,half_NPK,22.775,2018,9,21,21/09/2018,24/07/2017,2017,7,24
309,Nigeria,SE Nigeria,Benue,Bukuru,9.1889,7.4237,ACTLNG000645,NOT-2,ACPONG010401,PK,25.72083333,2018,9,21,21/09/2018,24/07/2017,2017,7,24
310,Nigeria,SE Nigeria,Benue,Bukuru,9.1889,7.4237,ACTLNG000645,NOT-2,ACPONG010404,NPK_micro,26.83333333,2018,9,21,21/09/2018,24/07/2017,2017,7,24
311,Nigeria,SE Nigeria,Benue,Bukuru,9.1889,7.4237,ACTLNG000645,NOT-2,ACPONG010403,NPK,29.3875,2018,9,21,21/09/2018,24/07/2017,2017,7,24
312,Nigeria,SE Nigeria,Benue,Bukuru,9.1889,7.4237,ACTLNG000645,NOT-2,ACPONG010410,NP,27.22916667,2018,9,21,21/09/2018,24/07/2017,2017,7,24
313,Nigeria,SE Nigeria,Benue,Bukuru,9.1889,7.4237,ACTLNG000645,NOT-2,ACPONG011635,CON,17.15,2018,9,21,21/09/2018,24/07/2017,2017,7,24
314,Nigeria,SE Nigeria,Benue,Bukuru,9.1889,7.4237,ACTLNG000645,NOT-2,ACPONG010402,NPK,31.5625,2018,9,21,21/09/2018,24/07/2017,2017,7,24
315,Nigeria,SE Nigeria,Benue,Bukuru,9.1921,7.411,ACTLNG000647,NOT-1,ACPONG014065,half_NPK,28.4375,2018,9,21,21/09/2018,22/07/2017,2017,7,22
316,Nigeria,SE Nigeria,Benue,Bukuru,9.1921,7.411,ACTLNG000647,NOT-1,ACPONG014066,PK,26.8125,2018,9,21,21/09/2018,22/07/2017,2017,7,22
317,Nigeria,SE Nigeria,Benue,Bukuru,9.1921,7.411,ACTLNG000647,NOT-1,ACPONG014061,NP,25.52916667,2018,9,21,21/09/2018,22/07/2017,2017,7,22
318,Nigeria,SE Nigeria,Benue,Bukuru,9.1921,7.411,ACTLNG000647,NOT-1,ACPONG014068,NPK_micro,34.94166667,2018,9,21,21/09/2018,22/07/2017,2017,7,22
319,Nigeria,SE Nigeria,Benue,Bukuru,9.1921,7.411,ACTLNG000647,NOT-1,ACPONG014063,NPK,30.66666667,2018,9,21,21/09/2018,22/07/2017,2017,7,22
320,Nigeria,SE Nigeria,Benue,Bukuru,9.1921,7.411,ACTLNG000647,NOT-1,ACPONG014067,NK,25.68333333,2018,9,21,21/09/2018,22/07/2017,2017,7,22
321,Nigeria,SE Nigeria,Benue,Bukuru,9.1909,7.4102,ACTLNG000649,NOT-1,ACPONG014033,half_NPK,24.02083333,2018,9,21,21/09/2018,22/07/2017,2017,7,22
322,Nigeria,SE Nigeria,Benue,Bukuru,9.1909,7.4102,ACTLNG000649,NOT-1,ACPONG014039,CON,17.675,2018,9,21,21/09/2018,22/07/2017,2017,7,22
323,Nigeria,SE Nigeria,Benue,Bukuru,9.1909,7.4102,ACTLNG000649,NOT-1,ACPONG014040,NPK,34.80416667,2018,9,21,21/09/2018,22/07/2017,2017,7,22
324,Nigeria,SE Nigeria,Benue,Bukuru,9.1909,7.4102,ACTLNG000649,NOT-1,ACPONG014035,NP,29.75416667,2018,9,21,21/09/2018,22/07/2017,2017,7,22
325,Nigeria,SE Nigeria,Benue,Bukuru,9.1909,7.4102,ACTLNG000649,NOT-1,ACPONG014034,PK,31.375,2018,9,21,21/09/2018,22/07/2017,2017,7,22
326,Nigeria,SE Nigeria,Benue,Bukuru,9.1909,7.4102,ACTLNG000649,NOT-1,ACPONG014036,NPK,34.55416667,2018,9,21,21/09/2018,22/07/2017,2017,7,22
327,Nigeria,SE Nigeria,Benue,Bukuru,9.1909,7.4102,ACTLNG000649,NOT-1,ACPONG014037,NK,27.88333333,2018,9,21,21/09/2018,22/07/2017,2017,7,22
328,Nigeria,SE Nigeria,Benue,Bukuru,9.1909,7.4102,ACTLNG000649,NOT-1,ACPONG014038,NPK_micro,40.2,2018,9,21,21/09/2018,22/07/2017,2017,7,22
329,Nigeria,SE Nigeria,Benue,Bukuru,9.1907,7.4099,ACTLNG000650,NOT-2,ACPONG014049,CON,16.17916667,2018,9,21,21/09/2018,22/07/2017,2017,7,22
330,Nigeria,SE Nigeria,Benue,Bukuru,9.1907,7.4099,ACTLNG000650,NOT-2,ACPONG014041,PK,26.45833333,2018,9,21,21/09/2018,22/07/2017,2017,7,22
331,Nigeria,SE Nigeria,Benue,Bukuru,9.1907,7.4099,ACTLNG000650,NOT-2,ACPONG014048,NPK_micro,34.55833333,2018,9,21,21/09/2018,22/07/2017,2017,7,22
332,Nigeria,SE Nigeria,Benue,Bukuru,9.1907,7.4099,ACTLNG000650,NOT-2,ACPONG014032,NP,29.37083333,2018,9,21,21/09/2018,22/07/2017,2017,7,22
333,Nigeria,SE Nigeria,Benue,Bukuru,9.1907,7.4099,ACTLNG000650,NOT-2,ACPONG014046,half_NPK,24.43333333,2018,9,21,21/09/2018,22/07/2017,2017,7,22
334,Nigeria,SE Nigeria,Benue,Bukuru,9.1907,7.4099,ACTLNG000650,NOT-2,ACPONG010677,NPK,31.89583333,2018,9,21,21/09/2018,22/07/2017,2017,7,22
335,Nigeria,SE Nigeria,Benue,Bukuru,9.1907,7.4099,ACTLNG000650,NOT-2,ACPONG014043,NPK,30.96666667,2018,9,21,21/09/2018,22/07/2017,2017,7,22
336,Nigeria,SE Nigeria,Benue,Bukuru,9.1907,7.4099,ACTLNG000650,NOT-2,ACPONG014047,NK,25.95833333,2018,9,21,21/09/2018,22/07/2017,2017,7,22
337,Nigeria,SE Nigeria,Benue,Bukuru,9.1695,7.45,ACTLNG000693,NOT-2,ACPONG014701,NPK,37.01666667,2018,9,22,22/09/2018,19/08/2017,2017,8,19
338,Nigeria,SE Nigeria,Benue,Bukuru,9.1695,7.45,ACTLNG000693,NOT-2,ACPONG010584,NP,22.75416667,2018,9,22,22/09/2018,19/08/2017,2017,8,19
339,Nigeria,SE Nigeria,Benue,Bukuru,9.1695,7.45,ACTLNG000693,NOT-2,ACPONG010582,PK,27.63333333,2018,9,22,22/09/2018,19/08/2017,2017,8,19
340,Nigeria,SE Nigeria,Benue,Bukuru,9.1695,7.45,ACTLNG000693,NOT-2,ACPONG010581,NPK,34.46666667,2018,9,22,22/09/2018,19/08/2017,2017,8,19
341,Nigeria,SE Nigeria,Benue,Bukuru,9.1695,7.45,ACTLNG000693,NOT-2,ACPONG011180,CON,19.47916667,2018,9,22,22/09/2018,19/08/2017,2017,8,19
342,Nigeria,SE Nigeria,Benue,Bukuru,9.1695,7.45,ACTLNG000693,NOT-2,ACPONG010586,half_NPK,26.34166667,2018,9,22,22/09/2018,19/08/2017,2017,8,19
343,Nigeria,SE Nigeria,Benue,Bukuru,9.1695,7.45,ACTLNG000693,NOT-2,ACPONG010585,NPK_micro,33.77083333,2018,9,22,22/09/2018,19/08/2017,2017,8,19
344,Nigeria,SE Nigeria,Benue,Bukuru,9.1695,7.45,ACTLNG000693,NOT-2,ACPONG010583,NK,27.3125,2018,9,22,22/09/2018,19/08/2017,2017,8,19
345,Nigeria,SE Nigeria,Benue,Bukuru,9.1933,7.415,ACTLNG000696,NOT-2,ACPONG014076,NK,8.4375,2018,9,21,21/09/2018,22/07/2017,2017,7,22
346,Nigeria,SE Nigeria,Benue,Bukuru,9.1933,7.415,ACTLNG000696,NOT-2,ACPONG014078,CON,7.416666667,2018,9,21,21/09/2018,22/07/2017,2017,7,22
347,Nigeria,SE Nigeria,Benue,Bukuru,9.1933,7.415,ACTLNG000696,NOT-2,ACPONG014073,PK,22.25833333,2018,9,21,21/09/2018,22/07/2017,2017,7,22
348,Nigeria,SE Nigeria,Benue,Bukuru,9.1933,7.415,ACTLNG000696,NOT-2,ACPONG014075,half_NPK,15.99583333,2018,9,21,21/09/2018,22/07/2017,2017,7,22
349,Nigeria,SE Nigeria,Benue,Bukuru,9.1933,7.415,ACTLNG000696,NOT-2,ACPONG014077,NPK_micro,9.833333333,2018,9,21,21/09/2018,22/07/2017,2017,7,22
350,Nigeria,SE Nigeria,Benue,Bukuru,9.1933,7.415,ACTLNG000696,NOT-2,ACPONG014072,NPK,22.575,2018,9,21,21/09/2018,22/07/2017,2017,7,22
351,Nigeria,SE Nigeria,Benue,Bukuru,9.1933,7.415,ACTLNG000696,NOT-2,ACPONG014071,NP,26.18333333,2018,9,21,21/09/2018,22/07/2017,2017,7,22
352,Nigeria,SE Nigeria,Benue,Bukuru,9.1933,7.4151,ACTLNG000696,NOT-2,ACPONG011513,NPK,26.525,2018,9,21,21/09/2018,22/07/2017,2017,7,22
353,Nigeria,SE Nigeria,Benue,Kwande,9.346,6.8701,ACTLNG000710,NOT-1,ACPONG011277,NP,21.03333333,2018,9,25,25/09/2018,12/08/2017,2017,8,12
354,Nigeria,SE Nigeria,Benue,Kwande,9.346,6.8701,ACTLNG000710,NOT-1,ACPONG011276,PK,17.75,2018,9,25,25/09/2018,12/08/2017,2017,8,12
355,Nigeria,SE Nigeria,Benue,Kwande,9.346,6.8701,ACTLNG000710,NOT-1,ACPONG011275,half_NPK,21.31666667,2018,9,25,25/09/2018,12/08/2017,2017,8,12
356,Nigeria,SE Nigeria,Benue,Kwande,9.346,6.8701,ACTLNG000710,NOT-1,ACPONG011271,NPK,17.5875,2018,9,25,25/09/2018,12/08/2017,2017,8,12
357,Nigeria,SE Nigeria,Benue,Kwande,9.346,6.8701,ACTLNG000710,NOT-1,ACPONG011274,NK,21.26666667,2018,9,25,25/09/2018,12/08/2017,2017,8,12
358,Nigeria,SE Nigeria,Benue,Kwande,9.346,6.8701,ACTLNG000710,NOT-1,ACPONG011272,CON,12.99583333,2018,9,25,25/09/2018,12/08/2017,2017,8,12
359,Nigeria,SE Nigeria,Benue,Kwande,9.346,6.8701,ACTLNG000710,NOT-1,ACPONG011273,NPK_micro,28.1625,2018,9,25,25/09/2018,12/08/2017,2017,8,12
360,Nigeria,SE Nigeria,Benue,Kwande,9.346,6.8701,ACTLNG000710,NOT-1,ACPONG011278,NPK,19.07083333,2018,9,25,25/09/2018,12/08/2017,2017,8,12
361,Nigeria,SE Nigeria,Kagera,Biharamulo,NA,NA,ACTLNG000711,NOT-1,ACPONG011002,NPK,30.62916667,NA,NA,NA,,NA,NA,NA,NA
362,Nigeria,SE Nigeria,Mwanza,Sengerema,NA,NA,ACTLNG000718,NOT-1,ACPONG011645,CON,13.70416667,NA,NA,NA,,NA,NA,NA,NA
363,Nigeria,SE Nigeria,Mwanza,Sengerema,NA,NA,ACTLNG000718,NOT-1,ACPONG011504,PK,16.22083333,NA,NA,NA,,NA,NA,NA,NA
364,Nigeria,SE Nigeria,Benue,Katsina- Ala,9.4216,7.2999,ACTLNG000720,NOT-2,ACPONG011173,NPK,40.54583333,2018,9,24,24/09/2018,10/08/2017,2017,8,10
365,Nigeria,SE Nigeria,Benue,Katsina- Ala,9.4216,7.2999,ACTLNG000720,NOT-2,ACPONG011190,NP,30.96666667,2018,9,24,24/09/2018,10/08/2017,2017,8,10
366,Nigeria,SE Nigeria,Benue,Katsina- Ala,9.4216,7.2999,ACTLNG000720,NOT-2,ACPONG011448,NK,31.93333333,2018,9,24,24/09/2018,10/08/2017,2017,8,10
367,Nigeria,SE Nigeria,Benue,Katsina- Ala,9.4216,7.2999,ACTLNG000720,NOT-2,ACPONG011449,CON,21.875,2018,9,24,24/09/2018,10/08/2017,2017,8,10
368,Nigeria,SE Nigeria,Benue,Katsina- Ala,9.4216,7.2999,ACTLNG000720,NOT-2,ACPONG011444,NPK_micro,38.97083333,2018,9,24,24/09/2018,10/08/2017,2017,8,10
369,Nigeria,SE Nigeria,Benue,Katsina- Ala,9.4216,7.2999,ACTLNG000720,NOT-2,ACPONG011443,NPK,42.25833333,2018,9,24,24/09/2018,10/08/2017,2017,8,10
370,Nigeria,SE Nigeria,Benue,Katsina- Ala,9.4216,7.2999,ACTLNG000720,NOT-2,ACPONG011450,half_NPK,31.53333333,2018,9,24,24/09/2018,10/08/2017,2017,8,10
371,Nigeria,SE Nigeria,Benue,Katsina- Ala,9.4216,7.2999,ACTLNG000720,NOT-2,ACPONG011175,PK,31.38333333,2018,9,24,24/09/2018,10/08/2017,2017,8,10
372,Nigeria,SE Nigeria,Mwanza,Sengerema,NA,NA,ACTLNG000724,NOT-2,ACPONG010501,half_NPK,29.9375,NA,NA,NA,,NA,NA,NA,NA
373,Nigeria,SE Nigeria,Benue,Okpokwu,7.9347,7.0079,ACTLNG000735,NOT-2,ACPONG011639,NPK,33.32083333,2018,10,5,05/10/2018,12/08/2017,2017,8,12
374,Nigeria,SE Nigeria,Benue,Okpokwu,7.9347,7.0079,ACTLNG000735,NOT-2,ACPONG011577,NK,29.00833333,2018,10,5,05/10/2018,12/08/2017,2017,8,12
375,Nigeria,SE Nigeria,Benue,Okpokwu,7.9347,7.0079,ACTLNG000735,NOT-2,ACPONG011580,NPK,35.8,2018,10,5,05/10/2018,12/08/2017,2017,8,12
376,Nigeria,SE Nigeria,Benue,Okpokwu,7.9347,7.0079,ACTLNG000735,NOT-2,ACPONG011576,NPK_micro,34.45,2018,10,5,05/10/2018,12/08/2017,2017,8,12
377,Nigeria,SE Nigeria,Benue,Okpokwu,7.9347,7.0079,ACTLNG000735,NOT-2,ACPONG011579,PK,28.98333333,2018,10,5,05/10/2018,12/08/2017,2017,8,12
378,Nigeria,SE Nigeria,Benue,Okpokwu,7.9347,7.0079,ACTLNG000735,NOT-2,ACPONG011640,CON,23.6,2018,10,5,05/10/2018,12/08/2017,2017,8,12
379,Nigeria,SE Nigeria,Benue,Okpokwu,7.9347,7.0079,ACTLNG000735,NOT-2,ACPONG011575,half_NPK,25.26666667,2018,10,5,05/10/2018,12/08/2017,2017,8,12
380,Nigeria,SE Nigeria,Benue,Okpokwu,7.9347,7.0079,ACTLNG000735,NOT-2,ACPONG011578,NP,25.675,2018,10,5,05/10/2018,12/08/2017,2017,8,12
381,Nigeria,SE Nigeria,Benue,Kwande,9.3468,6.8674,ACTLNG000742,NOT-2,ACPONG011414,NK,20.94583333,2018,9,25,25/09/2018,12/08/2017,2017,8,12
382,Nigeria,SE Nigeria,Benue,Kwande,9.3468,6.8674,ACTLNG000742,NOT-2,ACPONG011282,NP,15.7875,2018,9,25,25/09/2018,12/08/2017,2017,8,12
383,Nigeria,SE Nigeria,Benue,Kwande,9.3468,6.8674,ACTLNG000742,NOT-2,ACPONG012105,half_NPK,27.09166667,2018,9,25,25/09/2018,12/08/2017,2017,8,12
384,Nigeria,SE Nigeria,Benue,Kwande,9.3468,6.8674,ACTLNG000742,NOT-2,ACPONG011420,PK,20.4875,2018,9,25,25/09/2018,12/08/2017,2017,8,12
385,Nigeria,SE Nigeria,Benue,Kwande,9.3468,6.8674,ACTLNG000742,NOT-2,ACPONG011413,NPK_micro,25.0375,2018,9,25,25/09/2018,12/08/2017,2017,8,12
386,Nigeria,SE Nigeria,Benue,Kwande,9.3468,6.8674,ACTLNG000742,NOT-2,ACPONG011281,NPK,30.6625,2018,9,25,25/09/2018,12/08/2017,2017,8,12
387,Nigeria,SE Nigeria,Benue,Kwande,9.3468,6.8674,ACTLNG000742,NOT-2,ACPONG011418,NPK,25.60833333,2018,9,25,25/09/2018,12/08/2017,2017,8,12
388,Nigeria,SE Nigeria,Benue,Kwande,9.3468,6.8674,ACTLNG000742,NOT-2,ACPONG011412,CON,15.79166667,2018,9,25,25/09/2018,12/08/2017,2017,8,12
389,Nigeria,SE Nigeria,Benue,Kwande,9.3406,6.8667,ACTLNG000743,NOT-2,ACPONG011452,NK,35.35833333,2018,9,25,25/09/2018,18/07/2017,2017,7,18
390,Nigeria,SE Nigeria,Benue,Kwande,9.3406,6.8667,ACTLNG000743,NOT-2,ACPONG011456,NPK,37.72916667,2018,9,25,25/09/2018,18/07/2017,2017,7,18
391,Nigeria,SE Nigeria,Benue,Kwande,9.3406,6.8667,ACTLNG000743,NOT-2,ACPONG011460,NP,33.6,2018,9,25,25/09/2018,18/07/2017,2017,7,18
392,Nigeria,SE Nigeria,Benue,Kwande,9.3407,6.8667,ACTLNG000743,NOT-2,ACPONG011625,half_NPK,34.01666667,2018,9,25,25/09/2018,18/07/2017,2017,7,18
393,Nigeria,SE Nigeria,Benue,Kwande,9.3406,6.8667,ACTLNG000743,NOT-2,ACPONG011442,CON,23.1375,2018,9,25,25/09/2018,18/07/2017,2017,7,18
394,Nigeria,SE Nigeria,Benue,Kwande,9.3406,6.8667,ACTLNG000743,NOT-2,ACPONG011165,NPK_micro,41.11666667,2018,9,25,25/09/2018,18/07/2017,2017,7,18
395,Nigeria,SE Nigeria,Benue,Kwande,9.3406,6.8667,ACTLNG000743,NOT-2,ACPONG011458,PK,28.59583333,2018,9,25,25/09/2018,18/07/2017,2017,7,18
396,Nigeria,SE Nigeria,Benue,Kwande,9.3406,6.8667,ACTLNG000743,NOT-2,ACPONG011459,NPK,42.325,2018,9,25,25/09/2018,18/07/2017,2017,7,18
397,Nigeria,SE Nigeria,Benue,Okpokwu,7.935,7.0043,ACTLNG000747,NOT-1,ACPONG010558,PK,26.51666667,2018,10,5,05/10/2018,11/08/2017,2017,8,11
398,Nigeria,SE Nigeria,Benue,Okpokwu,7.935,7.0043,ACTLNG000747,NOT-1,ACPONG010551,NPK_micro,36.10833333,2018,10,5,05/10/2018,11/08/2017,2017,8,11
399,Nigeria,SE Nigeria,Benue,Okpokwu,7.935,7.0043,ACTLNG000747,NOT-1,ACPONG010557,NP,24.1,2018,10,5,05/10/2018,11/08/2017,2017,8,11
400,Nigeria,SE Nigeria,Benue,Okpokwu,7.935,7.0043,ACTLNG000747,NOT-1,ACPONG010553,NPK,33.6,2018,10,5,05/10/2018,11/08/2017,2017,8,11
401,Nigeria,SE Nigeria,Benue,Okpokwu,7.935,7.0043,ACTLNG000747,NOT-1,ACPONG010559,NK,24.87916667,2018,10,5,05/10/2018,11/08/2017,2017,8,11
402,Nigeria,SE Nigeria,Benue,Okpokwu,7.935,7.0043,ACTLNG000747,NOT-1,ACPONG010554,CON,21.50833333,2018,10,5,05/10/2018,11/08/2017,2017,8,11
403,Nigeria,SE Nigeria,Benue,Okpokwu,7.935,7.0043,ACTLNG000747,NOT-1,ACPONG010556,half_NPK,24.22916667,2018,10,5,05/10/2018,11/08/2017,2017,8,11
404,Nigeria,SE Nigeria,Benue,Okpokwu,7.935,7.0043,ACTLNG000747,NOT-1,ACPONG010552,NPK,31.67916667,2018,10,5,05/10/2018,11/08/2017,2017,8,11
405,Nigeria,SE Nigeria,Benue,Okpokwu,7.9235,7.0137,ACTLNG000751,NOT-2,ACPONG011673,NK,15.775,2018,9,12,12/09/2018,28/08/2017,2017,8,28
406,Nigeria,SE Nigeria,Benue,Okpokwu,7.9235,7.0137,ACTLNG000751,NOT-2,ACPONG011674,NPK_micro,24.6875,2018,9,12,12/09/2018,28/08/2017,2017,8,28
407,Nigeria,SE Nigeria,Benue,Okpokwu,7.9235,7.0137,ACTLNG000751,NOT-2,ACPONG010541,half_NPK,22.05416667,2018,9,12,12/09/2018,28/08/2017,2017,8,28
408,Nigeria,SE Nigeria,Benue,Okpokwu,7.9235,7.0137,ACTLNG000751,NOT-2,ACPONG010576,CON,17.225,2018,9,12,12/09/2018,28/08/2017,2017,8,28
409,Nigeria,SE Nigeria,Benue,Okpokwu,7.9235,7.0137,ACTLNG000751,NOT-2,ACPONG011671,NPK,21.47916667,2018,9,12,12/09/2018,28/08/2017,2017,8,28
410,Nigeria,SE Nigeria,Benue,Okpokwu,7.9235,7.0137,ACTLNG000751,NOT-2,ACPONG010575,PK,22.24166667,2018,9,12,12/09/2018,28/08/2017,2017,8,28
411,Nigeria,SE Nigeria,Benue,Okpokwu,7.9235,7.0137,ACTLNG000751,NOT-2,ACPONG011672,NP,19.39166667,2018,9,12,12/09/2018,28/08/2017,2017,8,28
412,Nigeria,SE Nigeria,Benue,Okpokwu,7.9235,7.0133,ACTLNG000752,NOT-1,ACPONG010580,NPK,22.62083333,2018,9,12,12/09/2018,29/08/2017,2017,8,29
413,Nigeria,SE Nigeria,Benue,Okpokwu,7.9235,7.0133,ACTLNG000752,NOT-1,ACPONG011299,NK,21.0125,2018,9,12,12/09/2018,29/08/2017,2017,8,29
414,Nigeria,SE Nigeria,Benue,Okpokwu,7.9235,7.0133,ACTLNG000752,NOT-1,ACPONG011298,NP,20.21666667,2018,9,12,12/09/2018,29/08/2017,2017,8,29
415,Nigeria,SE Nigeria,Benue,Okpokwu,7.9235,7.0133,ACTLNG000752,NOT-1,ACPONG010578,CON,14.79583333,2018,9,12,12/09/2018,29/08/2017,2017,8,29
416,Nigeria,SE Nigeria,Benue,Okpokwu,7.9235,7.0133,ACTLNG000752,NOT-1,ACPONG010579,NPK,22.025,2018,9,12,12/09/2018,29/08/2017,2017,8,29
417,Nigeria,SE Nigeria,Benue,Okpokwu,7.9235,7.0133,ACTLNG000752,NOT-1,ACPONG010550,PK,21.11666667,2018,9,12,12/09/2018,29/08/2017,2017,8,29
418,Nigeria,SE Nigeria,Benue,Okpokwu,7.9235,7.0133,ACTLNG000752,NOT-1,ACPONG010545,half_NPK,19.6875,2018,9,12,12/09/2018,29/08/2017,2017,8,29
419,Nigeria,SE Nigeria,Benue,Kwande,9.3477,6.8737,ACTLNG000757,NOT-1,ACPONG011147,PK,27.46666667,2018,9,25,25/09/2018,18/08/2017,2017,8,18
420,Nigeria,SE Nigeria,Benue,Kwande,9.3477,6.8737,ACTLNG000757,NOT-1,ACPONG011144,NPK_micro,29.79583333,2018,9,25,25/09/2018,18/08/2017,2017,8,18
421,Nigeria,SE Nigeria,Benue,Kwande,9.3477,6.8737,ACTLNG000757,NOT-1,ACPONG011143,CON,21.1375,2018,9,25,25/09/2018,18/08/2017,2017,8,18
422,Nigeria,SE Nigeria,Benue,Kwande,9.3477,6.8737,ACTLNG000757,NOT-1,ACPONG011142,NPK,37.2625,2018,9,25,25/09/2018,18/08/2017,2017,8,18
423,Nigeria,SE Nigeria,Benue,Kwande,9.3477,6.8737,ACTLNG000757,NOT-1,ACPONG011148,NP,23.34166667,2018,9,25,25/09/2018,18/08/2017,2017,8,18
424,Nigeria,SE Nigeria,Benue,Kwande,9.3477,6.8737,ACTLNG000757,NOT-1,ACPONG011145,NK,29.075,2018,9,25,25/09/2018,18/08/2017,2017,8,18
425,Nigeria,SE Nigeria,Benue,Kwande,9.3477,6.8737,ACTLNG000757,NOT-1,ACPONG011149,NPK,30.35,2018,9,25,25/09/2018,18/08/2017,2017,8,18
426,Nigeria,SE Nigeria,Benue,Kwande,9.3477,6.8737,ACTLNG000757,NOT-1,ACPONG011146,half_NPK,30.8375,2018,9,25,25/09/2018,18/08/2017,2017,8,18
427,Nigeria,SE Nigeria,Benue,Okpokwu,7.9418,7.0055,ACTLNG000758,NOT-1,ACPONG010341,half_NPK,26.925,2018,10,4,04/10/2018,10/08/2017,2017,8,10
428,Nigeria,SE Nigeria,Benue,Okpokwu,7.9418,7.0055,ACTLNG000758,NOT-1,ACPONG010346,NP,26.3125,2018,10,4,04/10/2018,10/08/2017,2017,8,10
429,Nigeria,SE Nigeria,Benue,Okpokwu,7.9418,7.0055,ACTLNG000758,NOT-1,ACPONG010343,NPK_micro,40.14166667,2018,10,4,04/10/2018,10/08/2017,2017,8,10
430,Nigeria,SE Nigeria,Benue,Okpokwu,7.9418,7.0055,ACTLNG000758,NOT-1,ACPONG010347,NPK,37.77916667,2018,10,4,04/10/2018,10/08/2017,2017,8,10
431,Nigeria,SE Nigeria,Benue,Okpokwu,7.9418,7.0055,ACTLNG000758,NOT-1,ACPONG010342,NPK,34.5625,2018,10,4,04/10/2018,10/08/2017,2017,8,10
432,Nigeria,SE Nigeria,Benue,Okpokwu,7.9418,7.0055,ACTLNG000758,NOT-1,ACPONG010345,NK,29.29166667,2018,10,4,04/10/2018,10/08/2017,2017,8,10
433,Nigeria,SE Nigeria,Benue,Okpokwu,7.9418,7.0055,ACTLNG000758,NOT-1,ACPONG010344,PK,27.30833333,2018,10,4,04/10/2018,10/08/2017,2017,8,10
434,Nigeria,SE Nigeria,Benue,Okpokwu,7.9418,7.0055,ACTLNG000758,NOT-1,ACPONG010348,CON,22.54166667,2018,10,4,04/10/2018,10/08/2017,2017,8,10
435,Nigeria,SE Nigeria,Benue,Okpokwu,7.8286,7.0346,ACTLNG000759,NOT-1,ACPONG011384,PK,17.66666667,2018,9,12,12/09/2018,30/08/2017,2017,8,30
436,Nigeria,SE Nigeria,Benue,Okpokwu,7.8286,7.0346,ACTLNG000759,NOT-1,ACPONG011382,NPK,19.28333333,2018,9,12,12/09/2018,30/08/2017,2017,8,30
437,Nigeria,SE Nigeria,Benue,Okpokwu,7.8286,7.0346,ACTLNG000759,NOT-1,ACPONG011388,NPK_micro,23.11666667,2018,9,12,12/09/2018,30/08/2017,2017,8,30
438,Nigeria,SE Nigeria,Benue,Okpokwu,7.8286,7.0346,ACTLNG000759,NOT-1,ACPONG011387,half_NPK,21.16666667,2018,9,12,12/09/2018,30/08/2017,2017,8,30
439,Nigeria,SE Nigeria,Benue,Okpokwu,7.8286,7.0346,ACTLNG000759,NOT-1,ACPONG011383,NPK,20.53333333,2018,9,12,12/09/2018,30/08/2017,2017,8,30
440,Nigeria,SE Nigeria,Benue,Okpokwu,7.8286,7.0346,ACTLNG000759,NOT-1,ACPONG011385,NK,17.85416667,2018,9,12,12/09/2018,30/08/2017,2017,8,30
441,Nigeria,SE Nigeria,Benue,Okpokwu,7.8286,7.0346,ACTLNG000759,NOT-1,ACPONG011386,NP,19.7,2018,9,12,12/09/2018,30/08/2017,2017,8,30
442,Nigeria,SE Nigeria,Benue,Okpokwu,7.8286,7.0346,ACTLNG000759,NOT-1,ACPONG011381,CON,20.81666667,2018,9,12,12/09/2018,30/08/2017,2017,8,30
443,Nigeria,SE Nigeria,Cross River,Ogoja,8.8158,6.5791,ACTLNG000771,NOT-1,ACPONG014815,NPK_micro,34.58333333,2018,8,29,29/08/2018,19/06/2017,2017,6,19
444,Nigeria,SE Nigeria,Cross River,Ogoja,8.8158,6.5791,ACTLNG000771,NOT-1,ACPONG014819,NPK,33.75,2018,8,29,29/08/2018,19/06/2017,2017,6,19
445,Nigeria,SE Nigeria,Cross River,Ogoja,8.8158,6.5791,ACTLNG000771,NOT-1,ACPONG014490,CON,23.75,2018,8,29,29/08/2018,19/06/2017,2017,6,19
446,Nigeria,SE Nigeria,Cross River,Ogoja,8.8158,6.5791,ACTLNG000771,NOT-1,ACPONG014813,NK,38.75,2018,8,29,29/08/2018,19/06/2017,2017,6,19
447,Nigeria,SE Nigeria,Cross River,Ogoja,8.8158,6.5791,ACTLNG000771,NOT-1,ACPONG014816,half_NPK,29.58333333,2018,8,29,29/08/2018,19/06/2017,2017,6,19
448,Nigeria,SE Nigeria,Cross River,Ogoja,8.8158,6.5791,ACTLNG000771,NOT-1,ACPONG014818,PK,28.33333333,2018,8,29,29/08/2018,19/06/2017,2017,6,19
449,Nigeria,SE Nigeria,Cross River,Ogoja,8.8158,6.5791,ACTLNG000771,NOT-1,ACPONG014814,NP,39.16666667,2018,8,29,29/08/2018,19/06/2017,2017,6,19
450,Nigeria,SE Nigeria,Cross River,Ogoja,8.7959,6.585,ACTLNG000772,NOT-2,ACPONG011718,PK,19.58333333,2018,8,29,29/08/2018,19/06/2017,2017,6,19
451,Nigeria,SE Nigeria,Cross River,Ogoja,8.7959,6.585,ACTLNG000772,NOT-2,ACPONG011714,half_NPK,26.25,2018,8,29,29/08/2018,19/06/2017,2017,6,19
452,Nigeria,SE Nigeria,Cross River,Ogoja,8.7961,6.5846,ACTLNG000773,NOT-2,ACPONG014849,PK,17.08333333,2018,8,29,29/08/2018,20/06/2017,2017,6,20
453,Nigeria,SE Nigeria,Cross River,Ogoja,8.7961,6.5846,ACTLNG000773,NOT-2,ACPONG014830,NK,35,2018,8,29,29/08/2018,20/06/2017,2017,6,20
454,Nigeria,SE Nigeria,Cross River,Ogoja,8.7961,6.5846,ACTLNG000773,NOT-2,ACPONG014859,CON,18.33333333,2018,8,29,29/08/2018,20/06/2017,2017,6,20
455,Nigeria,SE Nigeria,Cross River,Ogoja,8.7961,6.5846,ACTLNG000773,NOT-2,ACPONG014829,NP,32.91666667,2018,8,29,29/08/2018,20/06/2017,2017,6,20
456,Nigeria,SE Nigeria,Cross River,Ogoja,8.7961,6.5846,ACTLNG000773,NOT-2,ACPONG014850,NPK,28.75,2018,8,29,29/08/2018,20/06/2017,2017,6,20
457,Nigeria,SE Nigeria,Cross River,Ogoja,8.7961,6.5846,ACTLNG000773,NOT-2,ACPONG011972,half_NPK,21.25,2018,8,29,29/08/2018,20/06/2017,2017,6,20
458,Nigeria,SE Nigeria,Cross River,Ogoja,8.7961,6.5846,ACTLNG000773,NOT-2,ACPONG014860,NPK,24.16666667,2018,8,29,29/08/2018,20/06/2017,2017,6,20
459,Nigeria,SE Nigeria,Cross River,Ogoja,8.7961,6.5846,ACTLNG000773,NOT-2,ACPONG011971,NPK_micro,19.58333333,2018,8,29,29/08/2018,20/06/2017,2017,6,20
460,Nigeria,SE Nigeria,Cross River,Ogoja,8.7957,6.5851,ACTLNG000774,NOT-2,ACPONG011977,NPK,34.58333333,2018,8,29,29/08/2018,19/06/2017,2017,6,19
461,Nigeria,SE Nigeria,Cross River,Ogoja,8.7957,6.5851,ACTLNG000774,NOT-2,ACPONG011979,PK,27.08333333,2018,8,29,29/08/2018,19/06/2017,2017,6,19
462,Nigeria,SE Nigeria,Cross River,Ogoja,8.7957,6.5851,ACTLNG000774,NOT-2,ACPONG014521,half_NPK,27.91666667,2018,8,29,29/08/2018,19/06/2017,2017,6,19
463,Nigeria,SE Nigeria,Cross River,Ogoja,8.7957,6.5851,ACTLNG000774,NOT-2,ACPONG011978,NPK,37.5,2018,8,29,29/08/2018,19/06/2017,2017,6,19
464,Nigeria,SE Nigeria,Cross River,Ogoja,8.7957,6.5851,ACTLNG000774,NOT-2,ACPONG014523,NP,37.08333333,2018,8,29,29/08/2018,19/06/2017,2017,6,19
465,Nigeria,SE Nigeria,Cross River,Ogoja,8.7957,6.5851,ACTLNG000774,NOT-2,ACPONG014524,NPK_micro,34.58333333,2018,8,29,29/08/2018,19/06/2017,2017,6,19
466,Nigeria,SE Nigeria,Cross River,Ogoja,8.7971,6.593,ACTLNG000779,NOT-1,ACPONG002493,CON,16.5125,2017,5,24,24/05/2017,20/06/2016,2016,6,20
467,Nigeria,SE Nigeria,Cross River,Ogoja,8.7971,6.593,ACTLNG000779,NOT-1,ACPONG002477,half_NPK,21.375,2017,5,24,24/05/2017,20/06/2016,2016,6,20
468,Nigeria,SE Nigeria,Cross River,Ogoja,8.7971,6.593,ACTLNG000779,NOT-1,ACPONG002333,PK,27.6875,2017,5,24,24/05/2017,20/06/2016,2016,6,20
469,Nigeria,SE Nigeria,Cross River,Ogoja,8.7971,6.593,ACTLNG000779,NOT-1,ACPONG002461,NP,28.375,2017,5,24,24/05/2017,20/06/2016,2016,6,20
470,Nigeria,SE Nigeria,Cross River,Ogoja,8.7971,6.593,ACTLNG000779,NOT-1,ACPONG000088,NPK,28.375,2017,5,24,24/05/2017,20/06/2016,2016,6,20
471,Nigeria,SE Nigeria,Cross River,Ogoja,8.7971,6.593,ACTLNG000779,NOT-1,ACPONG002325,NPK,18,2017,5,24,24/05/2017,20/06/2016,2016,6,20
472,Nigeria,SE Nigeria,Cross River,Ikom,8.6524,6.1435,ACTLNG000782,NOT-2,ACPONG013001,NPK,47.45,2018,9,6,06/09/2018,29/07/2017,2017,7,29
473,Nigeria,SE Nigeria,Cross River,Ikom,8.6524,6.1435,ACTLNG000782,NOT-2,ACPONG011710,NP,17.6,2018,9,6,06/09/2018,29/07/2017,2017,7,29
474,Nigeria,SE Nigeria,Cross River,Ikom,8.6524,6.1435,ACTLNG000782,NOT-2,ACPONG012412,half_NPK,30.3875,2018,9,6,06/09/2018,29/07/2017,2017,7,29
475,Nigeria,SE Nigeria,Cross River,Ikom,8.6524,6.1435,ACTLNG000782,NOT-2,ACPONG013002,CON,33.13333333,2018,9,6,06/09/2018,29/07/2017,2017,7,29
476,Nigeria,SE Nigeria,Cross River,Ikom,8.6524,6.1435,ACTLNG000782,NOT-2,ACPONG012404,NPK,34.65,2018,9,6,06/09/2018,29/07/2017,2017,7,29
477,Nigeria,SE Nigeria,Cross River,Ikom,8.6524,6.1435,ACTLNG000782,NOT-2,ACPONG012403,PK,46.625,2018,9,6,06/09/2018,29/07/2017,2017,7,29
478,Nigeria,SE Nigeria,Cross River,Ikom,8.6524,6.1435,ACTLNG000782,NOT-2,ACPONG011709,NK,42.9,2018,9,6,06/09/2018,29/07/2017,2017,7,29
479,Nigeria,SE Nigeria,Cross River,Ikom,8.6523,6.1438,ACTLNG000783,NOT-2,ACPONG013009,NP,9.729166667,2018,9,6,06/09/2018,29/07/2017,2017,7,29
480,Nigeria,SE Nigeria,Cross River,Ikom,8.6523,6.1438,ACTLNG000783,NOT-2,ACPONG013008,NPK_micro,15.44166667,2018,9,6,06/09/2018,29/07/2017,2017,7,29
481,Nigeria,SE Nigeria,Cross River,Ikom,8.6523,6.1438,ACTLNG000783,NOT-2,ACPONG012396,NPK,11.75416667,2018,9,6,06/09/2018,29/07/2017,2017,7,29
482,Nigeria,SE Nigeria,Cross River,Ikom,8.6523,6.1438,ACTLNG000783,NOT-2,ACPONG013007,half_NPK,9.0375,2018,9,6,06/09/2018,29/07/2017,2017,7,29
483,Nigeria,SE Nigeria,Cross River,Ikom,8.6523,6.1438,ACTLNG000783,NOT-2,ACPONG013080,PK,14.17916667,2018,9,6,06/09/2018,29/07/2017,2017,7,29
484,Nigeria,SE Nigeria,Cross River,Ikom,8.6523,6.1438,ACTLNG000783,NOT-2,ACPONG013010,NK,14.06666667,2018,9,6,06/09/2018,29/07/2017,2017,7,29
485,Nigeria,SE Nigeria,Cross River,Ikom,8.6523,6.1438,ACTLNG000783,NOT-2,ACPONG013079,NPK,10.84583333,2018,9,6,06/09/2018,29/07/2017,2017,7,29
486,Nigeria,SE Nigeria,Cross River,Ikom,8.6523,6.1438,ACTLNG000783,NOT-2,ACPONG013077,CON,12.03333333,2018,9,6,06/09/2018,29/07/2017,2017,7,29
487,Nigeria,SE Nigeria,Cross River,Ikom,8.6746,5.9462,ACTLNG000787,NOT-1,ACPONG011780,CON,17.4125,2018,9,7,07/09/2018,31/07/2017,2017,7,31
488,Nigeria,SE Nigeria,Cross River,Ikom,8.6746,5.9462,ACTLNG000787,NOT-1,ACPONG011984,NK,17.14166667,2018,9,7,07/09/2018,31/07/2017,2017,7,31
489,Nigeria,SE Nigeria,Cross River,Ikom,8.6746,5.9462,ACTLNG000787,NOT-1,ACPONG011985,PK,18.36666667,2018,9,7,07/09/2018,31/07/2017,2017,7,31
490,Nigeria,SE Nigeria,Cross River,Ikom,8.6746,5.9462,ACTLNG000787,NOT-1,ACPONG011981,half_NPK,16.8625,2018,9,7,07/09/2018,31/07/2017,2017,7,31
491,Nigeria,SE Nigeria,Cross River,Ikom,8.6746,5.9462,ACTLNG000787,NOT-1,ACPONG012395,NPK,33.8,2018,9,7,07/09/2018,31/07/2017,2017,7,31
492,Nigeria,SE Nigeria,Cross River,Ikom,8.6746,5.9462,ACTLNG000787,NOT-1,ACPONG011887,NPK,44.64166667,2018,9,7,07/09/2018,31/07/2017,2017,7,31
493,Nigeria,SE Nigeria,Cross River,Ikom,8.652,6.1437,ACTLNG000789,NOT-2,ACPONG011830,CON,22.14166667,2018,9,6,06/09/2018,29/07/2017,2017,7,29
494,Nigeria,SE Nigeria,Cross River,Ikom,8.652,6.1437,ACTLNG000789,NOT-2,ACPONG012608,PK,16.74583333,2018,9,6,06/09/2018,29/07/2017,2017,7,29
495,Nigeria,SE Nigeria,Cross River,Ikom,8.652,6.1437,ACTLNG000789,NOT-2,ACPONG011823,half_NPK,25.7125,2018,9,6,06/09/2018,29/07/2017,2017,7,29
496,Nigeria,SE Nigeria,Cross River,Ikom,8.652,6.1437,ACTLNG000789,NOT-2,ACPONG011829,NPK,32.50416667,2018,9,6,06/09/2018,29/07/2017,2017,7,29
497,Nigeria,SE Nigeria,Cross River,Ikom,8.652,6.1437,ACTLNG000789,NOT-2,ACPONG012391,NP,41.17083333,2018,9,6,06/09/2018,29/07/2017,2017,7,29
498,Nigeria,SE Nigeria,Cross River,Ikom,8.652,6.1437,ACTLNG000789,NOT-2,ACPONG011828,NPK,36.7,2018,9,6,06/09/2018,29/07/2017,2017,7,29
499,Nigeria,SE Nigeria,Cross River,Ikom,8.652,6.1437,ACTLNG000789,NOT-2,ACPONG011826,NK,40.50833333,2018,9,6,06/09/2018,29/07/2017,2017,7,29
500,Nigeria,SE Nigeria,Cross River,Ikom,8.6521,6.1436,ACTLNG000790,NOT-2,ACPONG013058,NPK_micro,48.7,2018,9,6,06/09/2018,29/07/2017,2017,7,29
501,Nigeria,SE Nigeria,Cross River,Ikom,8.6521,6.1436,ACTLNG000790,NOT-2,ACPONG011995,NPK,40.225,2018,9,6,06/09/2018,29/07/2017,2017,7,29
502,Nigeria,SE Nigeria,Cross River,Ikom,8.6521,6.1436,ACTLNG000790,NOT-2,ACPONG011994,NPK,19.325,2018,9,6,06/09/2018,29/07/2017,2017,7,29
503,Nigeria,SE Nigeria,Cross River,Ikom,8.6521,6.1436,ACTLNG000790,NOT-2,ACPONG013057,half_NPK,48.9,2018,9,6,06/09/2018,29/07/2017,2017,7,29
504,Nigeria,SE Nigeria,Cross River,Ikom,8.6521,6.1437,ACTLNG000790,NOT-2,ACPONG034876,NK,42.6,2018,9,6,06/09/2018,29/07/2017,2017,7,29
505,Nigeria,SE Nigeria,Cross River,Ikom,8.6521,6.1436,ACTLNG000790,NOT-2,ACPONG011996,CON,22.95,2018,9,6,06/09/2018,29/07/2017,2017,7,29
506,Nigeria,SE Nigeria,Cross River,Ikom,8.6521,6.1436,ACTLNG000790,NOT-2,ACPONG011993,PK,40.975,2018,9,6,06/09/2018,29/07/2017,2017,7,29
507,Nigeria,SE Nigeria,Cross River,Ikom,8.6521,6.1437,ACTLNG000790,NOT-2,ACPONG034882,NP,33.75,2018,9,6,06/09/2018,29/07/2017,2017,7,29
508,Nigeria,SE Nigeria,Cross River,Ogoja,8.8183,6.5741,ACTLNG000792,NOT-2,ACPONG014868,NPK,39.16666667,2018,8,29,29/08/2018,16/06/2017,2017,6,16
509,Nigeria,SE Nigeria,Cross River,Ogoja,8.8183,6.5741,ACTLNG000792,NOT-2,ACPONG014833,half_NPK,37.5,2018,8,29,29/08/2018,16/06/2017,2017,6,16
510,Nigeria,SE Nigeria,Cross River,Ogoja,8.8183,6.5741,ACTLNG000792,NOT-2,ACPONG014832,NPK_micro,40.83333333,2018,8,29,29/08/2018,16/06/2017,2017,6,16
511,Nigeria,SE Nigeria,Cross River,Ogoja,8.8183,6.5741,ACTLNG000792,NOT-2,ACPONG013116,NK,27.08333333,2018,8,29,29/08/2018,16/06/2017,2017,6,16
512,Nigeria,SE Nigeria,Cross River,Ogoja,8.8183,6.5741,ACTLNG000792,NOT-2,ACPONG013131,PK,25,2018,8,29,29/08/2018,16/06/2017,2017,6,16
513,Nigeria,SE Nigeria,Cross River,Ogoja,8.8183,6.5742,ACTLNG000793,NOT-2,ACPONG014483,NP,38.33333333,2018,8,29,29/08/2018,17/06/2017,2017,6,17
514,Nigeria,SE Nigeria,Cross River,Ogoja,8.8183,6.5742,ACTLNG000793,NOT-2,ACPONG014481,NK,43.33333333,2018,8,29,29/08/2018,17/06/2017,2017,6,17
515,Nigeria,SE Nigeria,Cross River,Ogoja,8.8183,6.5742,ACTLNG000793,NOT-2,ACPONG014811,NPK,37.08333333,2018,8,29,29/08/2018,17/06/2017,2017,6,17
516,Nigeria,SE Nigeria,Cross River,Ogoja,8.8183,6.5742,ACTLNG000793,NOT-2,ACPONG014839,CON,28.75,2018,8,29,29/08/2018,17/06/2017,2017,6,17
517,Nigeria,SE Nigeria,Cross River,Ogoja,8.8183,6.5742,ACTLNG000793,NOT-2,ACPONG013117,PK,30,2018,8,29,29/08/2018,17/06/2017,2017,6,17
518,Nigeria,SE Nigeria,Cross River,Ogoja,8.8183,6.5742,ACTLNG000793,NOT-2,ACPONG014812,NPK_micro,47.08333333,2018,8,29,29/08/2018,17/06/2017,2017,6,17
519,Nigeria,SE Nigeria,Cross River,Ogoja,8.8183,6.5742,ACTLNG000793,NOT-2,ACPONG014840,NPK,40.41666667,2018,8,29,29/08/2018,17/06/2017,2017,6,17
520,Nigeria,SE Nigeria,Cross River,Ogoja,8.7998,6.5779,ACTLNG000794,NOT-1,ACPONG003551,NK,39.56875,2018,8,29,29/08/2018,23/06/2017,2017,6,23
521,Nigeria,SE Nigeria,Cross River,Ogoja,8.7998,6.5779,ACTLNG000794,NOT-1,ACPONG003559,PK,25.0875,2018,8,29,29/08/2018,23/06/2017,2017,6,23
522,Nigeria,SE Nigeria,Cross River,Ogoja,8.7998,6.5779,ACTLNG000794,NOT-1,ACPONG013123,PK,29.58333333,2018,8,29,29/08/2018,23/06/2017,2017,6,23
523,Nigeria,SE Nigeria,Cross River,Ogoja,8.7998,6.5779,ACTLNG000794,NOT-1,ACPONG003535,half_NPK,24.00625,2018,8,29,29/08/2018,23/06/2017,2017,6,23
524,Nigeria,SE Nigeria,Cross River,Ogoja,8.7998,6.5779,ACTLNG000794,NOT-1,ACPONG003575,CON,17.15625,2018,8,29,29/08/2018,23/06/2017,2017,6,23
525,Nigeria,SE Nigeria,Cross River,Ogoja,8.7998,6.5779,ACTLNG000794,NOT-1,ACPONG003567,NPK,29.225,2018,8,29,29/08/2018,23/06/2017,2017,6,23
526,Nigeria,SE Nigeria,Cross River,Ogoja,8.7998,6.5779,ACTLNG000794,NOT-1,ACPONG003543,NP,11.05625,2018,8,29,29/08/2018,23/06/2017,2017,6,23
527,Nigeria,SE Nigeria,Cross River,Ogoja,8.7998,6.5779,ACTLNG000794,NOT-1,ACPONG013124,half_NPK,33.75,2018,8,29,29/08/2018,23/06/2017,2017,6,23
528,Nigeria,SE Nigeria,Cross River,Ogoja,8.7998,6.5779,ACTLNG000794,NOT-1,ACPONG003583,NPK,25.225,2018,8,29,29/08/2018,23/06/2017,2017,6,23
529,Nigeria,SE Nigeria,Cross River,Ogoja,8.7909,6.589,ACTLNG000796,NOT-2,ACPONG012148,half_NPK,13.33333333,2018,8,28,28/08/2018,25/07/2017,2017,7,25
530,Nigeria,SE Nigeria,Cross River,Ogoja,8.7909,6.589,ACTLNG000796,NOT-2,ACPONG012142,NPK,10.41666667,2018,8,28,28/08/2018,25/07/2017,2017,7,25
531,Nigeria,SE Nigeria,Cross River,Ogoja,8.7909,6.589,ACTLNG000796,NOT-2,ACPONG012145,NK,14.58333333,2018,8,28,28/08/2018,25/07/2017,2017,7,25
532,Nigeria,SE Nigeria,Cross River,Ogoja,8.7909,6.589,ACTLNG000796,NOT-2,ACPONG034735,NP,21.66666667,2018,8,28,28/08/2018,25/07/2017,2017,7,25
533,Nigeria,SE Nigeria,Cross River,Ogoja,8.7909,6.589,ACTLNG000796,NOT-2,ACPONG012146,PK,26.66666667,2018,8,28,28/08/2018,25/07/2017,2017,7,25
534,Nigeria,SE Nigeria,Cross River,Ogoja,8.7909,6.589,ACTLNG000796,NOT-2,ACPONG012143,NPK,17.5,2018,8,28,28/08/2018,25/07/2017,2017,7,25
535,Nigeria,SE Nigeria,Cross River,Ogoja,8.82,6.578,ACTLNG000797,NOT-1,ACPONG013136,NPK,38.33333333,2018,8,29,29/08/2018,30/06/2017,2017,6,30
536,Nigeria,SE Nigeria,Cross River,Ogoja,8.82,6.578,ACTLNG000797,NOT-1,ACPONG013133,NK,42.91666667,2018,8,29,29/08/2018,30/06/2017,2017,6,30
537,Nigeria,SE Nigeria,Cross River,Ogoja,8.82,6.578,ACTLNG000797,NOT-1,ACPONG013137,NPK,38.75,2018,8,29,29/08/2018,30/06/2017,2017,6,30
538,Nigeria,SE Nigeria,Cross River,Ogoja,8.82,6.578,ACTLNG000797,NOT-1,ACPONG013140,half_NPK,31.66666667,2018,8,29,29/08/2018,30/06/2017,2017,6,30
539,Nigeria,SE Nigeria,Cross River,Ogoja,8.82,6.578,ACTLNG000797,NOT-1,ACPONG013135,NPK_micro,36.25,2018,8,29,29/08/2018,30/06/2017,2017,6,30
540,Nigeria,SE Nigeria,Cross River,Ogoja,8.82,6.578,ACTLNG000797,NOT-1,ACPONG013134,NP,35,2018,8,29,29/08/2018,30/06/2017,2017,6,30
541,Nigeria,SE Nigeria,Cross River,Ogoja,8.82,6.578,ACTLNG000797,NOT-1,ACPONG013138,CON,28.75,2018,8,29,29/08/2018,30/06/2017,2017,6,30
542,Nigeria,SE Nigeria,Cross River,Ogoja,8.82,6.578,ACTLNG000797,NOT-1,ACPONG013132,PK,24.16666667,2018,8,29,29/08/2018,30/06/2017,2017,6,30
543,Nigeria,SE Nigeria,Cross River,Ogoja,8.7962,6.5862,ACTLNG000799,NOT-1,ACPONG013111,PK,38.33333333,2018,8,29,29/08/2018,22/06/2017,2017,6,22
544,Nigeria,SE Nigeria,Cross River,Ogoja,8.7962,6.5862,ACTLNG000799,NOT-1,ACPONG013130,NPK,36.25,2018,8,29,29/08/2018,22/06/2017,2017,6,22
545,Nigeria,SE Nigeria,Cross River,Ogoja,8.7962,6.5862,ACTLNG000799,NOT-1,ACPONG013128,CON,20,2018,8,29,29/08/2018,22/06/2017,2017,6,22
546,Nigeria,SE Nigeria,Cross River,Ogoja,8.7962,6.5862,ACTLNG000799,NOT-1,ACPONG013129,NPK,34.16666667,2018,8,29,29/08/2018,22/06/2017,2017,6,22
547,Nigeria,SE Nigeria,Cross River,Ogoja,8.7962,6.5862,ACTLNG000799,NOT-1,ACPONG013112,NK,41.25,2018,8,29,29/08/2018,22/06/2017,2017,6,22
548,Nigeria,SE Nigeria,Cross River,Ogoja,8.7962,6.5862,ACTLNG000799,NOT-1,ACPONG013113,NP,39.58333333,2018,8,29,29/08/2018,22/06/2017,2017,6,22
549,Nigeria,SE Nigeria,Cross River,Ogoja,8.7962,6.5862,ACTLNG000799,NOT-1,ACPONG013114,NPK_micro,50.41666667,2018,8,29,29/08/2018,22/06/2017,2017,6,22
550,Nigeria,SE Nigeria,Cross River,Ogoja,8.7962,6.5862,ACTLNG000799,NOT-1,ACPONG013115,half_NPK,42.91666667,2018,8,29,29/08/2018,22/06/2017,2017,6,22
551,Nigeria,SE Nigeria,Cross River,Ogoja,8.8017,6.5926,ACTLNG000800,NOT-1,ACPONG014855,NK,47.5,2018,8,29,29/08/2018,15/06/2017,2017,6,15
552,Nigeria,SE Nigeria,Cross River,Ogoja,8.8017,6.5926,ACTLNG000800,NOT-1,ACPONG014851,CON,27.08333333,2018,8,29,29/08/2018,15/06/2017,2017,6,15
553,Nigeria,SE Nigeria,Cross River,Ogoja,8.8017,6.5926,ACTLNG000800,NOT-1,ACPONG014858,NPK,36.25,2018,8,29,29/08/2018,15/06/2017,2017,6,15
554,Nigeria,SE Nigeria,Cross River,Ogoja,8.8017,6.5926,ACTLNG000800,NOT-1,ACPONG014853,NPK_micro,45,2018,8,29,29/08/2018,15/06/2017,2017,6,15
555,Nigeria,SE Nigeria,Cross River,Ogoja,8.7962,6.5844,ACTLNG000802,NOT-2,ACPONG014530,NPK,30,2018,8,29,29/08/2018,21/06/2017,2017,6,21
556,Nigeria,SE Nigeria,Cross River,Ogoja,8.7962,6.5844,ACTLNG000802,NOT-2,ACPONG014478,NP,27.91666667,2018,8,29,29/08/2018,21/06/2017,2017,6,21
557,Nigeria,SE Nigeria,Cross River,Ogoja,8.7962,6.5844,ACTLNG000802,NOT-2,ACPONG014480,NPK,22.08333333,2018,8,29,29/08/2018,21/06/2017,2017,6,21
558,Nigeria,SE Nigeria,Cross River,Ogoja,8.7962,6.5844,ACTLNG000802,NOT-2,ACPONG014529,CON,19.16666667,2018,8,29,29/08/2018,21/06/2017,2017,6,21
559,Nigeria,SE Nigeria,Cross River,Ogoja,8.7962,6.5844,ACTLNG000802,NOT-2,ACPONG014477,NPK_micro,18.33333333,2018,8,29,29/08/2018,21/06/2017,2017,6,21
560,Nigeria,SE Nigeria,Cross River,Ogoja,8.7962,6.5844,ACTLNG000802,NOT-2,ACPONG014472,NK,32.91666667,2018,8,29,29/08/2018,21/06/2017,2017,6,21
561,Nigeria,SE Nigeria,Cross River,Ogoja,8.7962,6.5844,ACTLNG000802,NOT-2,ACPONG014471,PK,15.83333333,2018,8,29,29/08/2018,21/06/2017,2017,6,21
562,Nigeria,SE Nigeria,Cross River,Ogoja,8.7962,6.5844,ACTLNG000802,NOT-2,ACPONG014473,half_NPK,22.91666667,2018,8,29,29/08/2018,21/06/2017,2017,6,21
563,Nigeria,SE Nigeria,Cross River,Ogoja,8.799,6.6151,ACTLNG000805,NOT-2,ACPONG014103,NPK,40,2018,8,29,29/08/2018,18/07/2017,2017,7,18
564,Nigeria,SE Nigeria,Cross River,Ogoja,8.799,6.6151,ACTLNG000805,NOT-2,ACPONG014106,NP,39.16666667,2018,8,29,29/08/2018,18/07/2017,2017,7,18
565,Nigeria,SE Nigeria,Cross River,Ogoja,8.799,6.6151,ACTLNG000805,NOT-2,ACPONG014238,half_NPK,33.33333333,2018,8,29,29/08/2018,18/07/2017,2017,7,18
566,Nigeria,SE Nigeria,Cross River,Ogoja,8.799,6.6151,ACTLNG000805,NOT-2,ACPONG014104,PK,26.25,2018,8,29,29/08/2018,18/07/2017,2017,7,18
567,Nigeria,SE Nigeria,Cross River,Ogoja,8.799,6.6151,ACTLNG000805,NOT-2,ACPONG014102,NPK,35,2018,8,29,29/08/2018,18/07/2017,2017,7,18
568,Nigeria,SE Nigeria,Cross River,Ogoja,8.799,6.6151,ACTLNG000805,NOT-2,ACPONG014105,NK,45.83333333,2018,8,29,29/08/2018,18/07/2017,2017,7,18
569,Nigeria,SE Nigeria,Cross River,Ogoja,8.799,6.6151,ACTLNG000805,NOT-2,ACPONG014107,NPK_micro,37.91666667,2018,8,29,29/08/2018,18/07/2017,2017,7,18
570,Nigeria,SE Nigeria,Cross River,Ogoja,8.799,6.6151,ACTLNG000805,NOT-2,ACPONG014101,CON,28.33333333,2018,8,29,29/08/2018,18/07/2017,2017,7,18
571,Nigeria,SE Nigeria,Cross River,Ogoja,8.7911,6.5887,ACTLNG000806,NOT-2,ACPONG034733,half_NPK,14.58333333,2018,8,28,28/08/2018,25/07/2017,2017,7,25
572,Nigeria,SE Nigeria,Cross River,Ogoja,8.7911,6.5887,ACTLNG000806,NOT-2,ACPONG034734,NK,18.75,2018,8,28,28/08/2018,25/07/2017,2017,7,25
573,Nigeria,SE Nigeria,Cross River,Ogoja,8.7911,6.5887,ACTLNG000806,NOT-2,ACPONG012121,CON,21.25,2018,8,28,28/08/2018,25/07/2017,2017,7,25
574,Nigeria,SE Nigeria,Cross River,Ogoja,8.7911,6.5887,ACTLNG000806,NOT-2,ACPONG010729,PK,15.83333333,2018,8,28,28/08/2018,25/07/2017,2017,7,25
575,Nigeria,SE Nigeria,Cross River,Ogoja,8.7911,6.5887,ACTLNG000806,NOT-2,ACPONG010730,NPK_micro,16.66666667,2018,8,28,28/08/2018,25/07/2017,2017,7,25
576,Nigeria,SE Nigeria,Cross River,Ogoja,8.8192,6.5787,ACTLNG000807,NOT-1,ACPONG003375,NK,25.1,2017,9,9,09/09/2017,20/06/2016,2016,6,20
577,Nigeria,SE Nigeria,Cross River,Ogoja,8.8192,6.5787,ACTLNG000807,NOT-1,ACPONG003367,PK,30.83125,2017,9,9,09/09/2017,20/06/2016,2016,6,20
578,Nigeria,SE Nigeria,Cross River,Ogoja,8.8192,6.5787,ACTLNG000807,NOT-1,ACPONG003343,CON,25.59375,2017,9,9,09/09/2017,20/06/2016,2016,6,20
579,Nigeria,SE Nigeria,Cross River,Ogoja,8.8192,6.5787,ACTLNG000807,NOT-1,ACPONG003399,half_NPK,30.16875,2017,9,9,09/09/2017,20/06/2016,2016,6,20
580,Nigeria,SE Nigeria,Cross River,Ogoja,8.8192,6.5787,ACTLNG000807,NOT-1,ACPONG003359,NPK,25.30625,2017,9,9,09/09/2017,20/06/2016,2016,6,20
581,Nigeria,SE Nigeria,Cross River,Ogoja,8.8192,6.5787,ACTLNG000807,NOT-1,ACPONG003383,NP,28.94375,2017,9,9,09/09/2017,20/06/2016,2016,6,20
582,Nigeria,SE Nigeria,Cross River,Ogoja,8.8192,6.5787,ACTLNG000807,NOT-1,ACPONG003351,NPK,38.28125,2017,9,9,09/09/2017,20/06/2016,2016,6,20
583,Nigeria,SE Nigeria,Cross River,Ogoja,8.8174,6.5788,ACTLNG000808,NOT-1,ACPONG003287,NK,23.5,2017,9,9,09/09/2017,20/06/2016,2016,6,20
584,Nigeria,SE Nigeria,Cross River,Ogoja,8.8174,6.5788,ACTLNG000808,NOT-1,ACPONG003247,PK,9.26875,2017,9,9,09/09/2017,20/06/2016,2016,6,20
585,Nigeria,SE Nigeria,Cross River,Ogoja,8.8174,6.5788,ACTLNG000808,NOT-1,ACPONG003319,NPK,22.95625,2017,9,9,09/09/2017,20/06/2016,2016,6,20
586,Nigeria,SE Nigeria,Cross River,Ogoja,8.8174,6.5788,ACTLNG000808,NOT-1,ACPONG003239,NP,29.85625,2017,9,9,09/09/2017,20/06/2016,2016,6,20
587,Nigeria,SE Nigeria,Cross River,Ogoja,8.8174,6.5788,ACTLNG000808,NOT-1,ACPONG003311,CON,21.85,2017,9,9,09/09/2017,20/06/2016,2016,6,20
588,Nigeria,SE Nigeria,Cross River,Ogoja,8.8174,6.5788,ACTLNG000808,NOT-1,ACPONG003327,NPK,33.775,2017,9,9,09/09/2017,20/06/2016,2016,6,20
589,Nigeria,SE Nigeria,Cross River,Ogoja,8.8174,6.5788,ACTLNG000808,NOT-1,ACPONG003303,half_NPK,30.3125,2017,9,9,09/09/2017,20/06/2016,2016,6,20
590,Nigeria,SE Nigeria,Cross River,Ogoja,8.7979,6.5817,ACTLNG000810,NOT-1,ACPONG014460,NK,33.925,2017,9,11,11/09/2017,20/06/2016,2016,6,20
591,Nigeria,SE Nigeria,Cross River,Ogoja,8.7979,6.5817,ACTLNG000810,NOT-1,ACPONG003295,NPK,25.06875,2017,9,11,11/09/2017,20/06/2016,2016,6,20
592,Nigeria,SE Nigeria,Cross River,Ogoja,8.7979,6.5817,ACTLNG000810,NOT-1,ACPONG003335,NPK,33.0875,2017,9,11,11/09/2017,20/06/2016,2016,6,20
593,Nigeria,SE Nigeria,Cross River,Ogoja,8.7979,6.5817,ACTLNG000810,NOT-1,ACPONG012158,PK,23.73125,2017,9,11,11/09/2017,20/06/2016,2016,6,20
594,Nigeria,SE Nigeria,Cross River,Ogoja,8.7979,6.5817,ACTLNG000810,NOT-1,ACPONG012156,NPK_micro,30.15625,2017,9,11,11/09/2017,20/06/2016,2016,6,20
595,Nigeria,SE Nigeria,Cross River,Ogoja,8.7979,6.5817,ACTLNG000810,NOT-1,ACPONG012157,NP,36.1625,2017,9,11,11/09/2017,20/06/2016,2016,6,20
596,Nigeria,SE Nigeria,Cross River,Ogoja,8.7979,6.5817,ACTLNG000810,NOT-1,ACPONG012155,half_NPK,32.625,2017,9,11,11/09/2017,20/06/2016,2016,6,20
597,Nigeria,SE Nigeria,Cross River,Ogoja,8.7979,6.5817,ACTLNG000810,NOT-1,ACPONG003279,CON,20.59375,2017,9,11,11/09/2017,20/06/2016,2016,6,20
598,Nigeria,SE Nigeria,Cross River,Ogoja,8.7986,6.6146,ACTLNG000925,NOT-2,ACPONG010725,half_NPK,37.91666667,2018,8,29,29/08/2018,18/07/2017,2017,7,18
599,Nigeria,SE Nigeria,Cross River,Ogoja,8.7986,6.6146,ACTLNG000925,NOT-2,ACPONG014236,NP,37.91666667,2018,8,29,29/08/2018,18/07/2017,2017,7,18
600,Nigeria,SE Nigeria,Cross River,Ogoja,8.7986,6.6146,ACTLNG000925,NOT-2,ACPONG014463,NPK,40.83333333,2018,8,29,29/08/2018,18/07/2017,2017,7,18
601,Nigeria,SE Nigeria,Cross River,Ogoja,8.7986,6.6146,ACTLNG000925,NOT-2,ACPONG014237,NPK_micro,46.66666667,2018,8,29,29/08/2018,18/07/2017,2017,7,18
602,Nigeria,SE Nigeria,Cross River,Ogoja,8.7986,6.6146,ACTLNG000925,NOT-2,ACPONG014461,CON,28.33333333,2018,8,29,29/08/2018,18/07/2017,2017,7,18
603,Nigeria,SE Nigeria,Cross River,Ogoja,8.7986,6.6146,ACTLNG000925,NOT-2,ACPONG014235,NK,45.41666667,2018,8,29,29/08/2018,18/07/2017,2017,7,18
604,Nigeria,SE Nigeria,Cross River,Ogoja,8.7986,6.6146,ACTLNG000925,NOT-2,ACPONG014462,NPK,42.91666667,2018,8,29,29/08/2018,18/07/2017,2017,7,18
605,Nigeria,SE Nigeria,Cross River,Ogoja,8.7986,6.6146,ACTLNG000925,NOT-2,ACPONG014464,PK,27.91666667,2018,8,29,29/08/2018,18/07/2017,2017,7,18
606,Nigeria,SE Nigeria,Cross River,Ogoja,8.7988,6.6149,ACTLNG000926,NOT-2,ACPONG012557,PK,30.83333333,2018,8,29,29/08/2018,18/07/2017,2017,7,18
607,Nigeria,SE Nigeria,Cross River,Ogoja,8.7988,6.6149,ACTLNG000926,NOT-2,ACPONG014468,half_NPK,34.16666667,2018,8,29,29/08/2018,18/07/2017,2017,7,18
608,Nigeria,SE Nigeria,Cross River,Ogoja,8.7988,6.6149,ACTLNG000926,NOT-2,ACPONG014465,NK,44.58333333,2018,8,29,29/08/2018,18/07/2017,2017,7,18
609,Nigeria,SE Nigeria,Cross River,Ogoja,8.7988,6.6149,ACTLNG000926,NOT-2,ACPONG014467,NPK_micro,44.16666667,2018,8,29,29/08/2018,18/07/2017,2017,7,18
610,Nigeria,SE Nigeria,Cross River,Ogoja,8.7988,6.6149,ACTLNG000926,NOT-2,ACPONG014232,NPK,37.08333333,2018,8,29,29/08/2018,18/07/2017,2017,7,18
611,Nigeria,SE Nigeria,Cross River,Ogoja,8.7988,6.6149,ACTLNG000926,NOT-2,ACPONG014231,CON,27.91666667,2018,8,29,29/08/2018,18/07/2017,2017,7,18
612,Nigeria,SE Nigeria,Cross River,Ogoja,8.7988,6.6149,ACTLNG000926,NOT-2,ACPONG014466,NP,38.75,2018,8,29,29/08/2018,18/07/2017,2017,7,18
613,Nigeria,SE Nigeria,Cross River,Ogoja,8.7988,6.6149,ACTLNG000926,NOT-2,ACPONG014233,NPK,41.25,2018,8,29,29/08/2018,18/07/2017,2017,7,18
614,Nigeria,SE Nigeria,Cross River,Ogoja,8.7991,6.6153,ACTLNG000927,NOT-2,ACPONG013119,NPK,45,2018,8,29,29/08/2018,18/07/2017,2017,7,18
615,Nigeria,SE Nigeria,Cross River,Ogoja,8.7991,6.6153,ACTLNG000927,NOT-2,ACPONG014248,NK,42.5,2018,8,29,29/08/2018,18/07/2017,2017,7,18
616,Nigeria,SE Nigeria,Cross River,Ogoja,8.7991,6.6153,ACTLNG000927,NOT-2,ACPONG013139,CON,26.25,2018,8,29,29/08/2018,18/07/2017,2017,7,18
617,Nigeria,SE Nigeria,Cross River,Ogoja,8.7991,6.6153,ACTLNG000927,NOT-2,ACPONG014250,NPK_micro,45.41666667,2018,8,29,29/08/2018,18/07/2017,2017,7,18
618,Nigeria,SE Nigeria,Cross River,Ogoja,8.7991,6.6153,ACTLNG000927,NOT-2,ACPONG013120,PK,29.58333333,2018,8,29,29/08/2018,18/07/2017,2017,7,18
619,Nigeria,SE Nigeria,Cross River,Ogoja,8.7991,6.6153,ACTLNG000927,NOT-2,ACPONG013118,NPK,41.25,2018,8,29,29/08/2018,18/07/2017,2017,7,18
620,Nigeria,SE Nigeria,Cross River,Ogoja,8.7991,6.6153,ACTLNG000927,NOT-2,ACPONG014249,NP,39.16666667,2018,8,29,29/08/2018,18/07/2017,2017,7,18
621,Nigeria,SE Nigeria,Cross River,Ogoja,8.7991,6.6153,ACTLNG000927,NOT-2,ACPONG014108,half_NPK,37.91666667,2018,8,29,29/08/2018,18/07/2017,2017,7,18
622,Nigeria,SE Nigeria,Cross River,Ogoja,8.7909,6.5893,ACTLNG000930,NOT-2,ACPONG012138,half_NPK,12.08333333,2018,8,28,28/08/2018,18/07/2017,2017,7,18
623,Nigeria,SE Nigeria,Cross River,Ogoja,8.7909,6.5893,ACTLNG000930,NOT-2,ACPONG012131,CON,11.66666667,2018,8,28,28/08/2018,18/07/2017,2017,7,18
624,Nigeria,SE Nigeria,Cross River,Ogoja,8.7909,6.5893,ACTLNG000930,NOT-2,ACPONG012134,PK,12.91666667,2018,8,28,28/08/2018,18/07/2017,2017,7,18
625,Nigeria,SE Nigeria,Cross River,Ogoja,8.7909,6.5893,ACTLNG000930,NOT-2,ACPONG012132,NPK,27.08333333,2018,8,28,28/08/2018,18/07/2017,2017,7,18
626,Nigeria,SE Nigeria,Cross River,Ogoja,8.7909,6.5893,ACTLNG000930,NOT-2,ACPONG012135,NK,19.16666667,2018,8,28,28/08/2018,18/07/2017,2017,7,18
627,Nigeria,SE Nigeria,Cross River,Ogoja,8.7909,6.5893,ACTLNG000930,NOT-2,ACPONG012133,NPK,15.83333333,2018,8,28,28/08/2018,18/07/2017,2017,7,18
628,Nigeria,SE Nigeria,Cross River,Ogoja,8.7909,6.5893,ACTLNG000930,NOT-2,ACPONG012136,NP,19.58333333,2018,8,28,28/08/2018,18/07/2017,2017,7,18
629,Nigeria,SE Nigeria,Cross River,Ogoja,8.7959,6.5849,ACTLNG000935,NOT-1,ACPONG011874,NPK,38.75,2018,8,29,29/08/2018,18/07/2017,2017,7,18
630,Nigeria,SE Nigeria,Cross River,Ogoja,8.7959,6.5849,ACTLNG000935,NOT-1,ACPONG011879,NPK_micro,40.83333333,2018,8,29,29/08/2018,18/07/2017,2017,7,18
631,Nigeria,SE Nigeria,Cross River,Ogoja,8.7959,6.5849,ACTLNG000935,NOT-1,ACPONG011880,half_NPK,38.75,2018,8,29,29/08/2018,18/07/2017,2017,7,18
632,Nigeria,SE Nigeria,Cross River,Ogoja,8.7959,6.5849,ACTLNG000935,NOT-1,ACPONG011873,NPK,37.08333333,2018,8,29,29/08/2018,18/07/2017,2017,7,18
633,Nigeria,SE Nigeria,Cross River,Ogoja,8.7959,6.5849,ACTLNG000935,NOT-1,ACPONG011878,NP,37.5,2018,8,29,29/08/2018,18/07/2017,2017,7,18
634,Nigeria,SE Nigeria,Cross River,Ogoja,8.7959,6.5849,ACTLNG000935,NOT-1,ACPONG011876,PK,25,2018,8,29,29/08/2018,18/07/2017,2017,7,18
635,Nigeria,SE Nigeria,Cross River,Ogoja,8.7947,6.6008,ACTLNG000941,NOT-1,ACPONG011748,CON,56.66666667,NA,NA,NA,,NA,NA,NA,NA
636,Nigeria,SE Nigeria,Cross River,Ogoja,8.7947,6.6008,ACTLNG000941,NOT-1,ACPONG011743,half_NPK,43.75,NA,NA,NA,,NA,NA,NA,NA
637,Nigeria,SE Nigeria,Cross River,Ogoja,8.7947,6.6008,ACTLNG000941,NOT-1,ACPONG011746,NK,53.75,NA,NA,NA,,NA,NA,NA,NA
638,Nigeria,SE Nigeria,Cross River,Ogoja,8.7947,6.6008,ACTLNG000941,NOT-1,ACPONG011747,PK,43.75,NA,NA,NA,,NA,NA,NA,NA
639,Nigeria,SE Nigeria,Cross River,Ogoja,8.7947,6.6008,ACTLNG000941,NOT-1,ACPONG011745,NP,56.25,NA,NA,NA,,NA,NA,NA,NA
640,Nigeria,SE Nigeria,Cross River,Ogoja,8.7947,6.6008,ACTLNG000941,NOT-1,ACPONG011750,NPK,59.16666667,NA,NA,NA,,NA,NA,NA,NA
641,Nigeria,SE Nigeria,Cross River,Ogoja,8.7947,6.6008,ACTLNG000941,NOT-1,ACPONG011744,NPK_micro,65.83333333,NA,NA,NA,,NA,NA,NA,NA
642,Nigeria,SE Nigeria,Cross River,Ogoja,8.7951,6.5996,ACTLNG000942,NOT-2,ACPONG000005,CON,40.41666667,NA,NA,NA,,NA,NA,NA,NA
643,Nigeria,SE Nigeria,Cross River,Ogoja,8.7951,6.5996,ACTLNG000942,NOT-2,ACPONG011738,half_NPK,57.08333333,NA,NA,NA,,NA,NA,NA,NA
644,Nigeria,SE Nigeria,Cross River,Ogoja,8.7951,6.5996,ACTLNG000942,NOT-2,ACPONG011742,NK,42.91666667,NA,NA,NA,,NA,NA,NA,NA
645,Nigeria,SE Nigeria,Cross River,Ogoja,8.7951,6.5996,ACTLNG000942,NOT-2,ACPONG011740,NP,60.83333333,NA,NA,NA,,NA,NA,NA,NA
646,Nigeria,SE Nigeria,Cross River,Ogoja,8.7951,6.5996,ACTLNG000942,NOT-2,ACPONG000013,NPK,50.83333333,NA,NA,NA,,NA,NA,NA,NA
647,Nigeria,SE Nigeria,Cross River,Ogoja,8.7951,6.5996,ACTLNG000942,NOT-2,ACPONG000087,NPK,65,NA,NA,NA,,NA,NA,NA,NA
648,Nigeria,SE Nigeria,Cross River,Ogoja,8.7951,6.5996,ACTLNG000942,NOT-2,ACPONG011739,NPK_micro,70.41666667,NA,NA,NA,,NA,NA,NA,NA
649,Nigeria,SE Nigeria,Cross River,Ogoja,8.7951,6.5996,ACTLNG000942,NOT-2,ACPONG034761,PK,46.25,NA,NA,NA,,NA,NA,NA,NA
650,Nigeria,SE Nigeria,Cross River,Yala,8.7244,6.6788,ACTLNG000946,NOT-1,ACPONG014425,NP,37.08333333,2018,8,30,30/08/2018,21/06/2017,2017,6,21
651,Nigeria,SE Nigeria,Cross River,Yala,8.7244,6.6788,ACTLNG000946,NOT-1,ACPONG014544,half_NPK,28.75,2018,8,30,30/08/2018,21/06/2017,2017,6,21
652,Nigeria,SE Nigeria,Cross River,Yala,8.7168,6.6762,ACTLNG000947,NOT-2,ACPONG014140,NP,33.02916667,2018,8,30,30/08/2018,10/07/2017,2017,7,10
653,Nigeria,SE Nigeria,Cross River,Yala,8.7168,6.6762,ACTLNG000947,NOT-2,ACPONG014392,CON,16.54583333,2018,8,30,30/08/2018,10/07/2017,2017,7,10
654,Nigeria,SE Nigeria,Cross River,Yala,8.7168,6.6762,ACTLNG000947,NOT-2,ACPONG014132,NK,26.7,2018,8,30,30/08/2018,10/07/2017,2017,7,10
655,Nigeria,SE Nigeria,Cross River,Yala,8.7168,6.6762,ACTLNG000947,NOT-2,ACPONG014131,NPK,30.25416667,2018,8,30,30/08/2018,10/07/2017,2017,7,10
656,Nigeria,SE Nigeria,Cross River,Yala,8.7168,6.6762,ACTLNG000947,NOT-2,ACPONG014133,NPK_micro,36.40833333,2018,8,30,30/08/2018,10/07/2017,2017,7,10
657,Nigeria,SE Nigeria,Cross River,Yala,8.7168,6.6762,ACTLNG000947,NOT-2,ACPONG014138,PK,20.4375,2018,8,30,30/08/2018,10/07/2017,2017,7,10
658,Nigeria,SE Nigeria,Cross River,Yala,8.7168,6.6762,ACTLNG000947,NOT-2,ACPONG014139,NPK,30.49583333,2018,8,30,30/08/2018,10/07/2017,2017,7,10
659,Nigeria,SE Nigeria,Cross River,Yala,8.7168,6.6762,ACTLNG000947,NOT-2,ACPONG014136,half_NPK,25.49166667,2018,8,30,30/08/2018,10/07/2017,2017,7,10
660,Nigeria,SE Nigeria,Benue,Kwande,NA,NA,ACTLNG000975,NOT-1,ACPONG011624,CON,12.99583333,NA,NA,NA,,NA,NA,NA,NA
661,Nigeria,SE Nigeria,Benue,Kwande,NA,NA,ACTLNG000975,NOT-1,ACPONG011628,NPK_micro,28.1625,NA,NA,NA,,NA,NA,NA,NA
662,Nigeria,SE Nigeria,Benue,Kwande,9.369,6.8841,ACTLNG000981,NOT-1,ACPONG011255,PK,17.24166667,2018,9,25,25/09/2018,11/08/2017,2017,8,11
663,Nigeria,SE Nigeria,Benue,Kwande,9.369,6.8841,ACTLNG000981,NOT-1,ACPONG011254,half_NPK,20.22916667,2018,9,25,25/09/2018,11/08/2017,2017,8,11
664,Nigeria,SE Nigeria,Benue,Kwande,9.369,6.8841,ACTLNG000981,NOT-1,ACPONG011251,CON,22.05,2018,9,25,25/09/2018,11/08/2017,2017,8,11
665,Nigeria,SE Nigeria,Benue,Kwande,9.369,6.8841,ACTLNG000981,NOT-1,ACPONG011256,NP,19.50833333,2018,9,25,25/09/2018,11/08/2017,2017,8,11
666,Nigeria,SE Nigeria,Benue,Kwande,9.369,6.8841,ACTLNG000981,NOT-1,ACPONG011231,NPK,21.97083333,2018,9,25,25/09/2018,11/08/2017,2017,8,11
667,Nigeria,SE Nigeria,Benue,Kwande,9.369,6.8841,ACTLNG000981,NOT-1,ACPONG011253,NK,14.925,2018,9,25,25/09/2018,11/08/2017,2017,8,11
668,Nigeria,SE Nigeria,Benue,Kwande,9.369,6.8841,ACTLNG000981,NOT-1,ACPONG011257,NPK,19.80833333,2018,9,25,25/09/2018,11/08/2017,2017,8,11
669,Nigeria,SE Nigeria,Benue,Katsina- Ala,9.4216,7.3,ACTLNG000996,NOT-1,ACPONG011407,half_NPK,35.625,2018,9,24,24/09/2018,10/08/2017,2017,8,10
670,Nigeria,SE Nigeria,Benue,Katsina- Ala,9.4216,7.3,ACTLNG000996,NOT-1,ACPONG011404,CON,21.8125,2018,9,24,24/09/2018,10/08/2017,2017,8,10
671,Nigeria,SE Nigeria,Benue,Katsina- Ala,9.4216,7.3,ACTLNG000996,NOT-1,ACPONG011619,PK,30.50833333,2018,9,24,24/09/2018,10/08/2017,2017,8,10
672,Nigeria,SE Nigeria,Benue,Katsina- Ala,9.4216,7.3,ACTLNG000996,NOT-1,ACPONG011620,NPK,37.75833333,2018,9,24,24/09/2018,10/08/2017,2017,8,10
673,Nigeria,SE Nigeria,Benue,Katsina- Ala,9.4216,7.3,ACTLNG000996,NOT-1,ACPONG011403,NPK,32.47083333,2018,9,24,24/09/2018,10/08/2017,2017,8,10
674,Nigeria,SE Nigeria,Benue,Katsina- Ala,9.4216,7.3,ACTLNG000996,NOT-1,ACPONG011409,NP,30.26666667,2018,9,24,24/09/2018,10/08/2017,2017,8,10
675,Nigeria,SE Nigeria,Benue,Katsina- Ala,9.4216,7.3,ACTLNG000996,NOT-1,ACPONG011406,NK,34.67916667,2018,9,24,24/09/2018,10/08/2017,2017,8,10
676,Nigeria,SE Nigeria,Benue,Katsina- Ala,9.4216,7.3,ACTLNG000996,NOT-1,ACPONG011405,NPK_micro,37.34583333,2018,9,24,24/09/2018,10/08/2017,2017,8,10
677,Nigeria,SE Nigeria,Benue,Kwande,9.3689,6.8839,ACTLNG000997,NOT-1,ACPONG011269,NPK,29.44166667,2018,9,24,24/09/2018,11/08/2017,2017,8,11
678,Nigeria,SE Nigeria,Benue,Kwande,9.3689,6.8839,ACTLNG000997,NOT-1,ACPONG011261,half_NPK,31.93333333,2018,9,24,24/09/2018,11/08/2017,2017,8,11
679,Nigeria,SE Nigeria,Benue,Kwande,9.3689,6.8839,ACTLNG000997,NOT-1,ACPONG012060,PK,37.25833333,2018,9,24,24/09/2018,11/08/2017,2017,8,11
680,Nigeria,SE Nigeria,Benue,Kwande,9.3689,6.8839,ACTLNG000997,NOT-1,ACPONG011270,NP,31.94166667,2018,9,24,24/09/2018,11/08/2017,2017,8,11
681,Nigeria,SE Nigeria,Benue,Kwande,9.3689,6.8839,ACTLNG000997,NOT-1,ACPONG011258,NPK,31.8875,2018,9,24,24/09/2018,11/08/2017,2017,8,11
682,Nigeria,SE Nigeria,Benue,Kwande,9.3689,6.8839,ACTLNG000997,NOT-1,ACPONG011552,NK,32.10833333,2018,9,24,24/09/2018,11/08/2017,2017,8,11
683,Nigeria,SE Nigeria,Benue,Kwande,9.3689,6.8839,ACTLNG000997,NOT-1,ACPONG011259,CON,21.42916667,2018,9,24,24/09/2018,11/08/2017,2017,8,11
684,Nigeria,SE Nigeria,Benue,Katsina- Ala,9.4214,7.3003,ACTLNG000998,NOT-2,ACPONG011611,half_NPK,34.92916667,2018,9,24,24/09/2018,10/08/2017,2017,8,10
685,Nigeria,SE Nigeria,Benue,Katsina- Ala,9.4214,7.3003,ACTLNG000998,NOT-2,ACPONG011159,NK,33.35416667,2018,9,24,24/09/2018,10/08/2017,2017,8,10
686,Nigeria,SE Nigeria,Benue,Katsina- Ala,9.4214,7.3003,ACTLNG000998,NOT-2,ACPONG010490,NP,32.75833333,2018,9,24,24/09/2018,10/08/2017,2017,8,10
687,Nigeria,SE Nigeria,Benue,Katsina- Ala,9.4214,7.3003,ACTLNG000998,NOT-2,ACPONG011158,NPK,36.08333333,2018,9,24,24/09/2018,10/08/2017,2017,8,10
688,Nigeria,SE Nigeria,Benue,Katsina- Ala,9.4214,7.3003,ACTLNG000998,NOT-2,ACPONG011155,NPK,43.675,2018,9,24,24/09/2018,10/08/2017,2017,8,10
689,Nigeria,SE Nigeria,Benue,Katsina- Ala,9.4214,7.3003,ACTLNG000998,NOT-2,ACPONG011217,CON,23.375,2018,9,24,24/09/2018,10/08/2017,2017,8,10
690,Nigeria,SE Nigeria,Benue,Katsina- Ala,9.4214,7.3003,ACTLNG000998,NOT-2,ACPONG011218,NPK_micro,40.22916667,2018,9,24,24/09/2018,10/08/2017,2017,8,10
691,Nigeria,SE Nigeria,Benue,Katsina- Ala,9.4214,7.3003,ACTLNG000998,NOT-2,ACPONG011156,PK,29.85,2018,9,24,24/09/2018,10/08/2017,2017,8,10
692,Nigeria,SE Nigeria,Benue,Kwande,9.3664,6.8826,ACTLNG001000,NOT-2,ACPONG011323,NK,23.33333333,2018,9,25,25/09/2018,11/08/2017,2017,8,11
693,Nigeria,SE Nigeria,Benue,Kwande,9.3664,6.8826,ACTLNG001000,NOT-2,ACPONG011322,NP,27.31666667,2018,9,25,25/09/2018,11/08/2017,2017,8,11
694,Nigeria,SE Nigeria,Benue,Kwande,9.3664,6.8826,ACTLNG001000,NOT-2,ACPONG011662,half_NPK,41.37083333,2018,9,25,25/09/2018,11/08/2017,2017,8,11
695,Nigeria,SE Nigeria,Benue,Kwande,9.3664,6.8826,ACTLNG001000,NOT-2,ACPONG011548,NPK,34.5375,2018,9,25,25/09/2018,11/08/2017,2017,8,11
696,Nigeria,SE Nigeria,Benue,Kwande,9.3664,6.8826,ACTLNG001000,NOT-2,ACPONG011616,PK,28.14583333,2018,9,25,25/09/2018,11/08/2017,2017,8,11
697,Nigeria,SE Nigeria,Benue,Kwande,9.3664,6.8826,ACTLNG001000,NOT-2,ACPONG011670,NPK,27.7,2018,9,25,25/09/2018,11/08/2017,2017,8,11
698,Nigeria,SE Nigeria,Benue,Kwande,9.3664,6.8826,ACTLNG001000,NOT-2,ACPONG011542,CON,21.89166667,2018,9,25,25/09/2018,11/08/2017,2017,8,11
699,Nigeria,SE Nigeria,Benue,Bukuru,9.192,7.4109,ACTLNG001006,NOT-1,ACPONG010674,NPK,32.34583333,2018,9,21,21/09/2018,22/07/2017,2017,7,22
700,Nigeria,SE Nigeria,Benue,Bukuru,9.192,7.4109,ACTLNG001006,NOT-1,ACPONG010676,NPK_micro,34.94166667,2018,9,21,21/09/2018,22/07/2017,2017,7,22
701,Nigeria,SE Nigeria,Benue,Bukuru,9.192,7.4109,ACTLNG001006,NOT-1,ACPONG010675,CON,17.59166667,2018,9,21,21/09/2018,22/07/2017,2017,7,22
702,Nigeria,SE Nigeria,Benue,Bukuru,9.1695,7.45,ACTLNG001007,NOT-1,ACPONG010608,NP,11.575,2018,9,22,22/09/2018,19/08/2017,2017,8,19
703,Nigeria,SE Nigeria,Benue,Bukuru,9.1695,7.45,ACTLNG001007,NOT-1,ACPONG010606,PK,16.22083333,2018,9,22,22/09/2018,19/08/2017,2017,8,19
704,Nigeria,SE Nigeria,Benue,Bukuru,9.1695,7.45,ACTLNG001007,NOT-1,ACPONG010604,NPK,27.75416667,2018,9,22,22/09/2018,19/08/2017,2017,8,19
705,Nigeria,SE Nigeria,Benue,Bukuru,9.1695,7.45,ACTLNG001007,NOT-1,ACPONG010601,NK,16.48333333,2018,9,22,22/09/2018,19/08/2017,2017,8,19
706,Nigeria,SE Nigeria,Benue,Bukuru,9.1695,7.45,ACTLNG001007,NOT-1,ACPONG010605,NPK,30.0875,2018,9,22,22/09/2018,19/08/2017,2017,8,19
707,Nigeria,SE Nigeria,Benue,Bukuru,9.1695,7.45,ACTLNG001007,NOT-1,ACPONG010603,CON,13.70416667,2018,9,22,22/09/2018,19/08/2017,2017,8,19
708,Nigeria,SE Nigeria,Benue,Bukuru,9.1695,7.45,ACTLNG001007,NOT-1,ACPONG010602,NPK_micro,25.37916667,2018,9,22,22/09/2018,19/08/2017,2017,8,19
709,Nigeria,SE Nigeria,Benue,Bukuru,9.1695,7.45,ACTLNG001007,NOT-1,ACPONG010607,half_NPK,25.57916667,2018,9,22,22/09/2018,19/08/2017,2017,8,19
710,Nigeria,SE Nigeria,Benue,Katsina- Ala,9.402,7.3119,ACTLNG001031,NOT-1,ACPONG010518,NK,44.01666667,2018,9,23,23/09/2018,21/07/2017,2017,7,21
711,Nigeria,SE Nigeria,Benue,Katsina- Ala,9.402,7.312,ACTLNG001031,NOT-1,ACPONG012115,half_NPK,27.74166667,2018,9,23,23/09/2018,21/07/2017,2017,7,21
712,Nigeria,SE Nigeria,Benue,Katsina- Ala,9.402,7.3119,ACTLNG001031,NOT-1,ACPONG010515,NP,39.4375,2018,9,23,23/09/2018,21/07/2017,2017,7,21
713,Nigeria,SE Nigeria,Benue,Katsina- Ala,9.402,7.3119,ACTLNG001031,NOT-1,ACPONG010529,CON,25.9125,2018,9,23,23/09/2018,21/07/2017,2017,7,21
714,Nigeria,SE Nigeria,Benue,Katsina- Ala,9.402,7.3119,ACTLNG001031,NOT-1,ACPONG012116,NPK,55.63333333,2018,9,23,23/09/2018,21/07/2017,2017,7,21
715,Nigeria,SE Nigeria,Benue,Katsina- Ala,9.402,7.3119,ACTLNG001031,NOT-1,ACPONG010516,PK,26.94166667,2018,9,23,23/09/2018,21/07/2017,2017,7,21
716,Nigeria,SE Nigeria,Benue,Katsina- Ala,9.402,7.3119,ACTLNG001031,NOT-1,ACPONG012114,NPK,33.75833333,2018,9,23,23/09/2018,21/07/2017,2017,7,21
717,Nigeria,SE Nigeria,Anambra,Anambra East,6.9064,6.3597,ACTLNG001072,NOT-2,ACPONG013620,NPK,18.07083333,2018,7,18,18/07/2018,11/07/2017,2017,7,11
718,Nigeria,SE Nigeria,Anambra,Anambra East,6.9064,6.3597,ACTLNG001072,NOT-2,ACPONG013619,NK,18.4,2018,7,18,18/07/2018,11/07/2017,2017,7,11
719,Nigeria,SE Nigeria,Anambra,Anambra East,6.9064,6.3597,ACTLNG001072,NOT-2,ACPONG010302,half_NPK,33.95833333,2018,7,18,18/07/2018,11/07/2017,2017,7,11
720,Nigeria,SE Nigeria,Anambra,Anambra East,6.9064,6.3597,ACTLNG001072,NOT-2,ACPONG013789,NPK,21.37916667,2018,7,18,18/07/2018,11/07/2017,2017,7,11
721,Nigeria,SE Nigeria,Anambra,Anambra East,6.9295,6.3285,ACTLNG001078,NOT-1,ACPONG013615,NPK,30.48333333,2018,8,7,07/08/2018,26/07/2017,2017,7,26
722,Nigeria,SE Nigeria,Anambra,Anambra East,6.9041,6.3651,ACTLNG001080,NOT-3,ACPONG012734,CON,17.95916667,2019,8,6,06/08/2019,07/07/2018,2018,7,7
723,Nigeria,SE Nigeria,Anambra,Anambra East,6.9041,6.3651,ACTLNG001080,NOT-3,ACPONG013893,NPK,27.64732143,2019,8,6,06/08/2019,07/07/2018,2018,7,7
724,Nigeria,SE Nigeria,Anambra,Anambra East,6.9041,6.3651,ACTLNG001080,NOT-3,ACPONG013895,NPK,32.65775862,2019,8,6,06/08/2019,07/07/2018,2018,7,7
725,Nigeria,SE Nigeria,Anambra,Anambra East,6.9041,6.3651,ACTLNG001080,NOT-3,ACPONG012736,PK,27.02678571,2019,8,6,06/08/2019,07/07/2018,2018,7,7
726,Nigeria,SE Nigeria,Anambra,Anambra East,6.9041,6.3651,ACTLNG001080,NOT-3,ACPONG012732,half_NPK,31.38405172,2019,8,6,06/08/2019,07/07/2018,2018,7,7
727,Nigeria,SE Nigeria,Anambra,Anambra East,6.9041,6.3651,ACTLNG001080,NOT-3,ACPONG013894,NK,19.0787037,2019,8,6,06/08/2019,07/07/2018,2018,7,7
728,Nigeria,SE Nigeria,Anambra,Anambra East,6.9041,6.3651,ACTLNG001080,NOT-3,ACPONG013896,NP,28.94612069,2019,8,6,06/08/2019,07/07/2018,2018,7,7
729,Nigeria,SE Nigeria,Cross River,Yala,8.7252,6.6788,ACTLNG001092,NOT-1,ACPONG014393,NK,25.7,2018,8,30,30/08/2018,24/06/2017,2017,6,24
730,Nigeria,SE Nigeria,Cross River,Yala,8.7252,6.6788,ACTLNG001092,NOT-1,ACPONG034747,NP,34.625,2018,8,30,30/08/2018,24/06/2017,2017,6,24
731,Nigeria,SE Nigeria,Cross River,Yala,8.7252,6.6788,ACTLNG001092,NOT-1,ACPONG011728,NPK,33.87083333,2018,8,30,30/08/2018,24/06/2017,2017,6,24
732,Nigeria,SE Nigeria,Cross River,Yala,8.7252,6.6788,ACTLNG001092,NOT-1,ACPONG034745,CON,18.24583333,2018,8,30,30/08/2018,24/06/2017,2017,6,24
733,Nigeria,SE Nigeria,Cross River,Yala,8.7252,6.6788,ACTLNG001092,NOT-1,ACPONG034743,PK,23.82916667,2018,8,30,30/08/2018,24/06/2017,2017,6,24
734,Nigeria,SE Nigeria,Cross River,Yala,8.7252,6.6788,ACTLNG001092,NOT-1,ACPONG011729,half_NPK,27.92083333,2018,8,30,30/08/2018,24/06/2017,2017,6,24
735,Nigeria,SE Nigeria,Cross River,Yala,8.7252,6.6788,ACTLNG001092,NOT-1,ACPONG034744,NPK,30.1125,2018,8,30,30/08/2018,24/06/2017,2017,6,24
736,Nigeria,SE Nigeria,Cross River,Yala,8.7118,6.6639,ACTLNG001093,NOT-2,ACPONG014084,NPK_micro,13.33333333,2018,8,30,30/08/2018,26/06/2017,2017,6,26
737,Nigeria,SE Nigeria,Cross River,Yala,8.7118,6.6639,ACTLNG001093,NOT-2,ACPONG014365,PK,11.66666667,2018,8,30,30/08/2018,26/06/2017,2017,6,26
738,Nigeria,SE Nigeria,Cross River,Yala,8.7118,6.6639,ACTLNG001093,NOT-2,ACPONG014368,NP,9.583333333,2018,8,30,30/08/2018,26/06/2017,2017,6,26
739,Nigeria,SE Nigeria,Cross River,Yala,8.7118,6.6639,ACTLNG001093,NOT-2,ACPONG014086,NK,8.75,2018,8,30,30/08/2018,26/06/2017,2017,6,26
740,Nigeria,SE Nigeria,Cross River,Yala,8.7118,6.6639,ACTLNG001093,NOT-2,ACPONG003487,CON,9.166666667,2018,8,30,30/08/2018,26/06/2017,2017,6,26
741,Nigeria,SE Nigeria,Cross River,Yala,8.7118,6.6639,ACTLNG001093,NOT-2,ACPONG014089,half_NPK,12.5,2018,8,30,30/08/2018,26/06/2017,2017,6,26
742,Nigeria,SE Nigeria,Cross River,Yala,8.7118,6.6639,ACTLNG001093,NOT-2,ACPONG014085,NPK,12.5,2018,8,30,30/08/2018,26/06/2017,2017,6,26
743,Nigeria,SE Nigeria,Cross River,Bekwarra,8.9098,6.7197,ACTLNG001096,NOT-2,ACPONG011952,NPK_micro,28.375,2018,9,26,26/09/2018,24/07/2017,2017,7,24
744,Nigeria,SE Nigeria,Cross River,Bekwarra,8.9098,6.7197,ACTLNG001096,NOT-2,ACPONG011956,NPK,20.95833333,2018,9,26,26/09/2018,24/07/2017,2017,7,24
745,Nigeria,SE Nigeria,Cross River,Bekwarra,8.9098,6.7197,ACTLNG001096,NOT-2,ACPONG011953,NP,45.33333333,2018,9,26,26/09/2018,24/07/2017,2017,7,24
746,Nigeria,SE Nigeria,Cross River,Bekwarra,8.9098,6.7197,ACTLNG001096,NOT-2,ACPONG011957,NPK,20.33333333,2018,9,26,26/09/2018,24/07/2017,2017,7,24
747,Nigeria,SE Nigeria,Cross River,Bekwarra,8.9098,6.7197,ACTLNG001096,NOT-2,ACPONG012662,half_NPK,37.125,2018,9,26,26/09/2018,24/07/2017,2017,7,24
748,Nigeria,SE Nigeria,Cross River,Bekwarra,8.9098,6.7197,ACTLNG001096,NOT-2,ACPONG011955,PK,37.55,2018,9,26,26/09/2018,24/07/2017,2017,7,24
749,Nigeria,SE Nigeria,Cross River,Bekwarra,8.9098,6.7197,ACTLNG001096,NOT-2,ACPONG011958,CON,26.04166667,2018,9,26,26/09/2018,24/07/2017,2017,7,24
750,Nigeria,SE Nigeria,Cross River,Bekwarra,8.9098,6.7197,ACTLNG001096,NOT-2,ACPONG011954,NK,31.5,2018,9,26,26/09/2018,24/07/2017,2017,7,24
751,Nigeria,SE Nigeria,Cross River,Bekwarra,8.9198,6.7147,ACTLNG001098,NOT-1,ACPONG014929,NP,37.54166667,2018,9,26,26/09/2018,11/07/2017,2017,7,11
752,Nigeria,SE Nigeria,Cross River,Bekwarra,8.9198,6.7147,ACTLNG001098,NOT-1,ACPONG014927,NPK,32.33333333,2018,9,26,26/09/2018,11/07/2017,2017,7,11
753,Nigeria,SE Nigeria,Cross River,Bekwarra,8.9198,6.7147,ACTLNG001098,NOT-1,ACPONG014921,half_NPK,36.66666667,2018,9,26,26/09/2018,11/07/2017,2017,7,11
754,Nigeria,SE Nigeria,Cross River,Bekwarra,8.9198,6.7147,ACTLNG001098,NOT-1,ACPONG014922,NK,23.3875,2018,9,26,26/09/2018,11/07/2017,2017,7,11
755,Nigeria,SE Nigeria,Cross River,Bekwarra,8.9198,6.7147,ACTLNG001098,NOT-1,ACPONG014923,NPK,10.875,2018,9,26,26/09/2018,11/07/2017,2017,7,11
756,Nigeria,SE Nigeria,Cross River,Bekwarra,8.9198,6.7147,ACTLNG001098,NOT-1,ACPONG014930,NPK_micro,42.375,2018,9,26,26/09/2018,11/07/2017,2017,7,11
757,Nigeria,SE Nigeria,Cross River,Bekwarra,8.9198,6.7147,ACTLNG001098,NOT-1,ACPONG014928,PK,23.5,2018,9,26,26/09/2018,11/07/2017,2017,7,11
758,Nigeria,SE Nigeria,Cross River,Bekwarra,8.9198,6.7147,ACTLNG001098,NOT-1,ACPONG014926,CON,26.16666667,2018,9,26,26/09/2018,11/07/2017,2017,7,11
759,Nigeria,SE Nigeria,Anambra,Awka North,6.9989,6.2456,ACTLNG001105,NOT-1,ACPONG014497,NPK,35.21666667,2018,8,10,10/08/2018,06/06/2017,2017,6,6
760,Nigeria,SE Nigeria,Anambra,Awka North,6.9989,6.2456,ACTLNG001105,NOT-1,ACPONG010297,half_NPK,28.94583333,2018,8,10,10/08/2018,06/06/2017,2017,6,6
761,Nigeria,SE Nigeria,Anambra,Awka North,6.9989,6.2456,ACTLNG001105,NOT-1,ACPONG010298,NK,23.44875,2018,8,10,10/08/2018,06/06/2017,2017,6,6
762,Nigeria,SE Nigeria,Anambra,Awka North,6.9989,6.2456,ACTLNG001105,NOT-1,ACPONG014493,PK,22.6875,2018,8,10,10/08/2018,06/06/2017,2017,6,6
763,Nigeria,SE Nigeria,Anambra,Awka North,6.9989,6.2456,ACTLNG001105,NOT-1,ACPONG014496,NPK_micro,22.15,2018,8,10,10/08/2018,06/06/2017,2017,6,6
764,Nigeria,SE Nigeria,Anambra,Awka North,6.9989,6.2456,ACTLNG001105,NOT-1,ACPONG011923,NPK,28.79583333,2018,8,10,10/08/2018,06/06/2017,2017,6,6
765,Nigeria,SE Nigeria,Anambra,Awka North,6.9989,6.2456,ACTLNG001105,NOT-1,ACPONG014494,CON,14.5,2018,8,10,10/08/2018,06/06/2017,2017,6,6
766,Nigeria,SE Nigeria,Anambra,Awka North,6.9989,6.2456,ACTLNG001105,NOT-1,ACPONG014495,NP,19.35833333,2018,8,10,10/08/2018,06/06/2017,2017,6,6
767,Nigeria,SE Nigeria,Anambra,Anambra East,6.9064,6.3666,ACTLNG001112,NOT-1,ACPONG014568,half_NPK,22.925,2018,8,8,08/08/2018,16/08/2017,2017,8,16
768,Nigeria,SE Nigeria,Anambra,Anambra East,6.9064,6.3666,ACTLNG001112,NOT-1,ACPONG014564,NPK,30.2,2018,8,8,08/08/2018,16/08/2017,2017,8,16
769,Nigeria,SE Nigeria,Anambra,Anambra East,6.9064,6.3666,ACTLNG001112,NOT-1,ACPONG014563,CON,13.6625,2018,8,8,08/08/2018,16/08/2017,2017,8,16
770,Nigeria,SE Nigeria,Anambra,Anambra East,6.9064,6.3666,ACTLNG001112,NOT-1,ACPONG014566,NP,16.1,2018,8,8,08/08/2018,16/08/2017,2017,8,16
771,Nigeria,SE Nigeria,Anambra,Anambra East,6.9064,6.3666,ACTLNG001112,NOT-1,ACPONG014565,NPK,19.77916667,2018,8,8,08/08/2018,16/08/2017,2017,8,16
772,Nigeria,SE Nigeria,Anambra,Anambra East,6.9064,6.3666,ACTLNG001112,NOT-1,ACPONG014567,PK,14.0125,2018,8,8,08/08/2018,16/08/2017,2017,8,16
773,Nigeria,SE Nigeria,Anambra,Anambra East,6.9064,6.3666,ACTLNG001112,NOT-1,ACPONG014561,NK,18.14166667,2018,8,8,08/08/2018,16/08/2017,2017,8,16
774,Nigeria,SE Nigeria,Anambra,Anambra East,6.9113,6.371,ACTLNG001113,NOT-2,ACPONG014148,NPK,23.50416667,2018,8,8,08/08/2018,19/08/2017,2017,8,19
775,Nigeria,SE Nigeria,Anambra,Anambra East,6.9113,6.371,ACTLNG001113,NOT-2,ACPONG014150,PK,13.62083333,2018,8,8,08/08/2018,19/08/2017,2017,8,19
776,Nigeria,SE Nigeria,Anambra,Anambra East,6.9113,6.371,ACTLNG001113,NOT-2,ACPONG014144,NK,13.84166667,2018,8,8,08/08/2018,19/08/2017,2017,8,19
777,Nigeria,SE Nigeria,Anambra,Anambra East,6.9113,6.371,ACTLNG001113,NOT-2,ACPONG014552,NP,23.20833333,2018,8,8,08/08/2018,19/08/2017,2017,8,19
778,Nigeria,SE Nigeria,Anambra,Anambra East,6.9113,6.371,ACTLNG001113,NOT-2,ACPONG014551,NPK,22.88333333,2018,8,8,08/08/2018,19/08/2017,2017,8,19
779,Nigeria,SE Nigeria,Anambra,Anambra East,6.9113,6.371,ACTLNG001113,NOT-2,ACPONG014143,NPK_micro,17.49583333,2018,8,8,08/08/2018,19/08/2017,2017,8,19
780,Nigeria,SE Nigeria,Anambra,Anambra East,6.9113,6.371,ACTLNG001113,NOT-2,ACPONG014142,CON,9.279166667,2018,8,8,08/08/2018,19/08/2017,2017,8,19
781,Nigeria,SE Nigeria,Anambra,Ogbaru,6.7701,5.9846,ACTLNG001116,NOT-1,ACPONG010266,PK,24.45625,2017,9,2,02/09/2017,20/06/2016,2016,6,20
782,Nigeria,SE Nigeria,Anambra,Ogbaru,6.7701,5.9846,ACTLNG001116,NOT-1,ACPONG010267,NP,44.51875,2017,9,2,02/09/2017,20/06/2016,2016,6,20
783,Nigeria,SE Nigeria,Anambra,Ogbaru,6.7701,5.9846,ACTLNG001116,NOT-1,ACPONG010268,NPK,45.8875,2017,9,2,02/09/2017,20/06/2016,2016,6,20
784,Nigeria,SE Nigeria,Anambra,Ogbaru,6.7701,5.9846,ACTLNG001116,NOT-1,ACPONG010262,CON,27.6125,2017,9,2,02/09/2017,20/06/2016,2016,6,20
785,Nigeria,SE Nigeria,Anambra,Ogbaru,6.7701,5.9846,ACTLNG001116,NOT-1,ACPONG010261,NPK,33.86875,2017,9,2,02/09/2017,20/06/2016,2016,6,20
786,Nigeria,SE Nigeria,Anambra,Ogbaru,6.7701,5.9846,ACTLNG001116,NOT-1,ACPONG010265,half_NPK,17.6625,2017,9,2,02/09/2017,20/06/2016,2016,6,20
787,Nigeria,SE Nigeria,Anambra,Ogbaru,6.7701,5.9846,ACTLNG001116,NOT-1,ACPONG010264,NK,54.3125,2017,9,2,02/09/2017,20/06/2016,2016,6,20
788,Nigeria,SE Nigeria,Anambra,Ogbaru,6.7701,5.9846,ACTLNG001116,NOT-1,ACPONG010263,NPK_micro,36.7125,2017,9,2,02/09/2017,20/06/2016,2016,6,20
789,Nigeria,SE Nigeria,Anambra,Ogbaru,6.7703,5.9854,ACTLNG001117,NOT-1,ACPONG010273,half_NPK,31.15,2017,9,5,05/09/2017,20/06/2016,2016,6,20
790,Nigeria,SE Nigeria,Anambra,Ogbaru,6.7703,5.9854,ACTLNG001117,NOT-1,ACPONG010276,NPK,31.9,2017,9,5,05/09/2017,20/06/2016,2016,6,20
791,Nigeria,SE Nigeria,Anambra,Ogbaru,6.7703,5.9854,ACTLNG001117,NOT-1,ACPONG010271,NPK_micro,38.825,2017,9,5,05/09/2017,20/06/2016,2016,6,20
792,Nigeria,SE Nigeria,Anambra,Ogbaru,6.7703,5.9854,ACTLNG001117,NOT-1,ACPONG010269,NPK,33.9625,2017,9,5,05/09/2017,20/06/2016,2016,6,20
793,Nigeria,SE Nigeria,Anambra,Ogbaru,6.7703,5.9854,ACTLNG001117,NOT-1,ACPONG010270,CON,24.36875,2017,9,5,05/09/2017,20/06/2016,2016,6,20
794,Nigeria,SE Nigeria,Anambra,Ogbaru,6.7703,5.9854,ACTLNG001117,NOT-1,ACPONG010275,NP,27.29375,2017,9,5,05/09/2017,20/06/2016,2016,6,20
795,Nigeria,SE Nigeria,Anambra,Ogbaru,6.7703,5.9854,ACTLNG001117,NOT-1,ACPONG010272,NK,31.83125,2017,9,5,05/09/2017,20/06/2016,2016,6,20
796,Nigeria,SE Nigeria,Anambra,Ogbaru,6.7703,5.9854,ACTLNG001117,NOT-1,ACPONG010274,PK,43.05,2017,9,5,05/09/2017,20/06/2016,2016,6,20
797,Nigeria,SE Nigeria,Anambra,Ogbaru,6.7722,5.9865,ACTLNG001119,NOT-1,ACPONG010286,PK,37.26875,2017,9,6,06/09/2017,20/06/2016,2016,6,20
798,Nigeria,SE Nigeria,Anambra,Ogbaru,6.7722,5.9865,ACTLNG001119,NOT-1,ACPONG010287,NP,10.7125,2017,9,6,06/09/2017,20/06/2016,2016,6,20
799,Nigeria,SE Nigeria,Anambra,Ogbaru,6.7722,5.9865,ACTLNG001119,NOT-1,ACPONG010288,NPK,12.6125,2017,9,6,06/09/2017,20/06/2016,2016,6,20
800,Nigeria,SE Nigeria,Anambra,Ogbaru,6.7722,5.9865,ACTLNG001119,NOT-1,ACPONG010281,NPK,25.625,2017,9,6,06/09/2017,20/06/2016,2016,6,20
801,Nigeria,SE Nigeria,Anambra,Ogbaru,6.7722,5.9865,ACTLNG001119,NOT-1,ACPONG010283,NPK_micro,28.68125,2017,9,6,06/09/2017,20/06/2016,2016,6,20
802,Nigeria,SE Nigeria,Anambra,Ogbaru,6.7722,5.9865,ACTLNG001119,NOT-1,ACPONG010285,half_NPK,16.575,2017,9,6,06/09/2017,20/06/2016,2016,6,20
803,Nigeria,SE Nigeria,Anambra,Ogbaru,6.7722,5.9865,ACTLNG001119,NOT-1,ACPONG010284,NK,32.2375,2017,9,6,06/09/2017,20/06/2016,2016,6,20
804,Nigeria,SE Nigeria,Anambra,Ogbaru,6.7722,5.9865,ACTLNG001119,NOT-1,ACPONG010282,CON,15.15625,2017,9,6,06/09/2017,20/06/2016,2016,6,20
805,Nigeria,SE Nigeria,Cross River,Etung,8.7648,5.9566,ACTLNG001131,NOT-2,ACPONG013030,NPK,11.55416667,2018,9,12,12/09/2018,21/06/2017,2017,6,21
806,Nigeria,SE Nigeria,Cross River,Etung,8.7648,5.9566,ACTLNG001131,NOT-2,ACPONG013050,NPK,10.64166667,2018,9,12,12/09/2018,21/06/2017,2017,6,21
807,Nigeria,SE Nigeria,Cross River,Etung,8.7648,5.9566,ACTLNG001131,NOT-2,ACPONG013048,NK,12.2375,2018,9,12,12/09/2018,21/06/2017,2017,6,21
808,Nigeria,SE Nigeria,Cross River,Etung,8.7648,5.9566,ACTLNG001131,NOT-2,ACPONG013047,NP,11.00833333,2018,9,12,12/09/2018,21/06/2017,2017,6,21
809,Nigeria,SE Nigeria,Cross River,Etung,8.7648,5.9566,ACTLNG001131,NOT-2,ACPONG013046,NPK_micro,17.52083333,2018,9,12,12/09/2018,21/06/2017,2017,6,21
810,Nigeria,SE Nigeria,Cross River,Etung,8.7648,5.9566,ACTLNG001131,NOT-2,ACPONG013045,half_NPK,22.8125,2018,9,12,12/09/2018,21/06/2017,2017,6,21
811,Nigeria,SE Nigeria,Cross River,Etung,8.7648,5.9566,ACTLNG001131,NOT-2,ACPONG013049,PK,9.758333333,2018,9,12,12/09/2018,21/06/2017,2017,6,21
812,Nigeria,SE Nigeria,Cross River,Etung,8.7648,5.9566,ACTLNG001131,NOT-2,ACPONG013029,CON,13.15416667,2018,9,12,12/09/2018,21/06/2017,2017,6,21
813,Nigeria,SE Nigeria,Anambra,Anambra East,6.9084,6.3648,ACTLNG001171,NOT-1,ACPONG013232,CON,17.525,2018,7,25,25/07/2018,10/07/2017,2017,7,10
814,Nigeria,SE Nigeria,Anambra,Anambra East,6.9084,6.3648,ACTLNG001171,NOT-1,ACPONG013237,NP,22.55,2018,7,25,25/07/2018,10/07/2017,2017,7,10
815,Nigeria,SE Nigeria,Anambra,Anambra East,6.9084,6.3648,ACTLNG001171,NOT-1,ACPONG013238,NPK,30.4375,2018,7,25,25/07/2018,10/07/2017,2017,7,10
816,Nigeria,SE Nigeria,Anambra,Anambra East,6.9084,6.3648,ACTLNG001171,NOT-1,ACPONG013235,half_NPK,33.24583333,2018,7,25,25/07/2018,10/07/2017,2017,7,10
817,Nigeria,SE Nigeria,Anambra,Anambra East,6.9084,6.3648,ACTLNG001171,NOT-1,ACPONG013236,PK,19.55,2018,7,25,25/07/2018,10/07/2017,2017,7,10
818,Nigeria,SE Nigeria,Anambra,Anambra East,6.9084,6.3648,ACTLNG001171,NOT-1,ACPONG013231,NPK,30.85833333,2018,7,25,25/07/2018,10/07/2017,2017,7,10
819,Nigeria,SE Nigeria,Anambra,Anambra East,6.9084,6.3648,ACTLNG001171,NOT-1,ACPONG013233,NPK_micro,23.47916667,2018,7,25,25/07/2018,10/07/2017,2017,7,10
820,Nigeria,SE Nigeria,Anambra,Anambra East,6.9084,6.3648,ACTLNG001171,NOT-1,ACPONG013234,NK,26.5,2018,7,25,25/07/2018,10/07/2017,2017,7,10
821,Nigeria,SE Nigeria,Anambra,Anambra East,6.9066,6.3598,ACTLNG001172,NOT-2,ACPONG013241,NPK_micro,17.60833333,2018,7,18,18/07/2018,11/07/2017,2017,7,11
822,Nigeria,SE Nigeria,Anambra,Anambra East,6.9066,6.3598,ACTLNG001172,NOT-2,ACPONG013240,CON,15.47083333,2018,7,18,18/07/2018,11/07/2017,2017,7,11
823,Nigeria,SE Nigeria,Anambra,Anambra East,6.9066,6.3598,ACTLNG001172,NOT-2,ACPONG013248,PK,14.41666667,2018,7,18,18/07/2018,11/07/2017,2017,7,11
824,Nigeria,SE Nigeria,Anambra,Anambra East,6.9066,6.3598,ACTLNG001172,NOT-2,ACPONG013250,NP,24.5625,2018,7,18,18/07/2018,11/07/2017,2017,7,11
825,Nigeria,SE Nigeria,Anambra,Awka North,6.9965,6.2411,ACTLNG001185,NOT-2,ACPONG013211,half_NPK,19.8,2018,8,10,10/08/2018,20/07/2017,2017,7,20
826,Nigeria,SE Nigeria,Anambra,Awka North,6.9965,6.2411,ACTLNG001185,NOT-2,ACPONG010320,NPK,25.55416667,2018,8,10,10/08/2018,20/07/2017,2017,7,20
827,Nigeria,SE Nigeria,Anambra,Awka North,6.9965,6.2411,ACTLNG001185,NOT-2,ACPONG013210,NK,17.10416667,2018,8,10,10/08/2018,20/07/2017,2017,7,20
828,Nigeria,SE Nigeria,Anambra,Awka North,6.9965,6.2411,ACTLNG001185,NOT-2,ACPONG013907,NP,7.796666667,2018,8,10,10/08/2018,20/07/2017,2017,7,20
829,Nigeria,SE Nigeria,Anambra,Awka North,6.9965,6.2411,ACTLNG001185,NOT-2,ACPONG013209,NPK_micro,27.99583333,2018,8,10,10/08/2018,20/07/2017,2017,7,20
830,Nigeria,SE Nigeria,Anambra,Awka North,6.9965,6.2411,ACTLNG001185,NOT-2,ACPONG013217,NPK,25.50416667,2018,8,10,10/08/2018,20/07/2017,2017,7,20
831,Nigeria,SE Nigeria,Anambra,Awka North,6.9965,6.2411,ACTLNG001185,NOT-2,ACPONG013208,CON,11.42083333,2018,8,10,10/08/2018,20/07/2017,2017,7,20
832,Nigeria,SE Nigeria,Anambra,Awka North,6.9965,6.2411,ACTLNG001185,NOT-2,ACPONG013216,PK,23.39583333,2018,8,10,10/08/2018,20/07/2017,2017,7,20
833,Nigeria,SE Nigeria,Anambra,Anambra East,6.9295,6.3285,ACTLNG001186,NOT-1,ACPONG012231,half_NPK,26.8375,2018,8,7,07/08/2018,26/07/2017,2017,7,26
834,Nigeria,SE Nigeria,Anambra,Anambra East,6.9295,6.3285,ACTLNG001186,NOT-1,ACPONG012229,NPK_micro,21.25,2018,8,7,07/08/2018,26/07/2017,2017,7,26
835,Nigeria,SE Nigeria,Anambra,Anambra East,6.9295,6.3285,ACTLNG001186,NOT-1,ACPONG012232,PK,17.4,2018,8,7,07/08/2018,26/07/2017,2017,7,26
836,Nigeria,SE Nigeria,Anambra,Anambra East,6.9295,6.3285,ACTLNG001186,NOT-1,ACPONG012233,NP,20.55,2018,8,7,07/08/2018,26/07/2017,2017,7,26
837,Nigeria,SE Nigeria,Anambra,Anambra East,6.9295,6.3285,ACTLNG001186,NOT-1,ACPONG012228,CON,14.43333333,2018,8,7,07/08/2018,26/07/2017,2017,7,26
838,Nigeria,SE Nigeria,Anambra,Anambra East,6.9295,6.3285,ACTLNG001186,NOT-1,ACPONG012235,NPK,31.325,2018,8,7,07/08/2018,26/07/2017,2017,7,26
839,Nigeria,SE Nigeria,Anambra,Anambra East,6.9295,6.3285,ACTLNG001186,NOT-1,ACPONG012230,NK,25.87083333,2018,8,7,07/08/2018,26/07/2017,2017,7,26
840,Nigeria,SE Nigeria,Anambra,Anambra East,6.9089,6.3788,ACTLNG001187,NOT-2,ACPONG012239,NK,47.175,2018,7,27,27/07/2018,27/07/2017,2017,7,27
841,Nigeria,SE Nigeria,Anambra,Anambra East,6.9089,6.3788,ACTLNG001187,NOT-2,ACPONG012240,half_NPK,51.54583333,2018,7,27,27/07/2018,27/07/2017,2017,7,27
842,Nigeria,SE Nigeria,Anambra,Anambra East,6.9089,6.3788,ACTLNG001187,NOT-2,ACPONG012246,NPK,34.08333333,2018,7,27,27/07/2018,27/07/2017,2017,7,27
843,Nigeria,SE Nigeria,Anambra,Anambra East,6.9089,6.3788,ACTLNG001187,NOT-2,ACPONG012243,NPK,48.1875,2018,7,27,27/07/2018,27/07/2017,2017,7,27
844,Nigeria,SE Nigeria,Anambra,Anambra East,6.9089,6.3788,ACTLNG001187,NOT-2,ACPONG012245,PK,40.27083333,2018,7,27,27/07/2018,27/07/2017,2017,7,27
845,Nigeria,SE Nigeria,Anambra,Anambra East,6.9089,6.3788,ACTLNG001187,NOT-2,ACPONG012247,NP,16.7875,2018,7,27,27/07/2018,27/07/2017,2017,7,27
846,Nigeria,SE Nigeria,Anambra,Anambra East,6.909,6.3788,ACTLNG001187,NOT-2,ACPONG013617,CON,35.24166667,2018,7,27,27/07/2018,27/07/2017,2017,7,27
847,Nigeria,SE Nigeria,Anambra,Anambra East,6.9089,6.3788,ACTLNG001187,NOT-2,ACPONG012238,NPK_micro,46.50416667,2018,7,27,27/07/2018,27/07/2017,2017,7,27
848,Nigeria,SE Nigeria,Anambra,Anambra East,6.9066,6.3652,ACTLNG001188,NOT-2,ACPONG012271,NP,22.15416667,2018,8,18,18/08/2018,02/08/2017,2017,8,2
849,Nigeria,SE Nigeria,Anambra,Anambra East,6.9066,6.3652,ACTLNG001188,NOT-2,ACPONG012263,NK,10.025,2018,8,18,18/08/2018,02/08/2017,2017,8,2
850,Nigeria,SE Nigeria,Anambra,Anambra East,6.9066,6.3652,ACTLNG001188,NOT-2,ACPONG012270,NPK,14.25,2018,8,18,18/08/2018,02/08/2017,2017,8,2
851,Nigeria,SE Nigeria,Anambra,Anambra East,6.9066,6.3652,ACTLNG001188,NOT-2,ACPONG012264,half_NPK,12.83333333,2018,8,18,18/08/2018,02/08/2017,2017,8,2
852,Nigeria,SE Nigeria,Anambra,Anambra East,6.9066,6.3652,ACTLNG001188,NOT-2,ACPONG012267,NPK,23.75,2018,8,18,18/08/2018,02/08/2017,2017,8,2
853,Nigeria,SE Nigeria,Anambra,Anambra East,6.9066,6.3652,ACTLNG001188,NOT-2,ACPONG012261,CON,6.570833333,2018,8,18,18/08/2018,02/08/2017,2017,8,2
854,Nigeria,SE Nigeria,Anambra,Anambra East,6.9066,6.3652,ACTLNG001188,NOT-2,ACPONG012262,NPK_micro,17.1,2018,8,18,18/08/2018,02/08/2017,2017,8,2
855,Nigeria,SE Nigeria,Anambra,Anambra East,6.9066,6.3652,ACTLNG001188,NOT-2,ACPONG012269,PK,12.62916667,2018,8,18,18/08/2018,02/08/2017,2017,8,2
856,Nigeria,SE Nigeria,Anambra,Anambra East,6.9066,6.3652,ACTLNG001189,NOT-2,ACPONG012249,CON,9.670833333,2018,8,18,18/08/2018,31/07/2017,2017,7,31
857,Nigeria,SE Nigeria,Anambra,Anambra East,6.9066,6.3652,ACTLNG001189,NOT-2,ACPONG012259,NP,16.65416667,2018,8,18,18/08/2018,31/07/2017,2017,7,31
858,Nigeria,SE Nigeria,Anambra,Anambra East,6.9066,6.3652,ACTLNG001189,NOT-2,ACPONG012252,half_NPK,24.74166667,2018,8,18,18/08/2018,31/07/2017,2017,7,31
859,Nigeria,SE Nigeria,Anambra,Anambra East,6.9066,6.3652,ACTLNG001189,NOT-2,ACPONG012250,NPK_micro,22.98333333,2018,8,18,18/08/2018,31/07/2017,2017,7,31
860,Nigeria,SE Nigeria,Anambra,Anambra East,6.9066,6.3652,ACTLNG001189,NOT-2,ACPONG012255,NPK,21.04166667,2018,8,18,18/08/2018,31/07/2017,2017,7,31
861,Nigeria,SE Nigeria,Anambra,Anambra East,6.9066,6.3652,ACTLNG001189,NOT-2,ACPONG012258,NPK,26.32916667,2018,8,18,18/08/2018,31/07/2017,2017,7,31
862,Nigeria,SE Nigeria,Anambra,Anambra East,6.9066,6.3652,ACTLNG001189,NOT-2,ACPONG012251,NK,9.545833333,2018,8,18,18/08/2018,31/07/2017,2017,7,31
863,Nigeria,SE Nigeria,Anambra,Anambra East,6.9066,6.3652,ACTLNG001189,NOT-2,ACPONG012257,PK,12.07916667,2018,8,18,18/08/2018,31/07/2017,2017,7,31
864,Nigeria,SE Nigeria,Anambra,Awka North,7.0027,6.2635,ACTLNG001197,NOT-1,ACPONG012721,PK,30.55,2018,9,24,24/09/2018,11/08/2017,2017,8,11
865,Nigeria,SE Nigeria,Anambra,Awka North,7.0027,6.2635,ACTLNG001197,NOT-1,ACPONG011912,NPK,31.92916667,2018,9,24,24/09/2018,11/08/2017,2017,8,11
866,Nigeria,SE Nigeria,Anambra,Awka North,7.0027,6.2635,ACTLNG001197,NOT-1,ACPONG012722,NK,22.97083333,2018,9,24,24/09/2018,11/08/2017,2017,8,11
867,Nigeria,SE Nigeria,Anambra,Awka North,7.0027,6.2635,ACTLNG001197,NOT-1,ACPONG012320,half_NPK,32.0375,2018,9,24,24/09/2018,11/08/2017,2017,8,11
868,Nigeria,SE Nigeria,Anambra,Awka North,7.0027,6.2635,ACTLNG001197,NOT-1,ACPONG012723,CON,21.84583333,2018,9,24,24/09/2018,11/08/2017,2017,8,11
869,Nigeria,SE Nigeria,Anambra,Awka North,7.0027,6.2635,ACTLNG001197,NOT-1,ACPONG012316,NPK,37.80416667,2018,9,24,24/09/2018,11/08/2017,2017,8,11
870,Nigeria,SE Nigeria,Anambra,Awka North,7.0027,6.2635,ACTLNG001197,NOT-1,ACPONG013899,NP,28.55833333,2018,9,24,24/09/2018,11/08/2017,2017,8,11
871,Nigeria,SE Nigeria,Anambra,Ogbaru,6.745,5.9867,ACTLNG001203,NOT-1,ACPONG013810,PK,16.125,2017,9,10,10/09/2017,20/06/2016,2016,6,20
872,Nigeria,SE Nigeria,Anambra,Ogbaru,6.745,5.9867,ACTLNG001203,NOT-1,ACPONG013807,NPK_micro,22.00625,2017,9,10,10/09/2017,20/06/2016,2016,6,20
873,Nigeria,SE Nigeria,Anambra,Ogbaru,6.745,5.9867,ACTLNG001203,NOT-1,ACPONG013806,CON,16.5625,2017,9,10,10/09/2017,20/06/2016,2016,6,20
874,Nigeria,SE Nigeria,Anambra,Ogbaru,6.745,5.9867,ACTLNG001203,NOT-1,ACPONG013808,NK,22.575,2017,9,10,10/09/2017,20/06/2016,2016,6,20
875,Nigeria,SE Nigeria,Anambra,Ogbaru,6.745,5.9867,ACTLNG001203,NOT-1,ACPONG013805,NPK,27.03125,2017,9,10,10/09/2017,20/06/2016,2016,6,20
876,Nigeria,SE Nigeria,Anambra,Ogbaru,6.745,5.9867,ACTLNG001203,NOT-1,ACPONG013809,half_NPK,6.875,2017,9,10,10/09/2017,20/06/2016,2016,6,20
877,Nigeria,SE Nigeria,Anambra,Ogbaru,6.745,5.9867,ACTLNG001203,NOT-1,ACPONG013812,NPK,18.49375,2017,9,10,10/09/2017,20/06/2016,2016,6,20
878,Nigeria,SE Nigeria,Anambra,Ogbaru,6.745,5.9867,ACTLNG001203,NOT-1,ACPONG013811,NP,17.01875,2017,9,10,10/09/2017,20/06/2016,2016,6,20
879,Nigeria,SE Nigeria,Anambra,Ayamelum,6.9349,6.4724,ACTLNG001214,NOT-1,ACPONG013597,NPK,7.1625,2017,9,16,16/09/2017,20/06/2016,2016,6,20
880,Nigeria,SE Nigeria,Anambra,Ayamelum,6.9349,6.4724,ACTLNG001214,NOT-1,ACPONG013604,NPK,22.28125,2017,9,16,16/09/2017,20/06/2016,2016,6,20
881,Nigeria,SE Nigeria,Anambra,Ayamelum,6.9349,6.4724,ACTLNG001214,NOT-1,ACPONG013601,half_NPK,5.73125,2017,9,16,16/09/2017,20/06/2016,2016,6,20
882,Nigeria,SE Nigeria,Anambra,Ayamelum,6.9349,6.4724,ACTLNG001214,NOT-1,ACPONG013602,PK,5.21875,2017,9,16,16/09/2017,20/06/2016,2016,6,20
883,Nigeria,SE Nigeria,Anambra,Ayamelum,6.9349,6.4724,ACTLNG001214,NOT-1,ACPONG013600,NK,11.59375,2017,9,16,16/09/2017,20/06/2016,2016,6,20
884,Nigeria,SE Nigeria,Anambra,Ayamelum,6.9349,6.4724,ACTLNG001214,NOT-1,ACPONG013603,NP,11.15,2017,9,16,16/09/2017,20/06/2016,2016,6,20
885,Nigeria,SE Nigeria,Anambra,Ayamelum,6.9349,6.4724,ACTLNG001214,NOT-1,ACPONG013598,CON,5.59375,2017,9,16,16/09/2017,20/06/2016,2016,6,20
886,Nigeria,SE Nigeria,Anambra,Ayamelum,6.9349,6.4724,ACTLNG001214,NOT-1,ACPONG013599,NPK_micro,10.89375,2017,9,16,16/09/2017,20/06/2016,2016,6,20
887,Nigeria,SE Nigeria,Anambra,Anambra East,6.9066,6.3652,ACTLNG001216,NOT-2,ACPONG013835,NK,10.34583333,2018,8,19,19/08/2018,31/08/2017,2017,8,31
888,Nigeria,SE Nigeria,Anambra,Anambra East,6.9066,6.3652,ACTLNG001216,NOT-2,ACPONG013839,NPK,27.2375,2018,8,19,19/08/2018,31/08/2017,2017,8,31
889,Nigeria,SE Nigeria,Anambra,Anambra East,6.9066,6.3652,ACTLNG001216,NOT-2,ACPONG013842,PK,13.2875,2018,8,19,19/08/2018,31/08/2017,2017,8,31
890,Nigeria,SE Nigeria,Anambra,Anambra East,6.9066,6.3652,ACTLNG001216,NOT-2,ACPONG013834,NPK_micro,19.85833333,2018,8,19,19/08/2018,31/08/2017,2017,8,31
891,Nigeria,SE Nigeria,Anambra,Anambra East,6.9066,6.3652,ACTLNG001216,NOT-2,ACPONG013833,CON,9.5,2018,8,19,19/08/2018,31/08/2017,2017,8,31
892,Nigeria,SE Nigeria,Anambra,Anambra East,6.9066,6.3652,ACTLNG001216,NOT-2,ACPONG013841,NPK,14.25416667,2018,8,19,19/08/2018,31/08/2017,2017,8,31
893,Nigeria,SE Nigeria,Anambra,Anambra East,6.9066,6.3652,ACTLNG001216,NOT-2,ACPONG013836,half_NPK,23.28333333,2018,8,19,19/08/2018,31/08/2017,2017,8,31
894,Nigeria,SE Nigeria,Anambra,Anambra East,6.9066,6.3652,ACTLNG001216,NOT-2,ACPONG013783,NP,14.05416667,2018,8,19,19/08/2018,31/08/2017,2017,8,31
895,Nigeria,SE Nigeria,Anambra,Anambra East,6.9061,6.3651,ACTLNG001217,NOT-2,ACPONG012954,NPK,13.50416667,2018,8,19,19/08/2018,02/08/2017,2017,8,2
896,Nigeria,SE Nigeria,Anambra,Anambra East,6.9061,6.3651,ACTLNG001217,NOT-2,ACPONG012952,CON,15.10416667,2018,8,19,19/08/2018,02/08/2017,2017,8,2
897,Nigeria,SE Nigeria,Anambra,Anambra East,6.9061,6.3651,ACTLNG001217,NOT-2,ACPONG012956,NPK,14.29583333,2018,8,19,19/08/2018,02/08/2017,2017,8,2
898,Nigeria,SE Nigeria,Anambra,Anambra East,6.9061,6.3651,ACTLNG001217,NOT-2,ACPONG012955,NP,18.52916667,2018,8,19,19/08/2018,02/08/2017,2017,8,2
899,Nigeria,SE Nigeria,Anambra,Anambra East,6.9061,6.3651,ACTLNG001217,NOT-2,ACPONG012958,NK,10.44166667,2018,8,19,19/08/2018,02/08/2017,2017,8,2
900,Nigeria,SE Nigeria,Anambra,Anambra East,6.9061,6.3651,ACTLNG001217,NOT-2,ACPONG013775,half_NPK,19.75833333,2018,8,19,19/08/2018,02/08/2017,2017,8,2
901,Nigeria,SE Nigeria,Anambra,Anambra East,6.9061,6.3651,ACTLNG001217,NOT-2,ACPONG012951,PK,9.658333333,2018,8,19,19/08/2018,02/08/2017,2017,8,2
902,Nigeria,SE Nigeria,Anambra,Ayamelum,6.9372,6.4725,ACTLNG001221,NOT-1,ACPONG014113,NPK_micro,40.69375,2017,11,3,03/11/2017,20/06/2016,2016,6,20
903,Nigeria,SE Nigeria,Anambra,Ayamelum,6.9372,6.4725,ACTLNG001221,NOT-1,ACPONG014116,PK,14.075,2017,11,3,03/11/2017,20/06/2016,2016,6,20
904,Nigeria,SE Nigeria,Anambra,Ayamelum,6.9372,6.4725,ACTLNG001221,NOT-1,ACPONG014118,NPK,31.375,2017,11,3,03/11/2017,20/06/2016,2016,6,20
905,Nigeria,SE Nigeria,Anambra,Ayamelum,6.9372,6.4725,ACTLNG001221,NOT-1,ACPONG014112,CON,8.1375,2017,11,3,03/11/2017,20/06/2016,2016,6,20
906,Nigeria,SE Nigeria,Anambra,Ayamelum,6.9372,6.4725,ACTLNG001221,NOT-1,ACPONG014114,NK,13.71875,2017,11,3,03/11/2017,20/06/2016,2016,6,20
907,Nigeria,SE Nigeria,Anambra,Ayamelum,6.9372,6.4725,ACTLNG001221,NOT-1,ACPONG014117,NP,16.875,2017,11,3,03/11/2017,20/06/2016,2016,6,20
908,Nigeria,SE Nigeria,Anambra,Ayamelum,6.9372,6.4725,ACTLNG001221,NOT-1,ACPONG014111,NPK,17.64375,2017,11,3,03/11/2017,20/06/2016,2016,6,20
909,Nigeria,SE Nigeria,Anambra,Ayamelum,6.9372,6.4725,ACTLNG001221,NOT-1,ACPONG014115,half_NPK,5.675,2017,11,3,03/11/2017,20/06/2016,2016,6,20
910,Nigeria,SE Nigeria,Anambra,Ayamelum,6.9397,6.4804,ACTLNG001222,NOT-1,ACPONG013625,NP,16.1625,2017,11,3,03/11/2017,20/06/2016,2016,6,20
911,Nigeria,SE Nigeria,Anambra,Ayamelum,6.9397,6.4804,ACTLNG001222,NOT-1,ACPONG013622,NK,5.36875,2017,11,3,03/11/2017,20/06/2016,2016,6,20
912,Nigeria,SE Nigeria,Anambra,Ayamelum,6.9397,6.4804,ACTLNG001222,NOT-1,ACPONG013624,PK,25.55625,2017,11,3,03/11/2017,20/06/2016,2016,6,20
913,Nigeria,SE Nigeria,Anambra,Ayamelum,6.9397,6.4804,ACTLNG001222,NOT-1,ACPONG014119,NPK,15.95625,2017,11,3,03/11/2017,20/06/2016,2016,6,20
914,Nigeria,SE Nigeria,Anambra,Ayamelum,6.9397,6.4804,ACTLNG001222,NOT-1,ACPONG013626,NPK,20.14375,2017,11,3,03/11/2017,20/06/2016,2016,6,20
915,Nigeria,SE Nigeria,Anambra,Ayamelum,6.9397,6.4804,ACTLNG001222,NOT-1,ACPONG013623,half_NPK,21.68125,2017,11,3,03/11/2017,20/06/2016,2016,6,20
916,Nigeria,SE Nigeria,Anambra,Ayamelum,6.9397,6.4804,ACTLNG001222,NOT-1,ACPONG014120,CON,14.75,2017,11,3,03/11/2017,20/06/2016,2016,6,20
917,Nigeria,SE Nigeria,Anambra,Ayamelum,6.9397,6.4804,ACTLNG001222,NOT-1,ACPONG013621,NPK_micro,3.51875,2017,11,3,03/11/2017,20/06/2016,2016,6,20
918,Nigeria,SE Nigeria,Anambra,Anambra East,6.9106,6.3329,ACTLNG001223,NOT-1,ACPONG013649,NP,7.64375,2017,11,4,04/11/2017,20/06/2016,2016,6,20
919,Nigeria,SE Nigeria,Anambra,Anambra East,6.9106,6.3329,ACTLNG001223,NOT-1,ACPONG013645,NPK_micro,5.625,2017,11,4,04/11/2017,20/06/2016,2016,6,20
920,Nigeria,SE Nigeria,Anambra,Anambra East,6.9106,6.3329,ACTLNG001223,NOT-1,ACPONG013643,NPK,13.89375,2017,11,4,04/11/2017,20/06/2016,2016,6,20
921,Nigeria,SE Nigeria,Anambra,Anambra East,6.9106,6.3329,ACTLNG001223,NOT-1,ACPONG013651,half_NPK,11.80625,2017,11,4,04/11/2017,20/06/2016,2016,6,20
922,Nigeria,SE Nigeria,Anambra,Anambra East,6.9106,6.3329,ACTLNG001223,NOT-1,ACPONG013646,NK,7.01875,2017,11,4,04/11/2017,20/06/2016,2016,6,20
923,Nigeria,SE Nigeria,Anambra,Anambra East,6.9106,6.3329,ACTLNG001223,NOT-1,ACPONG013650,NPK,3.50625,2017,11,4,04/11/2017,20/06/2016,2016,6,20
924,Nigeria,SE Nigeria,Anambra,Anambra East,6.9106,6.3329,ACTLNG001223,NOT-1,ACPONG013648,PK,10.6125,2017,11,4,04/11/2017,20/06/2016,2016,6,20
925,Nigeria,SE Nigeria,Anambra,Anambra East,6.9106,6.3329,ACTLNG001223,NOT-1,ACPONG013644,CON,4.875,2017,11,4,04/11/2017,20/06/2016,2016,6,20
926,Nigeria,SE Nigeria,Anambra,Anambra East,6.8756,6.3243,ACTLNG001224,NOT-1,ACPONG013655,NPK_micro,20,2017,11,6,06/11/2017,20/06/2016,2016,6,20
927,Nigeria,SE Nigeria,Anambra,Anambra East,6.8756,6.3243,ACTLNG001224,NOT-1,ACPONG013660,NP,15,2017,11,6,06/11/2017,20/06/2016,2016,6,20
928,Nigeria,SE Nigeria,Anambra,Anambra East,6.8756,6.3243,ACTLNG001224,NOT-1,ACPONG013657,half_NPK,16.625,2017,11,6,06/11/2017,20/06/2016,2016,6,20
929,Nigeria,SE Nigeria,Anambra,Anambra East,6.8756,6.3243,ACTLNG001224,NOT-1,ACPONG013653,NPK,23.0625,2017,11,6,06/11/2017,20/06/2016,2016,6,20
930,Nigeria,SE Nigeria,Anambra,Anambra East,6.8756,6.3243,ACTLNG001224,NOT-1,ACPONG013654,CON,15.53125,2017,11,6,06/11/2017,20/06/2016,2016,6,20
931,Nigeria,SE Nigeria,Anambra,Anambra East,6.8756,6.3243,ACTLNG001224,NOT-1,ACPONG013658,PK,15.75,2017,11,6,06/11/2017,20/06/2016,2016,6,20
932,Nigeria,SE Nigeria,Edo,Akoko-Edo,6.0593,7.3302,ACTLNG001260,NOT-1,ACPONG013515,NK,27.5,2017,8,17,17/08/2017,20/06/2016,2016,6,20
933,Nigeria,SE Nigeria,Edo,Akoko-Edo,6.0593,7.3302,ACTLNG001260,NOT-1,ACPONG013518,half_NPK,30.5625,2017,8,17,17/08/2017,20/06/2016,2016,6,20
934,Nigeria,SE Nigeria,Edo,Akoko-Edo,6.0593,7.3302,ACTLNG001260,NOT-1,ACPONG013517,NPK_micro,39.375,2017,8,17,17/08/2017,20/06/2016,2016,6,20
935,Nigeria,SE Nigeria,Edo,Akoko-Edo,6.0593,7.3302,ACTLNG001260,NOT-1,ACPONG013514,PK,29.5,2017,8,17,17/08/2017,20/06/2016,2016,6,20
936,Nigeria,SE Nigeria,Edo,Akoko-Edo,6.0593,7.3302,ACTLNG001260,NOT-1,ACPONG013512,NPK,53.1875,2017,8,17,17/08/2017,20/06/2016,2016,6,20
937,Nigeria,SE Nigeria,Edo,Akoko-Edo,6.0593,7.3302,ACTLNG001260,NOT-1,ACPONG013511,CON,25.5,2017,8,17,17/08/2017,20/06/2016,2016,6,20
938,Nigeria,SE Nigeria,Edo,Akoko-Edo,6.0593,7.3302,ACTLNG001260,NOT-1,ACPONG013516,NP,35.6875,2017,8,17,17/08/2017,20/06/2016,2016,6,20
939,Nigeria,SE Nigeria,Edo,Akoko-Edo,6.0593,7.3302,ACTLNG001260,NOT-1,ACPONG013513,NPK,51.9375,2017,8,17,17/08/2017,20/06/2016,2016,6,20
940,Nigeria,SE Nigeria,Cross River,Ikom,8.6532,6.1433,ACTLNG001265,NOT-2,ACPONG012971,CON,33.57916667,2019,6,19,19/06/2019,06/06/2018,2018,6,6
941,Nigeria,SE Nigeria,Edo,Akoko-Edo,6.0517,7.4086,ACTLNG001284,NOT-1,ACPONG014165,NPK_micro,39.4375,2017,7,16,16/07/2017,20/06/2016,2016,6,20
942,Nigeria,SE Nigeria,Edo,Akoko-Edo,6.0517,7.4086,ACTLNG001284,NOT-1,ACPONG014166,half_NPK,34.0625,2017,7,16,16/07/2017,20/06/2016,2016,6,20
943,Nigeria,SE Nigeria,Edo,Akoko-Edo,6.0517,7.4086,ACTLNG001284,NOT-1,ACPONG013300,NPK,66.5625,2017,7,16,16/07/2017,20/06/2016,2016,6,20
944,Nigeria,SE Nigeria,Edo,Akoko-Edo,6.0517,7.4086,ACTLNG001284,NOT-1,ACPONG014161,NPK,39.125,2017,7,16,16/07/2017,20/06/2016,2016,6,20
945,Nigeria,SE Nigeria,Edo,Akoko-Edo,6.0517,7.4086,ACTLNG001284,NOT-1,ACPONG014163,NK,34.21875,2017,7,16,16/07/2017,20/06/2016,2016,6,20
946,Nigeria,SE Nigeria,Edo,Akoko-Edo,6.0517,7.4086,ACTLNG001284,NOT-1,ACPONG014162,PK,22.6875,2017,7,16,16/07/2017,20/06/2016,2016,6,20
947,Nigeria,SE Nigeria,Edo,Akoko-Edo,6.0517,7.4086,ACTLNG001284,NOT-1,ACPONG014164,NP,23.34375,2017,7,16,16/07/2017,20/06/2016,2016,6,20
948,Nigeria,SE Nigeria,Edo,Akoko-Edo,6.0517,7.4086,ACTLNG001284,NOT-1,ACPONG013299,CON,19.9375,2017,7,16,16/07/2017,20/06/2016,2016,6,20
949,Nigeria,SE Nigeria,Edo,Esan West,6.1448,6.7881,ACTLNG001285,NOT-1,ACPONG013729,half_NPK,28.4375,2017,9,10,10/09/2017,20/06/2016,2016,6,20
950,Nigeria,SE Nigeria,Edo,Esan West,6.1448,6.7881,ACTLNG001285,NOT-1,ACPONG013727,NP,29.125,2017,9,10,10/09/2017,20/06/2016,2016,6,20
951,Nigeria,SE Nigeria,Edo,Esan West,6.1448,6.7881,ACTLNG001285,NOT-1,ACPONG013725,PK,29.5625,2017,9,10,10/09/2017,20/06/2016,2016,6,20
952,Nigeria,SE Nigeria,Edo,Esan West,6.1448,6.7881,ACTLNG001285,NOT-1,ACPONG013726,NK,25.1875,2017,9,10,10/09/2017,20/06/2016,2016,6,20
953,Nigeria,SE Nigeria,Edo,Esan West,6.1448,6.7881,ACTLNG001285,NOT-1,ACPONG013724,NPK,38.875,2017,9,10,10/09/2017,20/06/2016,2016,6,20
954,Nigeria,SE Nigeria,Edo,Esan West,6.1448,6.7881,ACTLNG001285,NOT-1,ACPONG013728,NPK_micro,45.125,2017,9,10,10/09/2017,20/06/2016,2016,6,20
955,Nigeria,SE Nigeria,Edo,Esan West,6.1448,6.7881,ACTLNG001285,NOT-1,ACPONG013722,CON,21.0625,2017,9,10,10/09/2017,20/06/2016,2016,6,20
956,Nigeria,SE Nigeria,Edo,Esan West,6.1448,6.7881,ACTLNG001285,NOT-1,ACPONG013723,NPK,46.5625,2017,9,10,10/09/2017,20/06/2016,2016,6,20
957,Nigeria,SE Nigeria,Cross River,Ogoja,8.8016,6.5925,ACTLNG001289,NOT-1,ACPONG010749,NPK,38.33333333,2018,8,29,29/08/2018,15/06/2017,2017,6,15
958,Nigeria,SE Nigeria,Cross River,Ogoja,8.8016,6.5925,ACTLNG001289,NOT-1,ACPONG012552,PK,25,2018,8,29,29/08/2018,15/06/2017,2017,6,15
959,Nigeria,SE Nigeria,Cross River,Ogoja,8.8016,6.5925,ACTLNG001289,NOT-1,ACPONG014856,NPK,42.08333333,2018,8,29,29/08/2018,15/06/2017,2017,6,15
960,Nigeria,SE Nigeria,Cross River,Ogoja,8.8016,6.5925,ACTLNG001289,NOT-1,ACPONG012551,NP,35.41666667,2018,8,29,29/08/2018,15/06/2017,2017,6,15
961,Nigeria,SE Nigeria,Cross River,Ogoja,NA,NA,ACTLNG001290,NOT-1,ACPONG010723,NPK,39.58333333,NA,NA,NA,,NA,NA,NA,NA
962,Nigeria,SE Nigeria,Cross River,Ogoja,NA,NA,ACTLNG001290,NOT-1,ACPONG010727,NPK_micro,37.08333333,NA,NA,NA,,NA,NA,NA,NA
963,Nigeria,SE Nigeria,Cross River,Ogoja,NA,NA,ACTLNG001290,NOT-1,ACPONG010728,NK,34.16666667,NA,NA,NA,,NA,NA,NA,NA
964,Nigeria,SE Nigeria,Cross River,Ogoja,NA,NA,ACTLNG001290,NOT-1,ACPONG010726,NP,34.58333333,NA,NA,NA,,NA,NA,NA,NA
965,Nigeria,SE Nigeria,Cross River,Yala,8.8563,6.7286,ACTLNG001301,NOT-1,ACPONG012605,NP,65.25,2017,10,2,02/10/2017,20/06/2016,2016,6,20
966,Nigeria,SE Nigeria,Cross River,Yala,8.8563,6.7286,ACTLNG001301,NOT-1,ACPONG012881,NPK,17.75,2017,10,2,02/10/2017,20/06/2016,2016,6,20
967,Nigeria,SE Nigeria,Cross River,Yala,8.8563,6.7286,ACTLNG001301,NOT-1,ACPONG012603,CON,43.4375,2017,10,2,02/10/2017,20/06/2016,2016,6,20
968,Nigeria,SE Nigeria,Cross River,Yala,8.8563,6.7286,ACTLNG001301,NOT-1,ACPONG012606,NPK_micro,48.25,2017,10,2,02/10/2017,20/06/2016,2016,6,20
969,Nigeria,SE Nigeria,Cross River,Yala,8.8563,6.7286,ACTLNG001301,NOT-1,ACPONG012883,PK,41.875,2017,10,2,02/10/2017,20/06/2016,2016,6,20
970,Nigeria,SE Nigeria,Cross River,Yala,8.8563,6.7286,ACTLNG001301,NOT-1,ACPONG012604,NK,31.1875,2017,10,2,02/10/2017,20/06/2016,2016,6,20
971,Nigeria,SE Nigeria,Cross River,Yala,8.8563,6.7286,ACTLNG001301,NOT-1,ACPONG012607,half_NPK,51.25,2017,10,2,02/10/2017,20/06/2016,2016,6,20
972,Nigeria,SE Nigeria,Cross River,Yala,8.8563,6.7286,ACTLNG001301,NOT-1,ACPONG012882,NPK,45.1875,2017,10,2,02/10/2017,20/06/2016,2016,6,20
973,Nigeria,SE Nigeria,Cross River,Ogoja,8.7956,6.5849,ACTLNG001305,NOT-2,ACPONG010717,NK,42.91666667,2018,8,29,29/08/2018,20/06/2017,2017,6,20
974,Nigeria,SE Nigeria,Cross River,Ogoja,8.7956,6.5849,ACTLNG001305,NOT-2,ACPONG034722,PK,27.08333333,2018,8,29,29/08/2018,20/06/2017,2017,6,20
975,Nigeria,SE Nigeria,Cross River,Ogoja,8.7959,6.5851,ACTLNG001310,NOT-2,ACPONG012569,NP,36.25,2018,8,29,29/08/2018,20/06/2017,2017,6,20
976,Nigeria,SE Nigeria,Cross River,Ogoja,8.7959,6.5851,ACTLNG001310,NOT-2,ACPONG012567,NPK,24.58333333,2018,8,29,29/08/2018,20/06/2017,2017,6,20
977,Nigeria,SE Nigeria,Cross River,Ogoja,8.7959,6.5851,ACTLNG001310,NOT-2,ACPONG012555,CON,20,2018,8,29,29/08/2018,20/06/2017,2017,6,20
978,Nigeria,SE Nigeria,Cross River,Ogoja,8.7959,6.5851,ACTLNG001310,NOT-2,ACPONG012562,NPK,30.83333333,2018,8,29,29/08/2018,20/06/2017,2017,6,20
979,Nigeria,SE Nigeria,Edo,Akoko-Edo,6.073,7.4112,ACTLNG001311,NOT-1,ACPONG013295,NK,35.5625,2017,8,19,19/08/2017,20/06/2016,2016,6,20
980,Nigeria,SE Nigeria,Edo,Akoko-Edo,6.073,7.4112,ACTLNG001311,NOT-1,ACPONG013294,PK,28.4375,2017,8,19,19/08/2017,20/06/2016,2016,6,20
981,Nigeria,SE Nigeria,Edo,Akoko-Edo,6.073,7.4112,ACTLNG001311,NOT-1,ACPONG013293,NPK,36.25,2017,8,19,19/08/2017,20/06/2016,2016,6,20
982,Nigeria,SE Nigeria,Edo,Akoko-Edo,6.073,7.4112,ACTLNG001311,NOT-1,ACPONG013296,NP,43.84375,2017,8,19,19/08/2017,20/06/2016,2016,6,20
983,Nigeria,SE Nigeria,Edo,Akoko-Edo,6.073,7.4112,ACTLNG001311,NOT-1,ACPONG013298,half_NPK,30.375,2017,8,19,19/08/2017,20/06/2016,2016,6,20
984,Nigeria,SE Nigeria,Edo,Akoko-Edo,6.073,7.4112,ACTLNG001311,NOT-1,ACPONG013291,CON,22.125,2017,8,19,19/08/2017,20/06/2016,2016,6,20
985,Nigeria,SE Nigeria,Edo,Akoko-Edo,6.073,7.4112,ACTLNG001311,NOT-1,ACPONG013297,NPK_micro,55.76875,2017,8,19,19/08/2017,20/06/2016,2016,6,20
986,Nigeria,SE Nigeria,Edo,Akoko-Edo,6.073,7.4112,ACTLNG001311,NOT-1,ACPONG013292,NPK,54.4375,2017,8,19,19/08/2017,20/06/2016,2016,6,20
987,Nigeria,SE Nigeria,Edo,Esan West,6.1442,6.7889,ACTLNG001314,NOT-1,ACPONG010243,CON,30.75,2017,8,18,18/08/2017,20/06/2016,2016,6,20
988,Nigeria,SE Nigeria,Edo,Esan West,6.1442,6.7889,ACTLNG001314,NOT-1,ACPONG010246,PK,36.40625,2017,8,18,18/08/2017,20/06/2016,2016,6,20
989,Nigeria,SE Nigeria,Edo,Esan West,6.1442,6.7889,ACTLNG001314,NOT-1,ACPONG010248,NP,25.875,2017,8,18,18/08/2017,20/06/2016,2016,6,20
990,Nigeria,SE Nigeria,Edo,Esan West,6.1442,6.7889,ACTLNG001314,NOT-1,ACPONG010247,NK,43.25,2017,8,18,18/08/2017,20/06/2016,2016,6,20
991,Nigeria,SE Nigeria,Edo,Esan West,6.1442,6.7889,ACTLNG001314,NOT-1,ACPONG010244,NPK,55.1875,2017,8,18,18/08/2017,20/06/2016,2016,6,20
992,Nigeria,SE Nigeria,Edo,Esan West,6.1442,6.7889,ACTLNG001314,NOT-1,ACPONG010245,NPK,37.8125,2017,8,18,18/08/2017,20/06/2016,2016,6,20
993,Nigeria,SE Nigeria,Edo,Esan West,6.1442,6.7889,ACTLNG001314,NOT-1,ACPONG010250,half_NPK,34.75,2017,8,18,18/08/2017,20/06/2016,2016,6,20
994,Nigeria,SE Nigeria,Edo,Esan West,6.1442,6.7889,ACTLNG001314,NOT-1,ACPONG010249,NPK_micro,53.59375,2017,8,18,18/08/2017,20/06/2016,2016,6,20
995,Nigeria,SE Nigeria,Cross River,Ogoja,8.7959,6.5849,ACTLNG001334,NOT-1,ACPONG010716,CON,28.33333333,2018,8,29,29/08/2018,30/06/2017,2017,6,30
996,Nigeria,SE Nigeria,Cross River,Ogoja,8.7959,6.5849,ACTLNG001334,NOT-1,ACPONG010701,NK,46.66666667,2018,8,29,29/08/2018,30/06/2017,2017,6,30
997,Nigeria,SE Nigeria,Cross River,Yala,8.7242,6.679,ACTLNG001335,NOT-1,ACPONG003623,NPK,19.16666667,2018,8,30,30/08/2018,21/06/2017,2017,6,21
998,Nigeria,SE Nigeria,Cross River,Yala,8.7242,6.679,ACTLNG001335,NOT-1,ACPONG003615,NPK,23.75,2018,8,30,30/08/2018,21/06/2017,2017,6,21
999,Nigeria,SE Nigeria,Cross River,Yala,8.7242,6.679,ACTLNG001335,NOT-1,ACPONG002459,NK,36.66666667,2018,8,30,30/08/2018,21/06/2017,2017,6,21
1000,Nigeria,SE Nigeria,Cross River,Yala,8.7242,6.679,ACTLNG001335,NOT-1,ACPONG003631,PK,16.25,2018,8,30,30/08/2018,21/06/2017,2017,6,21
1001,Nigeria,SE Nigeria,Cross River,Bekwarra,8.8677,6.7322,ACTLNG001338,NOT-1,ACPONG012674,PK,10.71875,2017,10,4,04/10/2017,20/06/2016,2016,6,20
1002,Nigeria,SE Nigeria,Cross River,Bekwarra,8.8677,6.7322,ACTLNG001338,NOT-1,ACPONG012673,NPK,16.125,2017,10,4,04/10/2017,20/06/2016,2016,6,20
1003,Nigeria,SE Nigeria,Cross River,Bekwarra,8.8677,6.7322,ACTLNG001338,NOT-1,ACPONG012677,NPK_micro,29,2017,10,4,04/10/2017,20/06/2016,2016,6,20
1004,Nigeria,SE Nigeria,Cross River,Bekwarra,8.8677,6.7322,ACTLNG001338,NOT-1,ACPONG012671,CON,17.9375,2017,10,4,04/10/2017,20/06/2016,2016,6,20
1005,Nigeria,SE Nigeria,Cross River,Bekwarra,8.8677,6.7322,ACTLNG001338,NOT-1,ACPONG012678,half_NPK,11.6875,2017,10,4,04/10/2017,20/06/2016,2016,6,20
1006,Nigeria,SE Nigeria,Cross River,Bekwarra,8.8677,6.7322,ACTLNG001338,NOT-1,ACPONG012675,NK,22.75,2017,10,4,04/10/2017,20/06/2016,2016,6,20
1007,Nigeria,SE Nigeria,Cross River,Bekwarra,8.8677,6.7322,ACTLNG001338,NOT-1,ACPONG012676,NP,20.625,2017,10,4,04/10/2017,20/06/2016,2016,6,20
1008,Nigeria,SE Nigeria,Cross River,Bekwarra,8.8677,6.7322,ACTLNG001338,NOT-1,ACPONG012672,NPK,25,2017,10,4,04/10/2017,20/06/2016,2016,6,20
1009,Nigeria,SE Nigeria,Cross River,Yala,8.8575,6.7303,ACTLNG001339,NOT-1,ACPONG012648,half_NPK,17.4375,2017,10,3,03/10/2017,20/06/2016,2016,6,20
1010,Nigeria,SE Nigeria,Cross River,Yala,8.8575,6.7303,ACTLNG001339,NOT-1,ACPONG012645,NK,20,2017,10,3,03/10/2017,20/06/2016,2016,6,20
1011,Nigeria,SE Nigeria,Cross River,Yala,8.8575,6.7303,ACTLNG001339,NOT-1,ACPONG012641,CON,24.375,2017,10,3,03/10/2017,20/06/2016,2016,6,20
1012,Nigeria,SE Nigeria,Cross River,Yala,8.8575,6.7303,ACTLNG001339,NOT-1,ACPONG012647,NPK_micro,29,2017,10,3,03/10/2017,20/06/2016,2016,6,20
1013,Nigeria,SE Nigeria,Cross River,Yala,8.8575,6.7303,ACTLNG001339,NOT-1,ACPONG012643,NPK,15.125,2017,10,3,03/10/2017,20/06/2016,2016,6,20
1014,Nigeria,SE Nigeria,Cross River,Yala,8.8575,6.7303,ACTLNG001339,NOT-1,ACPONG012644,PK,11.25,2017,10,3,03/10/2017,20/06/2016,2016,6,20
1015,Nigeria,SE Nigeria,Cross River,Yala,8.8575,6.7303,ACTLNG001339,NOT-1,ACPONG012642,NPK,24.375,2017,10,3,03/10/2017,20/06/2016,2016,6,20
1016,Nigeria,SE Nigeria,Cross River,Yala,8.8575,6.7303,ACTLNG001339,NOT-1,ACPONG012646,NP,14.0625,2017,10,3,03/10/2017,20/06/2016,2016,6,20
1017,Nigeria,SE Nigeria,Edo,Orhionmwon,6.0466,6.2807,ACTLNG001343,NOT-1,ACPONG013738,NPK_micro,28.33333333,2018,8,15,15/08/2018,16/06/2017,2017,6,16
1018,Nigeria,SE Nigeria,Edo,Orhionmwon,6.0466,6.2807,ACTLNG001343,NOT-1,ACPONG013737,NP,21.25,2018,8,15,15/08/2018,16/06/2017,2017,6,16
1019,Nigeria,SE Nigeria,Edo,Orhionmwon,6.0466,6.2807,ACTLNG001343,NOT-1,ACPONG013735,PK,20,2018,8,15,15/08/2018,16/06/2017,2017,6,16
1020,Nigeria,SE Nigeria,Edo,Orhionmwon,6.0466,6.2807,ACTLNG001343,NOT-1,ACPONG013734,NPK,27.08333333,2018,8,15,15/08/2018,16/06/2017,2017,6,16
1021,Nigeria,SE Nigeria,Edo,Orhionmwon,6.0466,6.2807,ACTLNG001343,NOT-1,ACPONG013739,half_NPK,24.16666667,2018,8,15,15/08/2018,16/06/2017,2017,6,16
1022,Nigeria,SE Nigeria,Edo,Orhionmwon,6.0466,6.2807,ACTLNG001343,NOT-1,ACPONG013733,NPK,24.58333333,2018,8,15,15/08/2018,16/06/2017,2017,6,16
1023,Nigeria,SE Nigeria,Edo,Orhionmwon,6.0466,6.2807,ACTLNG001343,NOT-1,ACPONG013732,CON,15,2018,8,15,15/08/2018,16/06/2017,2017,6,16
1024,Nigeria,SE Nigeria,Edo,Orhionmwon,6.0466,6.2807,ACTLNG001343,NOT-1,ACPONG013736,NK,23.75,2018,8,15,15/08/2018,16/06/2017,2017,6,16
1025,Nigeria,SW Nigeria,Ogun,Ewekoro,3.2129,7.0543,ACTLNG001391,NOT-2,ACPONG006314,PK,11.90333333,2018,7,26,26/07/2018,04/06/2017,2017,6,4
1026,Nigeria,SW Nigeria,Ogun,Ewekoro,3.2129,7.0543,ACTLNG001391,NOT-2,ACPONG006318,half_NPK,11.8,2018,7,26,26/07/2018,04/06/2017,2017,6,4
1027,Nigeria,SW Nigeria,Ogun,Ewekoro,3.2129,7.0543,ACTLNG001391,NOT-2,ACPONG006312,NPK,13.96333333,2018,7,26,26/07/2018,04/06/2017,2017,6,4
1028,Nigeria,SW Nigeria,Ogun,Ewekoro,3.2129,7.0543,ACTLNG001391,NOT-2,ACPONG006311,CON,11.05416667,2018,7,26,26/07/2018,04/06/2017,2017,6,4
1029,Nigeria,SW Nigeria,Ogun,Ewekoro,3.2129,7.0543,ACTLNG001391,NOT-2,ACPONG006313,NPK,5.75625,2018,7,26,26/07/2018,04/06/2017,2017,6,4
1030,Nigeria,SW Nigeria,Ogun,Ewekoro,3.2129,7.0543,ACTLNG001391,NOT-2,ACPONG006316,NP,8.983333333,2018,7,26,26/07/2018,04/06/2017,2017,6,4
1031,Nigeria,SW Nigeria,Ogun,Ewekoro,3.2129,7.0543,ACTLNG001391,NOT-2,ACPONG006315,NK,10.19833333,2018,7,26,26/07/2018,04/06/2017,2017,6,4
1032,Nigeria,SW Nigeria,Ogun,Ewekoro,3.1492,6.9852,ACTLNG001394,NOT-2,ACPONG005006,NP,6.65,2018,6,13,13/06/2018,31/05/2017,2017,5,31
1033,Nigeria,SW Nigeria,Ogun,Ewekoro,3.1492,6.9852,ACTLNG001394,NOT-2,ACPONG005005,NK,17.13333333,2018,6,13,13/06/2018,31/05/2017,2017,5,31
1034,Nigeria,SW Nigeria,Ogun,Ewekoro,3.1492,6.9852,ACTLNG001394,NOT-2,ACPONG005008,half_NPK,14.47916667,2018,6,13,13/06/2018,31/05/2017,2017,5,31
1035,Nigeria,SW Nigeria,Ogun,Ewekoro,3.1492,6.9852,ACTLNG001394,NOT-2,ACPONG005003,NPK,25.15833333,2018,6,13,13/06/2018,31/05/2017,2017,5,31
1036,Nigeria,SW Nigeria,Ogun,Ewekoro,3.1492,6.9852,ACTLNG001394,NOT-2,ACPONG005007,NPK_micro,12.66666667,2018,6,13,13/06/2018,31/05/2017,2017,5,31
1037,Nigeria,SW Nigeria,Ogun,Ewekoro,3.1492,6.9852,ACTLNG001394,NOT-2,ACPONG005002,NPK,22.44583333,2018,6,13,13/06/2018,31/05/2017,2017,5,31
1038,Nigeria,SW Nigeria,Ogun,Ewekoro,3.1492,6.9852,ACTLNG001394,NOT-2,ACPONG005004,PK,18.87916667,2018,6,13,13/06/2018,31/05/2017,2017,5,31
1039,Nigeria,SW Nigeria,Oyo,Ido,NA,NA,ACTLNG001419,NOT-1,ACPONG005141,CON,6.49125,NA,NA,NA,,NA,NA,NA,NA
1040,Nigeria,SW Nigeria,Oyo,Ido,NA,NA,ACTLNG001419,NOT-1,ACPONG005143,NPK,8.685,NA,NA,NA,,NA,NA,NA,NA
1041,Nigeria,SW Nigeria,Oyo,Ido,NA,NA,ACTLNG001419,NOT-1,ACPONG005142,NPK,9.79,NA,NA,NA,,NA,NA,NA,NA
1042,Nigeria,SW Nigeria,Oyo,Ido,NA,NA,ACTLNG001419,NOT-1,ACPONG005147,NPK_micro,10.38583333,NA,NA,NA,,NA,NA,NA,NA
1043,Nigeria,SW Nigeria,Oyo,Ido,NA,NA,ACTLNG001419,NOT-1,ACPONG005144,PK,7.619583333,NA,NA,NA,,NA,NA,NA,NA
1044,Nigeria,SW Nigeria,Oyo,Ido,3.6458,7.5172,ACTLNG001432,NOT-2,ACPONG007718,NPK,26.3975,2018,5,30,30/05/2018,05/06/2017,2017,6,5
1045,Nigeria,SW Nigeria,Oyo,Ido,3.6458,7.5172,ACTLNG001432,NOT-2,ACPONG007722,NPK_micro,25.96708333,2018,5,30,30/05/2018,05/06/2017,2017,6,5
1046,Nigeria,SW Nigeria,Oyo,Ido,3.6458,7.5172,ACTLNG001432,NOT-2,ACPONG007719,PK,31.75,2018,5,30,30/05/2018,05/06/2017,2017,6,5
1047,Nigeria,SW Nigeria,Oyo,Ido,3.6458,7.5172,ACTLNG001432,NOT-2,ACPONG007720,NK,19.43208333,2018,5,30,30/05/2018,05/06/2017,2017,6,5
1048,Nigeria,SW Nigeria,Oyo,Ido,3.6458,7.5172,ACTLNG001432,NOT-2,ACPONG007723,half_NPK,31.07166667,2018,5,30,30/05/2018,05/06/2017,2017,6,5
1049,Nigeria,SW Nigeria,Oyo,Ido,3.6458,7.5172,ACTLNG001432,NOT-2,ACPONG007721,NP,42.68416667,2018,5,30,30/05/2018,05/06/2017,2017,6,5
1050,Nigeria,SW Nigeria,Oyo,Ido,3.6458,7.5172,ACTLNG001433,NOT-2,ACPONG007728,CON,28.265,2018,5,31,31/05/2018,05/06/2017,2017,6,5
1051,Nigeria,SW Nigeria,Oyo,Ido,3.6458,7.5172,ACTLNG001433,NOT-2,ACPONG007734,NPK_micro,26.99583333,2018,5,31,31/05/2018,05/06/2017,2017,6,5
1052,Nigeria,SW Nigeria,Oyo,Ido,3.6458,7.5172,ACTLNG001433,NOT-2,ACPONG007731,PK,27.03041667,2018,5,31,31/05/2018,05/06/2017,2017,6,5
1053,Nigeria,SW Nigeria,Oyo,Ido,3.6458,7.5172,ACTLNG001433,NOT-2,ACPONG007730,NPK,26.89416667,2018,5,31,31/05/2018,05/06/2017,2017,6,5
1054,Nigeria,SW Nigeria,Oyo,Ido,3.6458,7.5172,ACTLNG001433,NOT-2,ACPONG007733,NP,25.84875,2018,5,31,31/05/2018,05/06/2017,2017,6,5
1055,Nigeria,SW Nigeria,Oyo,Ido,3.6458,7.5172,ACTLNG001433,NOT-2,ACPONG007729,NPK,29.34583333,2018,5,31,31/05/2018,05/06/2017,2017,6,5
1056,Nigeria,SW Nigeria,Oyo,Ido,3.6458,7.5172,ACTLNG001433,NOT-2,ACPONG007732,NK,22.1675,2018,5,31,31/05/2018,05/06/2017,2017,6,5
1057,Nigeria,SW Nigeria,Oyo,Ido,3.6458,7.5172,ACTLNG001433,NOT-2,ACPONG007735,half_NPK,34.31291667,2018,5,31,31/05/2018,05/06/2017,2017,6,5
1058,Nigeria,SW Nigeria,Oyo,Ido,3.6444,7.5232,ACTLNG001438,NOT-2,ACPONG007003,PK,18.29208333,2018,5,29,29/05/2018,05/06/2017,2017,6,5
1059,Nigeria,SW Nigeria,Oyo,Ido,3.6444,7.5232,ACTLNG001438,NOT-2,ACPONG007070,NK,24.07791667,2018,5,29,29/05/2018,05/06/2017,2017,6,5
1060,Nigeria,SW Nigeria,Oyo,Ido,3.6444,7.5232,ACTLNG001438,NOT-2,ACPONG007001,NPK,20.83708333,2018,5,29,29/05/2018,05/06/2017,2017,6,5
1061,Nigeria,SW Nigeria,Oyo,Ido,3.6444,7.5232,ACTLNG001438,NOT-2,ACPONG007012,CON,21.11166667,2018,5,29,29/05/2018,05/06/2017,2017,6,5
1062,Nigeria,SW Nigeria,Oyo,Ido,3.6086,7.5699,ACTLNG001449,NOT-2,ACPONG007432,NPK,22.02333333,2018,6,4,04/06/2018,04/06/2017,2017,6,4
1063,Nigeria,SW Nigeria,Oyo,Ido,3.6086,7.5699,ACTLNG001449,NOT-2,ACPONG007374,PK,15.94833333,2018,6,4,04/06/2018,04/06/2017,2017,6,4
1064,Nigeria,SW Nigeria,Oyo,Ido,3.6086,7.5699,ACTLNG001449,NOT-2,ACPONG007435,NK,24.87125,2018,6,4,04/06/2018,04/06/2017,2017,6,4
1065,Nigeria,SW Nigeria,Oyo,Ido,3.6086,7.5699,ACTLNG001449,NOT-2,ACPONG007445,NK,17.0825,2018,6,4,04/06/2018,04/06/2017,2017,6,4
1066,Nigeria,SW Nigeria,Oyo,Ido,3.6086,7.5699,ACTLNG001449,NOT-2,ACPONG007372,NPK,21.31166667,2018,6,4,04/06/2018,04/06/2017,2017,6,4
1067,Nigeria,SW Nigeria,Oyo,Ido,3.6086,7.5699,ACTLNG001449,NOT-2,ACPONG007422,NPK,26.34041667,2018,6,4,04/06/2018,04/06/2017,2017,6,4
1068,Nigeria,SW Nigeria,Oyo,Ido,3.6086,7.5699,ACTLNG001449,NOT-2,ACPONG007425,NK,28.54791667,2018,6,4,04/06/2018,04/06/2017,2017,6,4
1069,Nigeria,SW Nigeria,Oyo,Ido,3.6086,7.5699,ACTLNG001449,NOT-2,ACPONG007431,CON,11.91041667,2018,6,4,04/06/2018,04/06/2017,2017,6,4
1070,Nigeria,SW Nigeria,Oyo,Ido,3.6086,7.5699,ACTLNG001449,NOT-2,ACPONG007446,NP,11.86958333,2018,6,4,04/06/2018,04/06/2017,2017,6,4
1071,Nigeria,SW Nigeria,Oyo,Ido,3.6086,7.5699,ACTLNG001449,NOT-2,ACPONG007375,NK,14.80083333,2018,6,4,04/06/2018,04/06/2017,2017,6,4
1072,Nigeria,SW Nigeria,Oyo,Ido,3.6086,7.5699,ACTLNG001449,NOT-2,ACPONG007448,half_NPK,13.9225,2018,6,4,04/06/2018,04/06/2017,2017,6,4
1073,Nigeria,SW Nigeria,Oyo,Ido,3.6086,7.5699,ACTLNG001449,NOT-2,ACPONG007438,half_NPK,12.16541667,2018,6,4,04/06/2018,04/06/2017,2017,6,4
1074,Nigeria,SW Nigeria,Oyo,Ido,3.6086,7.5699,ACTLNG001449,NOT-2,ACPONG007373,NPK,16.43958333,2018,6,4,04/06/2018,04/06/2017,2017,6,4
1075,Nigeria,SW Nigeria,Oyo,Ido,3.6086,7.5699,ACTLNG001449,NOT-2,ACPONG007443,NPK,13.48083333,2018,6,4,04/06/2018,04/06/2017,2017,6,4
1076,Nigeria,SW Nigeria,Oyo,Ido,3.6086,7.5699,ACTLNG001449,NOT-2,ACPONG007426,NP,21.15791667,2018,6,4,04/06/2018,04/06/2017,2017,6,4
1077,Nigeria,SW Nigeria,Oyo,Ido,3.6086,7.5699,ACTLNG001449,NOT-2,ACPONG007444,PK,14.02875,2018,6,4,04/06/2018,04/06/2017,2017,6,4
1078,Nigeria,SW Nigeria,Oyo,Ido,3.6086,7.5699,ACTLNG001449,NOT-2,ACPONG007376,NP,13.03833333,2018,6,4,04/06/2018,04/06/2017,2017,6,4
1079,Nigeria,SW Nigeria,Oyo,Ido,3.6086,7.5699,ACTLNG001449,NOT-2,ACPONG007423,NPK,17.73041667,2018,6,4,04/06/2018,04/06/2017,2017,6,4
1080,Nigeria,SW Nigeria,Oyo,Ido,3.6086,7.5699,ACTLNG001449,NOT-2,ACPONG007434,PK,17.91375,2018,6,4,04/06/2018,04/06/2017,2017,6,4
1081,Nigeria,SW Nigeria,Oyo,Ido,3.6086,7.5699,ACTLNG001449,NOT-2,ACPONG007428,half_NPK,14.38041667,2018,6,4,04/06/2018,04/06/2017,2017,6,4
1082,Nigeria,SW Nigeria,Oyo,Ido,3.6086,7.5699,ACTLNG001449,NOT-2,ACPONG007441,CON,16.50541667,2018,6,4,04/06/2018,04/06/2017,2017,6,4
1083,Nigeria,SW Nigeria,Oyo,Ido,3.6086,7.5699,ACTLNG001449,NOT-2,ACPONG007421,CON,13.92916667,2018,6,4,04/06/2018,04/06/2017,2017,6,4
1084,Nigeria,SW Nigeria,Oyo,Ido,3.6086,7.5699,ACTLNG001449,NOT-2,ACPONG007371,CON,7.7125,2018,6,4,04/06/2018,04/06/2017,2017,6,4
1085,Nigeria,SW Nigeria,Oyo,Ido,3.6086,7.5699,ACTLNG001449,NOT-2,ACPONG007378,half_NPK,23.60125,2018,6,4,04/06/2018,04/06/2017,2017,6,4
1086,Nigeria,SW Nigeria,Oyo,Ido,3.6086,7.5699,ACTLNG001449,NOT-2,ACPONG007424,PK,5.239583333,2018,6,4,04/06/2018,04/06/2017,2017,6,4
1087,Nigeria,SW Nigeria,Oyo,Oyo West,3.8355,7.8566,ACTLNG001451,NOT-1,ACPONG007203,NPK,11.65833333,2018,6,29,29/06/2018,13/07/2017,2017,7,13
1088,Nigeria,SW Nigeria,Oyo,Oyo West,3.8355,7.8566,ACTLNG001451,NOT-1,ACPONG007206,NP,11.89208333,2018,6,29,29/06/2018,13/07/2017,2017,7,13
1089,Nigeria,SW Nigeria,Oyo,Oyo West,3.8355,7.8566,ACTLNG001451,NOT-1,ACPONG007204,PK,5.7425,2018,6,29,29/06/2018,13/07/2017,2017,7,13
1090,Nigeria,SW Nigeria,Oyo,Oyo West,3.8355,7.8566,ACTLNG001451,NOT-1,ACPONG007201,CON,3.873333333,2018,6,29,29/06/2018,13/07/2017,2017,7,13
1091,Nigeria,SW Nigeria,Oyo,Oyo West,3.8355,7.8566,ACTLNG001451,NOT-1,ACPONG007207,NPK_micro,15.36666667,2018,6,29,29/06/2018,13/07/2017,2017,7,13
1092,Nigeria,SW Nigeria,Oyo,Oyo West,3.8355,7.8566,ACTLNG001451,NOT-1,ACPONG007205,NK,12.79333333,2018,6,29,29/06/2018,13/07/2017,2017,7,13
1093,Nigeria,SW Nigeria,Oyo,Oyo West,3.8355,7.8566,ACTLNG001452,NOT-1,ACPONG007389,NPK,11.65833333,2018,6,28,28/06/2018,13/07/2017,2017,7,13
1094,Nigeria,SW Nigeria,Oyo,Afijio,3.8907,7.7555,ACTLNG001460,NOT-2,ACPONG007829,NPK,23.8675,2018,6,27,27/06/2018,13/07/2017,2017,7,13
1095,Nigeria,SW Nigeria,Oyo,Afijio,3.8907,7.7555,ACTLNG001460,NOT-2,ACPONG007827,CON,11.81958333,2018,6,27,27/06/2018,13/07/2017,2017,7,13
1096,Nigeria,SW Nigeria,Oyo,Afijio,3.8907,7.7555,ACTLNG001460,NOT-2,ACPONG007830,PK,15.2675,2018,6,27,27/06/2018,13/07/2017,2017,7,13
1097,Nigeria,SW Nigeria,Oyo,Afijio,3.8907,7.7555,ACTLNG001460,NOT-2,ACPONG007842,NP,23.44208333,2018,6,27,27/06/2018,13/07/2017,2017,7,13
1098,Nigeria,SW Nigeria,Oyo,Afijio,3.8907,7.7555,ACTLNG001460,NOT-2,ACPONG007841,NK,12.7875,2018,6,27,27/06/2018,13/07/2017,2017,7,13
1099,Nigeria,SW Nigeria,Oyo,Afijio,3.8907,7.7555,ACTLNG001460,NOT-2,ACPONG007843,NPK_micro,25.56991667,2018,6,27,27/06/2018,13/07/2017,2017,7,13
1100,Nigeria,SW Nigeria,Oyo,Afijio,3.8907,7.7555,ACTLNG001460,NOT-2,ACPONG007844,half_NPK,8.304583333,2018,6,27,27/06/2018,13/07/2017,2017,7,13
1101,Nigeria,SW Nigeria,Oyo,Saki East,3.6084,8.5912,ACTLNG001471,NOT-2,ACPONG007307,NK,18.71541667,2018,7,18,18/07/2018,04/07/2017,2017,7,4
1102,Nigeria,SW Nigeria,Oyo,Saki East,3.6084,8.5912,ACTLNG001471,NOT-2,ACPONG007323,NPK,11.04666667,2018,7,18,18/07/2018,04/07/2017,2017,7,4
1103,Nigeria,SW Nigeria,Oyo,Saki East,3.6084,8.5912,ACTLNG001471,NOT-2,ACPONG007314,PK,20.73875,2018,7,18,18/07/2018,04/07/2017,2017,7,4
1104,Nigeria,SW Nigeria,Oyo,Saki East,3.6084,8.5912,ACTLNG001471,NOT-2,ACPONG007581,CON,14.29041667,2018,7,18,18/07/2018,04/07/2017,2017,7,4
1105,Nigeria,SW Nigeria,Oyo,Saki East,3.6084,8.5912,ACTLNG001471,NOT-2,ACPONG007304,NPK,13.0875,2018,7,18,18/07/2018,04/07/2017,2017,7,4
1106,Nigeria,SW Nigeria,Oyo,Saki East,3.6084,8.5912,ACTLNG001471,NOT-2,ACPONG007584,PK,7.949583333,2018,7,18,18/07/2018,04/07/2017,2017,7,4
1107,Nigeria,SW Nigeria,Oyo,Saki East,3.6084,8.5912,ACTLNG001471,NOT-2,ACPONG007838,half_NPK,10.2025,2018,7,18,18/07/2018,04/07/2017,2017,7,4
1108,Nigeria,SW Nigeria,Oyo,Saki East,3.6084,8.5912,ACTLNG001471,NOT-2,ACPONG007582,NPK,15.27916667,2018,7,18,18/07/2018,04/07/2017,2017,7,4
1109,Nigeria,SW Nigeria,Oyo,Saki East,3.6084,8.5912,ACTLNG001471,NOT-2,ACPONG007583,NPK,8.215,2018,7,18,18/07/2018,04/07/2017,2017,7,4
1110,Nigeria,SW Nigeria,Oyo,Saki East,3.6084,8.5912,ACTLNG001471,NOT-2,ACPONG007326,NP,5.297083333,2018,7,18,18/07/2018,04/07/2017,2017,7,4
1111,Nigeria,SW Nigeria,Oyo,Saki East,3.6084,8.5912,ACTLNG001471,NOT-2,ACPONG007316,NP,15.1425,2018,7,18,18/07/2018,04/07/2017,2017,7,4
1112,Nigeria,SW Nigeria,Oyo,Saki East,3.6084,8.5912,ACTLNG001471,NOT-2,ACPONG007313,NPK,14.59541667,2018,7,18,18/07/2018,04/07/2017,2017,7,4
1113,Nigeria,SW Nigeria,Oyo,Saki East,3.6084,8.5912,ACTLNG001471,NOT-2,ACPONG007322,NPK,12.33541667,2018,7,18,18/07/2018,04/07/2017,2017,7,4
1114,Nigeria,SW Nigeria,Oyo,Saki East,3.6084,8.5912,ACTLNG001471,NOT-2,ACPONG007318,half_NPK,6.549166667,2018,7,18,18/07/2018,04/07/2017,2017,7,4
1115,Nigeria,SW Nigeria,Oyo,Saki East,3.6084,8.5912,ACTLNG001471,NOT-2,ACPONG007305,NPK,10.555,2018,7,18,18/07/2018,04/07/2017,2017,7,4
1116,Nigeria,SW Nigeria,Oyo,Saki East,3.6084,8.5912,ACTLNG001471,NOT-2,ACPONG007312,NPK,16.92291667,2018,7,18,18/07/2018,04/07/2017,2017,7,4
1117,Nigeria,SW Nigeria,Oyo,Saki East,3.6084,8.5912,ACTLNG001471,NOT-2,ACPONG007321,CON,11.62875,2018,7,18,18/07/2018,04/07/2017,2017,7,4
1118,Nigeria,SW Nigeria,Oyo,Saki East,3.6084,8.5912,ACTLNG001471,NOT-2,ACPONG007324,PK,15.12833333,2018,7,18,18/07/2018,04/07/2017,2017,7,4
1119,Nigeria,SW Nigeria,Oyo,Saki East,3.6084,8.5912,ACTLNG001471,NOT-2,ACPONG007325,NK,26.63875,2018,7,18,18/07/2018,04/07/2017,2017,7,4
1120,Nigeria,SW Nigeria,Oyo,Saki East,3.6084,8.5912,ACTLNG001471,NOT-2,ACPONG007586,NP,9.077916667,2018,7,18,18/07/2018,04/07/2017,2017,7,4
1121,Nigeria,SW Nigeria,Oyo,Saki East,3.6084,8.5912,ACTLNG001471,NOT-2,ACPONG007310,half_NPK,14.71708333,2018,7,18,18/07/2018,04/07/2017,2017,7,4
1122,Nigeria,SW Nigeria,Oyo,Saki East,3.6084,8.5912,ACTLNG001471,NOT-2,ACPONG007308,NP,10.38458333,2018,7,18,18/07/2018,04/07/2017,2017,7,4
1123,Nigeria,SW Nigeria,Oyo,Saki East,3.6084,8.5912,ACTLNG001471,NOT-2,ACPONG007588,half_NPK,6.802083333,2018,7,18,18/07/2018,04/07/2017,2017,7,4
1124,Nigeria,SW Nigeria,Oyo,Saki East,3.6084,8.5912,ACTLNG001471,NOT-2,ACPONG007303,CON,8.477916667,2018,7,18,18/07/2018,04/07/2017,2017,7,4
1125,Nigeria,SW Nigeria,Oyo,Saki East,3.6084,8.5912,ACTLNG001471,NOT-2,ACPONG007311,CON,17.79875,2018,7,18,18/07/2018,04/07/2017,2017,7,4
1126,Nigeria,SW Nigeria,Oyo,Saki East,3.6084,8.5912,ACTLNG001471,NOT-2,ACPONG007585,NK,10.45833333,2018,7,18,18/07/2018,04/07/2017,2017,7,4
1127,Nigeria,SW Nigeria,Oyo,Saki East,3.6084,8.5912,ACTLNG001471,NOT-2,ACPONG007306,PK,9.087083333,2018,7,18,18/07/2018,04/07/2017,2017,7,4
1128,Nigeria,SW Nigeria,Oyo,Saki East,3.6084,8.5912,ACTLNG001471,NOT-2,ACPONG007315,NK,8.6125,2018,7,18,18/07/2018,04/07/2017,2017,7,4
1129,Nigeria,SW Nigeria,Oyo,Saki East,3.6085,8.5906,ACTLNG001476,NOT-2,ACPONG007616,NP,20.08166667,2018,7,25,25/07/2018,06/07/2017,2017,7,6
1130,Nigeria,SW Nigeria,Oyo,Saki East,3.6085,8.5906,ACTLNG001476,NOT-2,ACPONG007615,NK,20.95541667,2018,7,25,25/07/2018,06/07/2017,2017,7,6
1131,Nigeria,SW Nigeria,Oyo,Saki East,3.6085,8.5906,ACTLNG001476,NOT-2,ACPONG007614,PK,25.96791667,2018,7,25,25/07/2018,06/07/2017,2017,7,6
1132,Nigeria,SW Nigeria,Oyo,Saki East,3.6085,8.5906,ACTLNG001476,NOT-2,ACPONG007618,half_NPK,19.795,2018,7,25,25/07/2018,06/07/2017,2017,7,6
1133,Nigeria,SW Nigeria,Oyo,Saki East,3.6085,8.5906,ACTLNG001476,NOT-2,ACPONG007613,NPK,24.29666667,2018,7,25,25/07/2018,06/07/2017,2017,7,6
1134,Nigeria,SW Nigeria,Oyo,Saki East,3.6085,8.5906,ACTLNG001476,NOT-2,ACPONG007611,CON,19.81625,2018,7,25,25/07/2018,06/07/2017,2017,7,6
1135,Nigeria,SW Nigeria,Oyo,Saki East,3.6085,8.5906,ACTLNG001476,NOT-2,ACPONG007612,NPK,13.7625,2018,7,25,25/07/2018,06/07/2017,2017,7,6
1136,Nigeria,SW Nigeria,Oyo,Saki East,3.6085,8.5906,ACTLNG001476,NOT-2,ACPONG007617,NPK_micro,19.99791667,2018,7,25,25/07/2018,06/07/2017,2017,7,6
1137,Nigeria,SW Nigeria,Oyo,Afijio,3.8894,7.7558,ACTLNG001480,NOT-2,ACPONG007868,PK,15.80416667,2018,6,26,26/06/2018,13/07/2017,2017,7,13
1138,Nigeria,SW Nigeria,Oyo,Afijio,3.8894,7.7558,ACTLNG001480,NOT-2,ACPONG007831,NPK_micro,17.98625,2018,6,26,26/06/2018,13/07/2017,2017,7,13
1139,Nigeria,SW Nigeria,Oyo,Afijio,3.8894,7.7558,ACTLNG001480,NOT-2,ACPONG007866,NPK,26.00375,2018,6,26,26/06/2018,13/07/2017,2017,7,13
1140,Nigeria,SW Nigeria,Oyo,Afijio,3.8894,7.7558,ACTLNG001480,NOT-2,ACPONG007865,CON,15.23083333,2018,6,26,26/06/2018,13/07/2017,2017,7,13
1141,Nigeria,SW Nigeria,Oyo,Afijio,3.8894,7.7558,ACTLNG001480,NOT-2,ACPONG007870,NP,25.83416667,2018,6,26,26/06/2018,13/07/2017,2017,7,13
1142,Nigeria,SW Nigeria,Oyo,Afijio,3.8894,7.7558,ACTLNG001480,NOT-2,ACPONG007869,NK,19.1375,2018,6,26,26/06/2018,13/07/2017,2017,7,13
1143,Nigeria,SW Nigeria,Oyo,Afijio,3.8894,7.7558,ACTLNG001480,NOT-2,ACPONG007832,half_NPK,22.61208333,2018,6,26,26/06/2018,13/07/2017,2017,7,13
1144,Nigeria,SW Nigeria,Oyo,Saki East,3.6084,8.5913,ACTLNG001483,NOT-2,ACPONG007651,NPK_micro,24.11375,2018,7,24,24/07/2018,04/07/2017,2017,7,4
1145,Nigeria,SW Nigeria,Oyo,Saki East,3.6084,8.5913,ACTLNG001483,NOT-2,ACPONG007650,NP,22.92416667,2018,7,24,24/07/2018,04/07/2017,2017,7,4
1146,Nigeria,SW Nigeria,Oyo,Saki East,3.6084,8.5913,ACTLNG001483,NOT-2,ACPONG007647,NPK,22.31625,2018,7,24,24/07/2018,04/07/2017,2017,7,4
1147,Nigeria,SW Nigeria,Oyo,Saki East,3.6084,8.5913,ACTLNG001483,NOT-2,ACPONG007648,PK,22.06833333,2018,7,24,24/07/2018,04/07/2017,2017,7,4
1148,Nigeria,SW Nigeria,Oyo,Saki East,3.6084,8.5913,ACTLNG001483,NOT-2,ACPONG007652,half_NPK,15.45583333,2018,7,24,24/07/2018,04/07/2017,2017,7,4
1149,Nigeria,SW Nigeria,Oyo,Saki East,3.6084,8.5913,ACTLNG001483,NOT-2,ACPONG007646,NPK,20.94,2018,7,24,24/07/2018,04/07/2017,2017,7,4
1150,Nigeria,SW Nigeria,Oyo,Saki East,3.6084,8.5913,ACTLNG001483,NOT-2,ACPONG007649,NK,15.34041667,2018,7,24,24/07/2018,04/07/2017,2017,7,4
1151,Nigeria,SW Nigeria,Oyo,Saki East,3.6084,8.5913,ACTLNG001483,NOT-2,ACPONG007645,CON,22.39666667,2018,7,24,24/07/2018,04/07/2017,2017,7,4
1152,Nigeria,SW Nigeria,Oyo,Ibarapa Central,3.3342,7.4173,ACTLNG001490,NOT-2,ACPONG007885,NPK_micro,21.43166667,2018,7,27,27/07/2018,08/07/2017,2017,7,8
1153,Nigeria,SW Nigeria,Oyo,Ibarapa Central,3.3342,7.4173,ACTLNG001490,NOT-2,ACPONG007880,NPK,20.31791667,2018,7,27,27/07/2018,08/07/2017,2017,7,8
1154,Nigeria,SW Nigeria,Oyo,Ibarapa Central,3.3342,7.4173,ACTLNG001490,NOT-2,ACPONG007886,half_NPK,21.88208333,2018,7,27,27/07/2018,08/07/2017,2017,7,8
1155,Nigeria,SW Nigeria,Oyo,Ibarapa Central,3.3342,7.4173,ACTLNG001490,NOT-2,ACPONG007883,NK,22.53791667,2018,7,27,27/07/2018,08/07/2017,2017,7,8
1156,Nigeria,SW Nigeria,Oyo,Ibarapa Central,3.3342,7.4173,ACTLNG001490,NOT-2,ACPONG007882,PK,16.43291667,2018,7,27,27/07/2018,08/07/2017,2017,7,8
1157,Nigeria,SW Nigeria,Oyo,Ibarapa Central,3.3342,7.4173,ACTLNG001490,NOT-2,ACPONG007879,CON,21.82166667,2018,7,27,27/07/2018,08/07/2017,2017,7,8
1158,Nigeria,SW Nigeria,Oyo,Ibarapa Central,3.3342,7.4173,ACTLNG001490,NOT-2,ACPONG007884,NP,17.51125,2018,7,27,27/07/2018,08/07/2017,2017,7,8
1159,Nigeria,SW Nigeria,Oyo,Saki East,3.6067,8.6076,ACTLNG001494,NOT-2,ACPONG007927,CON,16.60958333,2018,7,28,28/07/2018,16/07/2017,2017,7,16
1160,Nigeria,SW Nigeria,Oyo,Saki East,3.6067,8.6076,ACTLNG001494,NOT-2,ACPONG007930,PK,14.48416667,2018,7,28,28/07/2018,16/07/2017,2017,7,16
1161,Nigeria,SW Nigeria,Oyo,Saki East,3.6067,8.6076,ACTLNG001494,NOT-2,ACPONG007932,NP,19.43416667,2018,7,28,28/07/2018,16/07/2017,2017,7,16
1162,Nigeria,SW Nigeria,Oyo,Saki East,3.6067,8.6076,ACTLNG001494,NOT-2,ACPONG007933,NPK_micro,21.02833333,2018,7,28,28/07/2018,16/07/2017,2017,7,16
1163,Nigeria,SW Nigeria,Oyo,Saki East,3.6067,8.6076,ACTLNG001494,NOT-2,ACPONG007934,half_NPK,21.06291667,2018,7,28,28/07/2018,16/07/2017,2017,7,16
1164,Nigeria,SW Nigeria,Oyo,Saki East,3.6067,8.6076,ACTLNG001494,NOT-2,ACPONG007931,NK,29.80625,2018,7,28,28/07/2018,16/07/2017,2017,7,16
1165,Nigeria,SW Nigeria,Oyo,Saki East,3.6067,8.6076,ACTLNG001494,NOT-2,ACPONG007929,NPK,23.79583333,2018,7,28,28/07/2018,16/07/2017,2017,7,16
1166,Nigeria,SW Nigeria,Oyo,Saki East,3.6067,8.6076,ACTLNG001494,NOT-2,ACPONG007928,NPK,20.84083333,2018,7,28,28/07/2018,16/07/2017,2017,7,16
1167,Nigeria,SW Nigeria,Oyo,Saki East,3.6869,8.5928,ACTLNG001496,NOT-2,ACPONG007896,PK,21.27791667,2018,8,10,10/08/2018,16/07/2017,2017,7,16
1168,Nigeria,SW Nigeria,Oyo,Saki East,3.6869,8.5928,ACTLNG001496,NOT-2,ACPONG007895,NPK,28.64708333,2018,8,10,10/08/2018,16/07/2017,2017,7,16
1169,Nigeria,SW Nigeria,Oyo,Saki East,3.6869,8.5928,ACTLNG001496,NOT-2,ACPONG007900,half_NPK,16.14041667,2018,8,10,10/08/2018,16/07/2017,2017,7,16
1170,Nigeria,SW Nigeria,Oyo,Saki East,3.6869,8.5928,ACTLNG001496,NOT-2,ACPONG007899,NPK_micro,30.37125,2018,8,10,10/08/2018,16/07/2017,2017,7,16
1171,Nigeria,SW Nigeria,Oyo,Saki East,3.6869,8.5928,ACTLNG001496,NOT-2,ACPONG007898,NP,22.82958333,2018,8,10,10/08/2018,16/07/2017,2017,7,16
1172,Nigeria,SW Nigeria,Oyo,Saki East,3.6869,8.5928,ACTLNG001496,NOT-2,ACPONG007894,NPK,38.94875,2018,8,10,10/08/2018,16/07/2017,2017,7,16
1173,Nigeria,SW Nigeria,Oyo,Saki East,3.6869,8.5928,ACTLNG001496,NOT-2,ACPONG007897,NK,36.105,2018,8,10,10/08/2018,16/07/2017,2017,7,16
1174,Nigeria,SW Nigeria,Oyo,Saki East,3.6869,8.5928,ACTLNG001496,NOT-2,ACPONG007893,CON,26.51375,2018,8,10,10/08/2018,16/07/2017,2017,7,16
1175,Nigeria,SW Nigeria,Oyo,Ido,NA,NA,ACTLNG001503,NOT-2,ACPONG007517,NPK_micro,10.73791667,NA,NA,NA,,NA,NA,NA,NA
1176,Nigeria,SW Nigeria,Oyo,Ido,NA,NA,ACTLNG001503,NOT-2,ACPONG007514,PK,12.79666667,NA,NA,NA,,NA,NA,NA,NA
1177,Nigeria,SW Nigeria,Oyo,Ido,NA,NA,ACTLNG001503,NOT-2,ACPONG007516,NP,13.48458333,NA,NA,NA,,NA,NA,NA,NA
1178,Nigeria,SW Nigeria,Oyo,Ido,NA,NA,ACTLNG001503,NOT-2,ACPONG007513,NPK,11.72625,NA,NA,NA,,NA,NA,NA,NA
1179,Nigeria,SW Nigeria,Oyo,Ido,NA,NA,ACTLNG001503,NOT-2,ACPONG007515,NK,9.439166667,NA,NA,NA,,NA,NA,NA,NA
1180,Nigeria,SW Nigeria,Oyo,Ido,NA,NA,ACTLNG001503,NOT-2,ACPONG007511,CON,9.795416667,NA,NA,NA,,NA,NA,NA,NA
1181,Nigeria,SW Nigeria,Oyo,Ido,NA,NA,ACTLNG001503,NOT-2,ACPONG007518,half_NPK,9.322083333,NA,NA,NA,,NA,NA,NA,NA
1182,Nigeria,SW Nigeria,Oyo,Ido,NA,NA,ACTLNG001503,NOT-2,ACPONG007512,NPK,10.16875,NA,NA,NA,,NA,NA,NA,NA
1183,Nigeria,SW Nigeria,Oyo,Ido,3.6763,7.5001,ACTLNG001504,NOT-1,ACPONG007110,NPK,20.3175,2017,7,11,11/07/2017,15/07/2016,2016,7,15
1184,Nigeria,SW Nigeria,Oyo,Ido,3.6763,7.5001,ACTLNG001504,NOT-1,ACPONG007111,NPK,52.811875,2017,7,11,11/07/2017,15/07/2016,2016,7,15
1185,Nigeria,SW Nigeria,Oyo,Ido,3.6763,7.5001,ACTLNG001504,NOT-1,ACPONG007106,NK,55.25625,2017,7,11,11/07/2017,15/07/2016,2016,7,15
1186,Nigeria,SW Nigeria,Oyo,Ido,3.6763,7.5001,ACTLNG001504,NOT-1,ACPONG007105,CON,11.961875,2017,7,11,11/07/2017,15/07/2016,2016,7,15
1187,Nigeria,SW Nigeria,Oyo,Ido,3.6763,7.5001,ACTLNG001504,NOT-1,ACPONG007112,half_NPK,39.491875,2017,7,11,11/07/2017,15/07/2016,2016,7,15
1188,Nigeria,SW Nigeria,Oyo,Ido,3.6763,7.5001,ACTLNG001504,NOT-1,ACPONG007107,NP,54.588125,2017,7,11,11/07/2017,15/07/2016,2016,7,15
1189,Nigeria,SW Nigeria,Oyo,Ibarapa Central,3.3342,7.4173,ACTLNG001507,NOT-1,ACPONG007984,NPK,7.61875,2018,6,20,20/06/2018,08/07/2017,2017,7,8
1190,Nigeria,SW Nigeria,Oyo,Ibarapa Central,3.3342,7.4173,ACTLNG001507,NOT-1,ACPONG007986,PK,2.624583333,2018,6,20,20/06/2018,08/07/2017,2017,7,8
1191,Nigeria,SW Nigeria,Oyo,Ibarapa Central,3.3342,7.4173,ACTLNG001507,NOT-1,ACPONG007989,NPK_micro,4.53375,2018,6,20,20/06/2018,08/07/2017,2017,7,8
1192,Nigeria,SW Nigeria,Oyo,Ibarapa Central,3.3342,7.4173,ACTLNG001507,NOT-1,ACPONG007988,NP,2.177083333,2018,6,20,20/06/2018,08/07/2017,2017,7,8
1193,Nigeria,SW Nigeria,Oyo,Ibarapa Central,3.3342,7.4173,ACTLNG001507,NOT-1,ACPONG007990,half_NPK,5.522083333,2018,6,20,20/06/2018,08/07/2017,2017,7,8
1194,Nigeria,SW Nigeria,Oyo,Ibarapa Central,3.3342,7.4173,ACTLNG001507,NOT-1,ACPONG007983,CON,4.777916667,2018,6,20,20/06/2018,08/07/2017,2017,7,8
1195,Nigeria,SW Nigeria,Oyo,Ibarapa Central,3.3342,7.4173,ACTLNG001507,NOT-1,ACPONG007985,NPK,4.650833333,2018,6,20,20/06/2018,08/07/2017,2017,7,8
1196,Nigeria,SW Nigeria,Oyo,Ibarapa Central,3.3342,7.4173,ACTLNG001507,NOT-1,ACPONG007987,NK,3.857083333,2018,6,20,20/06/2018,08/07/2017,2017,7,8
1197,Nigeria,SW Nigeria,Oyo,Saki West,3.328,8.7685,ACTLNG001567,NOT-1,ACPONG006847,NPK_micro,17.37458333,2018,8,11,11/08/2018,15/07/2017,2017,7,15
1198,Nigeria,SW Nigeria,Oyo,Saki West,3.328,8.7685,ACTLNG001567,NOT-1,ACPONG006846,NP,21.9675,2018,8,11,11/08/2018,15/07/2017,2017,7,15
1199,Nigeria,SW Nigeria,Oyo,Saki West,3.328,8.7685,ACTLNG001567,NOT-1,ACPONG006843,NPK,20.96833333,2018,8,11,11/08/2018,15/07/2017,2017,7,15
1200,Nigeria,SW Nigeria,Oyo,Saki West,3.328,8.7685,ACTLNG001567,NOT-1,ACPONG006845,NK,20.4375,2018,8,11,11/08/2018,15/07/2017,2017,7,15
1201,Nigeria,SW Nigeria,Oyo,Saki West,3.3227,8.7756,ACTLNG001571,NOT-1,ACPONG006927,NK,16.52875,2018,8,15,15/08/2018,19/07/2017,2017,7,19
1202,Nigeria,SW Nigeria,Oyo,Saki West,3.3227,8.7756,ACTLNG001571,NOT-1,ACPONG006926,PK,17.77958333,2018,8,15,15/08/2018,19/07/2017,2017,7,19
1203,Nigeria,SW Nigeria,Oyo,Saki West,3.3227,8.7756,ACTLNG001571,NOT-1,ACPONG006928,NP,14.885,2018,8,15,15/08/2018,19/07/2017,2017,7,19
1204,Nigeria,SW Nigeria,Oyo,Saki West,3.3227,8.7756,ACTLNG001571,NOT-1,ACPONG006924,NPK,7.877083333,2018,8,15,15/08/2018,19/07/2017,2017,7,19
1205,Nigeria,SW Nigeria,Oyo,Saki West,3.3227,8.7756,ACTLNG001571,NOT-1,ACPONG006923,CON,7.925,2018,8,15,15/08/2018,19/07/2017,2017,7,19
1206,Nigeria,SW Nigeria,Oyo,Saki West,3.3227,8.7756,ACTLNG001571,NOT-1,ACPONG006925,NPK,19.06916667,2018,8,15,15/08/2018,19/07/2017,2017,7,19
1207,Nigeria,SW Nigeria,Oyo,Saki West,3.3227,8.7756,ACTLNG001572,NOT-2,ACPONG006912,NPK,19.12958333,2018,8,12,12/08/2018,19/07/2017,2017,7,19
1208,Nigeria,SW Nigeria,Oyo,Saki West,3.3227,8.7756,ACTLNG001572,NOT-2,ACPONG006911,CON,18.40083333,2018,8,12,12/08/2018,19/07/2017,2017,7,19
1209,Nigeria,SW Nigeria,Oyo,Saki West,3.3227,8.7756,ACTLNG001572,NOT-2,ACPONG006917,NPK_micro,22.30083333,2018,8,12,12/08/2018,19/07/2017,2017,7,19
1210,Nigeria,SW Nigeria,Oyo,Saki West,3.3227,8.7756,ACTLNG001572,NOT-2,ACPONG006913,NPK,23.32791667,2018,8,12,12/08/2018,19/07/2017,2017,7,19
1211,Nigeria,SW Nigeria,Oyo,Saki West,3.3227,8.7756,ACTLNG001572,NOT-2,ACPONG006915,NK,25.31583333,2018,8,12,12/08/2018,19/07/2017,2017,7,19
1212,Nigeria,SW Nigeria,Oyo,Saki West,3.3227,8.7756,ACTLNG001572,NOT-2,ACPONG006918,half_NPK,19.265,2018,8,12,12/08/2018,19/07/2017,2017,7,19
1213,Nigeria,SW Nigeria,Oyo,Saki West,3.3227,8.7756,ACTLNG001572,NOT-2,ACPONG006916,NP,19.6325,2018,8,12,12/08/2018,19/07/2017,2017,7,19
1214,Nigeria,SW Nigeria,Oyo,Saki West,3.3227,8.7756,ACTLNG001572,NOT-2,ACPONG006914,PK,19.73916667,2018,8,12,12/08/2018,19/07/2017,2017,7,19
1215,Nigeria,SW Nigeria,Ogun,Ifo,3.1351,6.8482,ACTLNG001588,NOT-2,ACPONG009953,NPK_micro,5.179166667,2018,11,8,08/11/2018,20/07/2017,2017,7,20
1216,Nigeria,SW Nigeria,Ogun,Ifo,3.1351,6.8482,ACTLNG001588,NOT-2,ACPONG005970,NPK,5.566666667,2018,11,8,08/11/2018,20/07/2017,2017,7,20
1217,Nigeria,SW Nigeria,Ogun,Ifo,3.1351,6.8482,ACTLNG001588,NOT-2,ACPONG009960,PK,3.55,2018,11,8,08/11/2018,20/07/2017,2017,7,20
1218,Nigeria,SW Nigeria,Ogun,Ifo,3.1351,6.8482,ACTLNG001588,NOT-2,ACPONG005969,NPK,4.195833333,2018,11,8,08/11/2018,20/07/2017,2017,7,20
1219,Nigeria,SW Nigeria,Ogun,Ifo,3.1351,6.8482,ACTLNG001588,NOT-2,ACPONG009958,NK,5.670833333,2018,11,8,08/11/2018,20/07/2017,2017,7,20
1220,Nigeria,SW Nigeria,Ogun,Ifo,3.1351,6.8482,ACTLNG001588,NOT-2,ACPONG009959,NP,2.804166667,2018,11,8,08/11/2018,20/07/2017,2017,7,20
1221,Nigeria,SW Nigeria,Ogun,Ifo,3.1351,6.8482,ACTLNG001588,NOT-2,ACPONG005968,CON,2.204166667,2018,11,8,08/11/2018,20/07/2017,2017,7,20
1222,Nigeria,SW Nigeria,Ogun,Ifo,3.1351,6.8482,ACTLNG001588,NOT-2,ACPONG009957,half_NPK,4.1375,2018,11,8,08/11/2018,20/07/2017,2017,7,20
1223,Nigeria,SW Nigeria,Ogun,Abeokuta North,3.035,7.3584,ACTLNG001722,NOT-1,ACPONG006476,PK,13.59583333,2018,8,26,26/08/2018,25/07/2017,2017,7,25
1224,Nigeria,SW Nigeria,Ogun,Abeokuta North,3.035,7.3583,ACTLNG001722,NOT-1,ACPONG005283,NPK_micro,15.4125,2018,8,26,26/08/2018,25/07/2017,2017,7,25
1225,Nigeria,SW Nigeria,Ogun,Abeokuta North,3.035,7.3583,ACTLNG001722,NOT-1,ACPONG006737,half_NPK,9.958333333,2018,8,26,26/08/2018,25/07/2017,2017,7,25
1226,Nigeria,SW Nigeria,Ogun,Abeokuta North,3.035,7.3583,ACTLNG001722,NOT-1,ACPONG005843,NP,13.16666667,2018,8,26,26/08/2018,25/07/2017,2017,7,25
1227,Nigeria,SW Nigeria,Ogun,Abeokuta North,3.035,7.3583,ACTLNG001722,NOT-1,ACPONG006726,NPK,13.47916667,2018,8,26,26/08/2018,25/07/2017,2017,7,25
1228,Nigeria,SW Nigeria,Ogun,Abeokuta North,3.035,7.3583,ACTLNG001722,NOT-1,ACPONG006740,NPK,13.35416667,2018,8,26,26/08/2018,25/07/2017,2017,7,25
1229,Nigeria,SW Nigeria,Ogun,Abeokuta North,3.035,7.3583,ACTLNG001722,NOT-1,ACPONG006736,CON,10.40416667,2018,8,26,26/08/2018,25/07/2017,2017,7,25
1230,Nigeria,SW Nigeria,Ogun,Abeokuta North,3.035,7.3584,ACTLNG001722,NOT-1,ACPONG006474,NK,10.29166667,2018,8,26,26/08/2018,25/07/2017,2017,7,25
1231,Nigeria,SW Nigeria,Ogun,Ikenne,3.6575,6.9381,ACTLNG001751,NOT-2,ACPONG004861,CON,32.125,2018,11,29,29/11/2018,13/07/2017,2017,7,13
1232,Nigeria,SW Nigeria,Ogun,Shagamu,3.6696,6.8497,ACTLNG001752,NOT-2,ACPONG005048,half_NPK,20.12083333,2018,5,15,15/05/2018,13/07/2017,2017,7,13
1233,Nigeria,SW Nigeria,Ogun,Shagamu,3.6696,6.8497,ACTLNG001752,NOT-2,ACPONG008941,NPK,16.37083333,2018,5,15,15/05/2018,13/07/2017,2017,7,13
1234,Nigeria,SW Nigeria,Ogun,Shagamu,3.6696,6.8497,ACTLNG001752,NOT-2,ACPONG005046,NP,11.175,2018,5,15,15/05/2018,13/07/2017,2017,7,13
1235,Nigeria,SW Nigeria,Ogun,Shagamu,3.6696,6.8497,ACTLNG001752,NOT-2,ACPONG005041,CON,17.025,2018,5,15,15/05/2018,13/07/2017,2017,7,13
1236,Nigeria,SW Nigeria,Ogun,Shagamu,3.6696,6.8497,ACTLNG001752,NOT-2,ACPONG005043,NPK,18.75833333,2018,5,15,15/05/2018,13/07/2017,2017,7,13
1237,Nigeria,SW Nigeria,Ogun,Shagamu,3.6696,6.8497,ACTLNG001752,NOT-2,ACPONG005045,NK,16.55833333,2018,5,15,15/05/2018,13/07/2017,2017,7,13
1238,Nigeria,SW Nigeria,Ogun,Shagamu,3.6696,6.8497,ACTLNG001752,NOT-2,ACPONG005044,PK,12.75,2018,5,15,15/05/2018,13/07/2017,2017,7,13
1239,Nigeria,SW Nigeria,Ogun,Shagamu,NA,NA,ACTLNG001814,NOT-1,ACPONG006259,half_NPK,7.548333333,NA,NA,NA,,NA,NA,NA,NA
1240,Nigeria,SW Nigeria,Ogun,Shagamu,NA,NA,ACTLNG001814,NOT-1,ACPONG006253,NP,12.97,NA,NA,NA,,NA,NA,NA,NA
1241,Nigeria,SW Nigeria,Ogun,Shagamu,NA,NA,ACTLNG001814,NOT-1,ACPONG006254,NPK,13.89625,NA,NA,NA,,NA,NA,NA,NA
1242,Nigeria,SW Nigeria,Ogun,Shagamu,NA,NA,ACTLNG001814,NOT-1,ACPONG006260,PK,12.17458333,NA,NA,NA,,NA,NA,NA,NA
1243,Nigeria,SW Nigeria,Osun,Ejigbo,4.3596,7.7746,ACTLNG001881,NOT-1,ACPONG008435,NPK_micro,12.46041667,2018,7,17,17/07/2018,13/07/2017,2017,7,13
1244,Nigeria,SW Nigeria,Osun,Ejigbo,4.3596,7.7746,ACTLNG001881,NOT-1,ACPONG008436,half_NPK,16.60041667,2018,7,17,17/07/2018,13/07/2017,2017,7,13
1245,Nigeria,SW Nigeria,Osun,Ejigbo,4.3596,7.7746,ACTLNG001881,NOT-1,ACPONG008434,NP,13.4625,2018,7,17,17/07/2018,13/07/2017,2017,7,13
1246,Nigeria,SW Nigeria,Osun,Ejigbo,4.3596,7.7746,ACTLNG001881,NOT-1,ACPONG008433,NPK,16.86916667,2018,7,17,17/07/2018,13/07/2017,2017,7,13
1247,Nigeria,SW Nigeria,Osun,Ejigbo,4.3596,7.7746,ACTLNG001881,NOT-1,ACPONG008437,NK,18.8825,2018,7,17,17/07/2018,13/07/2017,2017,7,13
1248,Nigeria,SW Nigeria,Osun,Ejigbo,4.3596,7.7746,ACTLNG001881,NOT-1,ACPONG008440,PK,17.04166667,2018,7,17,17/07/2018,13/07/2017,2017,7,13
1249,Nigeria,SW Nigeria,Osun,Obokun,4.8417,7.7872,ACTLNG001884,NOT-1,ACPONG009086,NP,5.26625,2018,7,9,09/07/2018,13/07/2017,2017,7,13
1250,Nigeria,SW Nigeria,Osun,Obokun,4.8417,7.7872,ACTLNG001884,NOT-1,ACPONG009087,NPK_micro,9.340416667,2018,7,9,09/07/2018,13/07/2017,2017,7,13
1251,Nigeria,SW Nigeria,Osun,Obokun,4.8417,7.7872,ACTLNG001884,NOT-1,ACPONG009088,half_NPK,13.85583333,2018,7,9,09/07/2018,13/07/2017,2017,7,13
1252,Nigeria,SW Nigeria,Osun,Obokun,4.8417,7.7872,ACTLNG001884,NOT-1,ACPONG009084,PK,11.01291667,2018,7,9,09/07/2018,13/07/2017,2017,7,13
1253,Nigeria,SW Nigeria,Osun,Obokun,4.8417,7.7872,ACTLNG001884,NOT-1,ACPONG009083,NPK,12.21083333,2018,7,9,09/07/2018,13/07/2017,2017,7,13
1254,Nigeria,SW Nigeria,Osun,Obokun,4.8417,7.7872,ACTLNG001884,NOT-1,ACPONG009081,CON,5.72125,2018,7,9,09/07/2018,13/07/2017,2017,7,13
1255,Nigeria,SW Nigeria,Osun,Obokun,4.8417,7.7872,ACTLNG001884,NOT-1,ACPONG009082,NPK,8.1675,2018,7,9,09/07/2018,13/07/2017,2017,7,13
1256,Nigeria,SW Nigeria,Osun,Obokun,4.8417,7.7872,ACTLNG001884,NOT-1,ACPONG009085,NK,3.259625,2018,7,9,09/07/2018,13/07/2017,2017,7,13
1257,Nigeria,SW Nigeria,Osun,Obokun,4.7212,7.7763,ACTLNG001885,NOT-1,ACPONG009092,PK,10.47333333,2018,7,9,09/07/2018,13/07/2017,2017,7,13
1258,Nigeria,SW Nigeria,Osun,Obokun,4.7212,7.7763,ACTLNG001885,NOT-1,ACPONG009090,NPK,8.064583333,2018,7,9,09/07/2018,13/07/2017,2017,7,13
1259,Nigeria,SW Nigeria,Osun,Obokun,4.7212,7.7763,ACTLNG001885,NOT-1,ACPONG009095,NPK_micro,5.99375,2018,7,9,09/07/2018,13/07/2017,2017,7,13
1260,Nigeria,SW Nigeria,Osun,Obokun,4.7212,7.7763,ACTLNG001885,NOT-1,ACPONG009093,NK,6.336666667,2018,7,9,09/07/2018,13/07/2017,2017,7,13
1261,Nigeria,SW Nigeria,Osun,Obokun,4.7212,7.7763,ACTLNG001885,NOT-1,ACPONG009096,half_NPK,4.889583333,2018,7,9,09/07/2018,13/07/2017,2017,7,13
1262,Nigeria,SW Nigeria,Osun,Obokun,4.7212,7.7763,ACTLNG001885,NOT-1,ACPONG009091,NPK,7.108333333,2018,7,9,09/07/2018,13/07/2017,2017,7,13
1263,Nigeria,SW Nigeria,Osun,Obokun,4.7212,7.7763,ACTLNG001885,NOT-1,ACPONG009094,NP,4.824583333,2018,7,9,09/07/2018,13/07/2017,2017,7,13
1264,Nigeria,SW Nigeria,Osun,Obokun,4.7212,7.7763,ACTLNG001885,NOT-1,ACPONG009089,CON,4.313333333,2018,7,9,09/07/2018,13/07/2017,2017,7,13
1265,Nigeria,SW Nigeria,Osun,Ejigbo,4.3507,7.7721,ACTLNG001886,NOT-2,ACPONG008229,NPK,21.20666667,2018,7,23,23/07/2018,13/07/2017,2017,7,13
1266,Nigeria,SW Nigeria,Osun,Ejigbo,4.3507,7.7721,ACTLNG001886,NOT-2,ACPONG008322,NK,27.10833333,2018,7,23,23/07/2018,13/07/2017,2017,7,13
1267,Nigeria,SW Nigeria,Osun,Ejigbo,4.3507,7.7721,ACTLNG001886,NOT-2,ACPONG008321,PK,23.61,2018,7,23,23/07/2018,13/07/2017,2017,7,13
1268,Nigeria,SW Nigeria,Osun,Ejigbo,4.3507,7.7721,ACTLNG001886,NOT-2,ACPONG008319,CON,25.5575,2018,7,23,23/07/2018,13/07/2017,2017,7,13
1269,Nigeria,SW Nigeria,Osun,Ejigbo,4.3507,7.7721,ACTLNG001886,NOT-2,ACPONG008324,NPK_micro,23.69166667,2018,7,23,23/07/2018,13/07/2017,2017,7,13
1270,Nigeria,SW Nigeria,Osun,Ejigbo,4.3505,7.7723,ACTLNG001889,NOT-1,ACPONG008228,NPK,28.83333333,2018,7,20,20/07/2018,13/07/2017,2017,7,13
1271,Nigeria,SW Nigeria,Osun,Ejigbo,4.3505,7.7723,ACTLNG001889,NOT-1,ACPONG008226,CON,21.89416667,2018,7,20,20/07/2018,13/07/2017,2017,7,13
1272,Nigeria,SW Nigeria,Osun,Ejigbo,4.3505,7.7723,ACTLNG001889,NOT-1,ACPONG008330,half_NPK,40.03958333,2018,7,20,20/07/2018,13/07/2017,2017,7,13
1273,Nigeria,SW Nigeria,Osun,Ejigbo,4.3505,7.7723,ACTLNG001889,NOT-1,ACPONG008329,NPK_micro,25.38208333,2018,7,20,20/07/2018,13/07/2017,2017,7,13
1274,Nigeria,SW Nigeria,Osun,Ejigbo,4.3505,7.7723,ACTLNG001889,NOT-1,ACPONG008227,NPK,36.60875,2018,7,20,20/07/2018,13/07/2017,2017,7,13
1275,Nigeria,SW Nigeria,Osun,Ejigbo,4.3505,7.7723,ACTLNG001889,NOT-1,ACPONG008326,PK,31.56416667,2018,7,20,20/07/2018,13/07/2017,2017,7,13
1276,Nigeria,SW Nigeria,Osun,Ejigbo,4.3505,7.7723,ACTLNG001889,NOT-1,ACPONG008327,NK,30.27166667,2018,7,20,20/07/2018,13/07/2017,2017,7,13
1277,Nigeria,SW Nigeria,Osun,Ejigbo,4.3505,7.7723,ACTLNG001889,NOT-1,ACPONG008328,NP,36.18041667,2018,7,20,20/07/2018,13/07/2017,2017,7,13
1278,Nigeria,SW Nigeria,Osun,Obokun,4.8397,7.8587,ACTLNG001900,NOT-2,ACPONG004702,PK,11.29291667,2018,7,9,09/07/2018,13/07/2017,2017,7,13
1279,Nigeria,SW Nigeria,Osun,Obokun,4.8397,7.8587,ACTLNG001900,NOT-2,ACPONG004719,CON,8.633333333,2018,7,9,09/07/2018,13/07/2017,2017,7,13
1280,Nigeria,SW Nigeria,Osun,Obokun,4.8397,7.8587,ACTLNG001900,NOT-2,ACPONG004704,NP,7.085833333,2018,7,9,09/07/2018,13/07/2017,2017,7,13
1281,Nigeria,SW Nigeria,Osun,Obokun,4.8397,7.8587,ACTLNG001900,NOT-2,ACPONG004706,half_NPK,7.64125,2018,7,9,09/07/2018,13/07/2017,2017,7,13
1282,Nigeria,SW Nigeria,Osun,Obokun,4.8397,7.8587,ACTLNG001900,NOT-2,ACPONG004701,NPK,5.895833333,2018,7,9,09/07/2018,13/07/2017,2017,7,13
1283,Nigeria,SW Nigeria,Osun,Obokun,4.8397,7.8587,ACTLNG001900,NOT-2,ACPONG004705,NPK_micro,8.516666667,2018,7,9,09/07/2018,13/07/2017,2017,7,13
1284,Nigeria,SW Nigeria,Osun,Obokun,4.8397,7.8587,ACTLNG001900,NOT-2,ACPONG004720,NPK,5.579166667,2018,7,9,09/07/2018,13/07/2017,2017,7,13
1285,Nigeria,SW Nigeria,Osun,Obokun,4.8397,7.8587,ACTLNG001900,NOT-2,ACPONG004703,NK,10.71708333,2018,7,9,09/07/2018,13/07/2017,2017,7,13
1286,Nigeria,SW Nigeria,Osun,Obokun,4.8658,7.8389,ACTLNG001910,NOT-1,ACPONG004711,CON,19.42541667,2018,7,9,09/07/2018,13/07/2017,2017,7,13
1287,Nigeria,SW Nigeria,Osun,Obokun,4.8658,7.8389,ACTLNG001910,NOT-1,ACPONG004717,NPK_micro,20.09833333,2018,7,9,09/07/2018,13/07/2017,2017,7,13
1288,Nigeria,SW Nigeria,Osun,Obokun,4.8658,7.8389,ACTLNG001910,NOT-1,ACPONG004718,half_NPK,9.3275,2018,7,9,09/07/2018,13/07/2017,2017,7,13
1289,Nigeria,SW Nigeria,Osun,Obokun,4.8658,7.8389,ACTLNG001910,NOT-1,ACPONG004712,NPK,23.64875,2018,7,9,09/07/2018,13/07/2017,2017,7,13
1290,Nigeria,SW Nigeria,Osun,Obokun,4.8658,7.8389,ACTLNG001910,NOT-1,ACPONG004716,NP,28.21208333,2018,7,9,09/07/2018,13/07/2017,2017,7,13
1291,Nigeria,SW Nigeria,Osun,Obokun,4.8658,7.8389,ACTLNG001910,NOT-1,ACPONG004715,NK,15.05791667,2018,7,9,09/07/2018,13/07/2017,2017,7,13
1292,Nigeria,SW Nigeria,Osun,Obokun,4.8658,7.8389,ACTLNG001910,NOT-1,ACPONG004714,PK,8.762083333,2018,7,9,09/07/2018,13/07/2017,2017,7,13
1293,Nigeria,SW Nigeria,Osun,Obokun,4.8658,7.8389,ACTLNG001910,NOT-1,ACPONG004713,NPK,25.55041667,2018,7,9,09/07/2018,13/07/2017,2017,7,13
1294,Nigeria,SW Nigeria,Osun,Egbedore,4.3806,7.7769,ACTLNG001933,NOT-2,ACPONG009534,half_NPK,21.62125,2018,9,13,13/09/2018,13/07/2017,2017,7,13
1295,Nigeria,SW Nigeria,Osun,Egbedore,4.3806,7.7769,ACTLNG001933,NOT-2,ACPONG009550,CON,5.885,2018,9,13,13/09/2018,13/07/2017,2017,7,13
1296,Nigeria,SW Nigeria,Osun,Egbedore,4.3806,7.7769,ACTLNG001933,NOT-2,ACPONG009548,NK,25.36666667,2018,9,13,13/09/2018,13/07/2017,2017,7,13
1297,Nigeria,SW Nigeria,Osun,Egbedore,4.3806,7.7769,ACTLNG001933,NOT-2,ACPONG009549,NPK,27.82708333,2018,9,13,13/09/2018,13/07/2017,2017,7,13
1298,Nigeria,SW Nigeria,Osun,Egbedore,4.3806,7.7769,ACTLNG001933,NOT-2,ACPONG009545,NP,10.91583333,2018,9,13,13/09/2018,13/07/2017,2017,7,13
1299,Nigeria,SW Nigeria,Osun,Egbedore,4.3806,7.7769,ACTLNG001933,NOT-2,ACPONG009547,NPK,13.74916667,2018,9,13,13/09/2018,13/07/2017,2017,7,13
1300,Nigeria,SW Nigeria,Osun,Egbedore,4.3806,7.7769,ACTLNG001933,NOT-2,ACPONG009540,PK,15.05666667,2018,9,13,13/09/2018,13/07/2017,2017,7,13
1301,Nigeria,SW Nigeria,Osun,Egbedore,4.3806,7.7769,ACTLNG001937,NOT-1,ACPONG008790,PK,21.24,2018,9,13,13/09/2018,13/07/2017,2017,7,13
1302,Nigeria,SW Nigeria,Osun,Egbedore,4.3806,7.7769,ACTLNG001937,NOT-1,ACPONG008778,NPK_micro,11.475,2018,9,13,13/09/2018,13/07/2017,2017,7,13
1303,Nigeria,SW Nigeria,Osun,Egbedore,4.3806,7.7769,ACTLNG001937,NOT-1,ACPONG008788,NPK,20.84291667,2018,9,13,13/09/2018,13/07/2017,2017,7,13
1304,Nigeria,SW Nigeria,Osun,Egbedore,4.3806,7.7769,ACTLNG001937,NOT-1,ACPONG008779,half_NPK,24.98833333,2018,9,13,13/09/2018,13/07/2017,2017,7,13
1305,Nigeria,SW Nigeria,Osun,Egbedore,4.3806,7.7769,ACTLNG001937,NOT-1,ACPONG008780,NP,16.36666667,2018,9,13,13/09/2018,13/07/2017,2017,7,13
1306,Nigeria,SW Nigeria,Osun,Egbedore,4.3806,7.7769,ACTLNG001937,NOT-1,ACPONG008787,CON,13.13333333,2018,9,13,13/09/2018,13/07/2017,2017,7,13
1307,Nigeria,SW Nigeria,Oyo,Saki West,3.4108,8.6367,ACTLNG002077,NOT-1,ACPONG006972,NPK,39.645,2018,9,11,11/09/2018,23/07/2017,2017,7,23
1308,Nigeria,SW Nigeria,Oyo,Saki West,3.4108,8.6367,ACTLNG002077,NOT-1,ACPONG006976,NP,24.46916667,2018,9,11,11/09/2018,23/07/2017,2017,7,23
1309,Nigeria,SW Nigeria,Oyo,Saki West,3.4108,8.6367,ACTLNG002077,NOT-1,ACPONG006975,NK,40.6775,2018,9,11,11/09/2018,23/07/2017,2017,7,23
1310,Nigeria,SW Nigeria,Oyo,Saki West,3.4108,8.6367,ACTLNG002077,NOT-1,ACPONG006973,NPK,19.81333333,2018,9,11,11/09/2018,23/07/2017,2017,7,23
1311,Nigeria,SW Nigeria,Oyo,Saki West,3.4108,8.6367,ACTLNG002077,NOT-1,ACPONG006978,half_NPK,43.76541667,2018,9,11,11/09/2018,23/07/2017,2017,7,23
1312,Nigeria,SW Nigeria,Oyo,Saki West,3.4108,8.6367,ACTLNG002077,NOT-1,ACPONG006977,NPK_micro,34.42666667,2018,9,11,11/09/2018,23/07/2017,2017,7,23
1313,Nigeria,SW Nigeria,Oyo,Saki West,3.4108,8.6367,ACTLNG002077,NOT-1,ACPONG006974,PK,26.34541667,2018,9,11,11/09/2018,23/07/2017,2017,7,23
1314,Nigeria,SW Nigeria,Oyo,Saki West,3.4108,8.6367,ACTLNG002077,NOT-1,ACPONG006971,CON,32.2525,2018,9,11,11/09/2018,23/07/2017,2017,7,23
1315,Nigeria,SW Nigeria,Oyo,Saki West,3.4108,8.6367,ACTLNG002080,NOT-2,ACPONG006984,PK,32.21625,2018,9,11,11/09/2018,21/07/2017,2017,7,21
1316,Nigeria,SW Nigeria,Oyo,Saki West,3.4108,8.6367,ACTLNG002080,NOT-2,ACPONG006985,NK,31.80375,2018,9,11,11/09/2018,21/07/2017,2017,7,21
1317,Nigeria,SW Nigeria,Oyo,Saki West,3.4108,8.6367,ACTLNG002080,NOT-2,ACPONG006988,half_NPK,38.75416667,2018,9,11,11/09/2018,21/07/2017,2017,7,21
1318,Nigeria,SW Nigeria,Oyo,Saki West,3.4108,8.6367,ACTLNG002080,NOT-2,ACPONG006987,NPK_micro,27.22166667,2018,9,11,11/09/2018,21/07/2017,2017,7,21
1319,Nigeria,SW Nigeria,Oyo,Saki West,3.4108,8.6367,ACTLNG002080,NOT-2,ACPONG006982,NPK,47.03416667,2018,9,11,11/09/2018,21/07/2017,2017,7,21
1320,Nigeria,SW Nigeria,Oyo,Saki West,3.4108,8.6367,ACTLNG002080,NOT-2,ACPONG006986,NP,30.82333333,2018,9,11,11/09/2018,21/07/2017,2017,7,21
1321,Nigeria,SW Nigeria,Oyo,Saki West,3.4108,8.6367,ACTLNG002080,NOT-2,ACPONG006981,CON,27.64208333,2018,9,11,11/09/2018,21/07/2017,2017,7,21
1322,Nigeria,SW Nigeria,Ogun,Odeda,3.4471,7.2395,ACTLNG002116,NOT-1,ACPONG000383,NPK,9.3125,2017,5,16,16/05/2017,15/07/2016,2016,7,15
1323,Nigeria,SW Nigeria,Ogun,Odeda,3.4471,7.2395,ACTLNG002116,NOT-1,ACPONG000393,half_NPK,14.8,2017,5,16,16/05/2017,15/07/2016,2016,7,15
1324,Nigeria,SW Nigeria,Ogun,Odeda,3.4471,7.2395,ACTLNG002116,NOT-1,ACPONG000333,NPK,12.06875,2017,5,16,16/05/2017,15/07/2016,2016,7,15
1325,Nigeria,SW Nigeria,Ogun,Odeda,3.4471,7.2395,ACTLNG002116,NOT-1,ACPONG000353,NPK_micro,8.8,2017,5,16,16/05/2017,15/07/2016,2016,7,15
1326,Nigeria,SW Nigeria,Ogun,Odeda,3.4471,7.2395,ACTLNG002116,NOT-1,ACPONG000293,PK,15,2017,5,16,16/05/2017,15/07/2016,2016,7,15
1327,Nigeria,SW Nigeria,Ogun,Odeda,3.4471,7.2395,ACTLNG002116,NOT-1,ACPONG000313,NP,12.04375,2017,5,16,16/05/2017,15/07/2016,2016,7,15
1328,Nigeria,SW Nigeria,Ogun,Odeda,3.4471,7.2395,ACTLNG002116,NOT-1,ACPONG000303,CON,12.55625,2017,5,16,16/05/2017,15/07/2016,2016,7,15
1329,Nigeria,SW Nigeria,Ogun,Odeda,3.4471,7.2395,ACTLNG002116,NOT-1,ACPONG000373,NK,11.24375,2017,5,16,16/05/2017,15/07/2016,2016,7,15
1330,Nigeria,SW Nigeria,Oyo,Saki East,3.4451,8.6782,ACTLNG002143,NOT-1,ACPONG015447,NPK_micro,30.5225,2017,8,26,26/08/2017,15/07/2016,2016,7,15
1331,Nigeria,SW Nigeria,Oyo,Saki East,3.4451,8.6782,ACTLNG002143,NOT-1,ACPONG015465,NPK,55.22,2017,8,26,26/08/2017,15/07/2016,2016,7,15
1332,Nigeria,SW Nigeria,Oyo,Saki East,3.4451,8.6782,ACTLNG002159,NOT-1,ACPONG015520,NPK_micro,26.2375,2017,8,27,27/08/2017,15/07/2016,2016,7,15
1333,Nigeria,SW Nigeria,Oyo,Saki East,3.4451,8.6782,ACTLNG002159,NOT-1,ACPONG015444,NK,22.45,2017,8,27,27/08/2017,15/07/2016,2016,7,15
1334,Nigeria,SW Nigeria,Osun,Obokun,4.7886,7.8515,ACTLNG002165,NOT-1,ACPONG001948,CON,9.121875,2017,7,10,10/07/2017,15/07/2016,2016,7,15
1335,Nigeria,SW Nigeria,Osun,Obokun,4.7886,7.8515,ACTLNG002165,NOT-1,ACPONG001988,NPK,10.44375,2017,7,10,10/07/2017,15/07/2016,2016,7,15
1336,Nigeria,SW Nigeria,Osun,Obokun,4.7886,7.8515,ACTLNG002165,NOT-1,ACPONG002018,NK,8.59,2017,7,10,10/07/2017,15/07/2016,2016,7,15
1337,Nigeria,SW Nigeria,Osun,Obokun,4.7886,7.8515,ACTLNG002165,NOT-1,ACPONG002098,NPK_micro,9.8375,2017,7,10,10/07/2017,15/07/2016,2016,7,15
1338,Nigeria,SW Nigeria,Osun,Obokun,4.7886,7.8515,ACTLNG002165,NOT-1,ACPONG002088,half_NPK,12.113125,2017,7,10,10/07/2017,15/07/2016,2016,7,15
1339,Nigeria,SW Nigeria,Osun,Obokun,4.7886,7.8515,ACTLNG002165,NOT-1,ACPONG002038,NP,10.454375,2017,7,10,10/07/2017,15/07/2016,2016,7,15
1340,Nigeria,SW Nigeria,Osun,Obokun,4.7886,7.8515,ACTLNG002165,NOT-1,ACPONG002008,PK,19.288125,2017,7,10,10/07/2017,15/07/2016,2016,7,15
1341,Nigeria,SW Nigeria,Osun,Obokun,4.7886,7.8515,ACTLNG002165,NOT-1,ACPONG001968,NPK,14.99375,2017,7,10,10/07/2017,15/07/2016,2016,7,15
1342,Nigeria,SW Nigeria,Osun,Ede South,4.376,7.6512,ACTLNG002174,NOT-1,ACPONG002160,NPK_micro,14.5375,2017,7,23,23/07/2017,15/07/2016,2016,7,15
1343,Nigeria,SW Nigeria,Osun,Ede South,4.376,7.6512,ACTLNG002174,NOT-1,ACPONG002180,half_NPK,10.169375,2017,7,23,23/07/2017,15/07/2016,2016,7,15
1344,Nigeria,SW Nigeria,Osun,Ede South,4.376,7.6512,ACTLNG002174,NOT-1,ACPONG002190,NP,24.8625,2017,7,23,23/07/2017,15/07/2016,2016,7,15
1345,Nigeria,SW Nigeria,Osun,Ede South,4.376,7.6512,ACTLNG002174,NOT-1,ACPONG002150,CON,2.94375,2017,7,23,23/07/2017,15/07/2016,2016,7,15
1346,Nigeria,SW Nigeria,Osun,Ede South,4.376,7.6512,ACTLNG002174,NOT-1,ACPONG002200,NPK,11.0375,2017,7,23,23/07/2017,15/07/2016,2016,7,15
1347,Nigeria,SW Nigeria,Osun,Obokun,4.786,7.8453,ACTLNG002176,NOT-1,ACPONG002078,NP,11.745625,2017,7,11,11/07/2017,15/07/2016,2016,7,15
1348,Nigeria,SW Nigeria,Osun,Obokun,4.786,7.8453,ACTLNG002176,NOT-1,ACPONG002068,NPK_micro,17.45875,2017,7,11,11/07/2017,15/07/2016,2016,7,15
1349,Nigeria,SW Nigeria,Osun,Obokun,4.786,7.8453,ACTLNG002176,NOT-1,ACPONG002048,NK,13.88125,2017,7,11,11/07/2017,15/07/2016,2016,7,15
1350,Nigeria,SW Nigeria,Osun,Obokun,4.786,7.8453,ACTLNG002176,NOT-1,ACPONG001958,CON,9.804375,2017,7,11,11/07/2017,15/07/2016,2016,7,15
1351,Nigeria,SW Nigeria,Osun,Obokun,4.786,7.8453,ACTLNG002176,NOT-1,ACPONG002108,half_NPK,31.326875,2017,7,11,11/07/2017,15/07/2016,2016,7,15
1352,Nigeria,SW Nigeria,Osun,Obokun,4.786,7.8453,ACTLNG002176,NOT-1,ACPONG001998,NPK,3.76375,2017,7,11,11/07/2017,15/07/2016,2016,7,15
1353,Nigeria,SW Nigeria,Osun,Obokun,4.786,7.8453,ACTLNG002176,NOT-1,ACPONG001978,NPK,18.214375,2017,7,11,11/07/2017,15/07/2016,2016,7,15
1354,Nigeria,SW Nigeria,Oyo,Saki West,3.4118,8.636,ACTLNG002196,NOT-2,ACPONG006766,NP,20.64625,2018,9,13,13/09/2018,23/07/2017,2017,7,23
1355,Nigeria,SW Nigeria,Oyo,Saki West,3.4118,8.636,ACTLNG002196,NOT-2,ACPONG006762,NPK,12.7025,2018,9,13,13/09/2018,23/07/2017,2017,7,23
1356,Nigeria,SW Nigeria,Oyo,Saki West,3.4118,8.636,ACTLNG002196,NOT-2,ACPONG006767,NPK_micro,10.32083333,2018,9,13,13/09/2018,23/07/2017,2017,7,23
1357,Nigeria,SW Nigeria,Oyo,Saki West,3.4118,8.636,ACTLNG002196,NOT-2,ACPONG006764,PK,12.68416667,2018,9,13,13/09/2018,23/07/2017,2017,7,23
1358,Nigeria,SW Nigeria,Oyo,Saki West,3.4118,8.636,ACTLNG002196,NOT-2,ACPONG006761,CON,5.2525,2018,9,13,13/09/2018,23/07/2017,2017,7,23
1359,Nigeria,SW Nigeria,Oyo,Saki West,3.4108,8.6367,ACTLNG002197,NOT-2,ACPONG006995,NK,33.74416667,2018,9,11,11/09/2018,13/07/2017,2017,7,13
1360,Nigeria,SW Nigeria,Oyo,Saki West,3.4108,8.6367,ACTLNG002197,NOT-2,ACPONG006991,CON,38.2575,2018,9,11,11/09/2018,13/07/2017,2017,7,13
1361,Nigeria,SW Nigeria,Oyo,Saki West,3.4108,8.6367,ACTLNG002197,NOT-2,ACPONG006994,PK,19.65958333,2018,9,11,11/09/2018,13/07/2017,2017,7,13
1362,Nigeria,SW Nigeria,Oyo,Saki West,3.4108,8.6367,ACTLNG002197,NOT-2,ACPONG006998,half_NPK,36.04166667,2018,9,11,11/09/2018,13/07/2017,2017,7,13
1363,Nigeria,SW Nigeria,Oyo,Saki West,3.4108,8.6367,ACTLNG002197,NOT-2,ACPONG006996,NP,24.542125,2018,9,11,11/09/2018,13/07/2017,2017,7,13
1364,Nigeria,SW Nigeria,Oyo,Saki West,3.4108,8.6367,ACTLNG002197,NOT-2,ACPONG006997,NPK_micro,21.33541667,2018,9,11,11/09/2018,13/07/2017,2017,7,13
1365,Nigeria,SW Nigeria,Oyo,Saki West,3.4108,8.6367,ACTLNG002197,NOT-2,ACPONG006993,NPK,28.27958333,2018,9,11,11/09/2018,13/07/2017,2017,7,13
1366,Nigeria,SW Nigeria,Oyo,Saki West,3.4108,8.6367,ACTLNG002198,NOT-1,ACPONG002148,half_NPK,20.55625,2017,10,24,24/10/2017,15/07/2016,2016,7,15
1367,Nigeria,SW Nigeria,Oyo,Saki West,3.4108,8.6367,ACTLNG002198,NOT-1,ACPONG002128,NK,29.945625,2017,10,24,24/10/2017,15/07/2016,2016,7,15
1368,Nigeria,SW Nigeria,Oyo,Saki West,3.4108,8.6367,ACTLNG002198,NOT-1,ACPONG002178,NPK,24.11875,2017,10,24,24/10/2017,15/07/2016,2016,7,15
1369,Nigeria,SW Nigeria,Oyo,Saki West,3.4108,8.6367,ACTLNG002198,NOT-1,ACPONG002138,NP,14.791875,2017,10,24,24/10/2017,15/07/2016,2016,7,15
1370,Nigeria,SW Nigeria,Oyo,Saki West,3.4108,8.6367,ACTLNG002198,NOT-1,ACPONG002118,CON,19.769375,2017,10,24,24/10/2017,15/07/2016,2016,7,15
1371,Nigeria,SW Nigeria,Oyo,Itesiwaju,3.4347,8.1824,ACTLNG002206,NOT-2,ACPONG007568,half_NPK,16.74083333,2018,9,13,13/09/2018,13/07/2017,2017,7,13
1372,Nigeria,SW Nigeria,Oyo,Itesiwaju,3.4347,8.1824,ACTLNG002206,NOT-2,ACPONG006759,NK,7.80875,2018,9,13,13/09/2018,13/07/2017,2017,7,13
1373,Nigeria,SW Nigeria,Oyo,Itesiwaju,3.4347,8.1824,ACTLNG002206,NOT-2,ACPONG006755,CON,10.99958333,2018,9,13,13/09/2018,13/07/2017,2017,7,13
1374,Nigeria,SW Nigeria,Oyo,Itesiwaju,3.4347,8.1824,ACTLNG002206,NOT-2,ACPONG006756,NPK,13.49958333,2018,9,13,13/09/2018,13/07/2017,2017,7,13
1375,Nigeria,SW Nigeria,Oyo,Itesiwaju,3.4347,8.1824,ACTLNG002206,NOT-2,ACPONG006757,NPK,10.14708333,2018,9,13,13/09/2018,13/07/2017,2017,7,13
1376,Nigeria,SW Nigeria,Osun,Ede South,4.4074,7.6515,ACTLNG002231,NOT-1,ACPONG001910,NPK,23.985625,2017,7,25,25/07/2017,15/07/2016,2016,7,15
1377,Nigeria,SW Nigeria,Osun,Ede South,4.4074,7.6515,ACTLNG002231,NOT-1,ACPONG001900,half_NPK,16.4025,2017,7,25,25/07/2017,15/07/2016,2016,7,15
1378,Nigeria,SW Nigeria,Osun,Ede South,4.4074,7.6515,ACTLNG002231,NOT-1,ACPONG001870,NPK_micro,37.138125,2017,7,25,25/07/2017,15/07/2016,2016,7,15
1379,Nigeria,SW Nigeria,Osun,Ede South,4.4074,7.6515,ACTLNG002231,NOT-1,ACPONG001830,NPK,13.976875,2017,7,25,25/07/2017,15/07/2016,2016,7,15
1380,Nigeria,SW Nigeria,Osun,Ede South,4.4074,7.6515,ACTLNG002231,NOT-1,ACPONG001860,CON,18.956875,2017,7,25,25/07/2017,15/07/2016,2016,7,15
1381,Nigeria,SW Nigeria,Osun,Ede South,4.4074,7.6515,ACTLNG002231,NOT-1,ACPONG001880,NP,35.090625,2017,7,25,25/07/2017,15/07/2016,2016,7,15
1382,Nigeria,SW Nigeria,Osun,Ede South,4.4074,7.6515,ACTLNG002231,NOT-1,ACPONG001920,PK,17.0725,2017,7,25,25/07/2017,15/07/2016,2016,7,15
1383,Nigeria,SW Nigeria,Osun,Ede South,4.381,7.6543,ACTLNG002242,NOT-1,ACPONG002127,CON,18.41875,2017,7,25,25/07/2017,15/07/2016,2016,7,15
1384,Nigeria,SW Nigeria,Osun,Ede South,4.381,7.6543,ACTLNG002242,NOT-1,ACPONG001820,NK,29.9675,2017,7,25,25/07/2017,15/07/2016,2016,7,15
1385,Nigeria,SW Nigeria,Osun,Ede South,4.381,7.6543,ACTLNG002242,NOT-1,ACPONG001810,PK,21.5475,2017,7,25,25/07/2017,15/07/2016,2016,7,15
1386,Nigeria,SW Nigeria,Osun,Ede South,4.381,7.6543,ACTLNG002242,NOT-1,ACPONG002077,NPK,38.48,2017,7,25,25/07/2017,15/07/2016,2016,7,15
1387,Nigeria,SW Nigeria,Osun,Ede South,4.381,7.6543,ACTLNG002242,NOT-1,ACPONG001797,NPK,31.32375,2017,7,25,25/07/2017,15/07/2016,2016,7,15
1388,Nigeria,SW Nigeria,Osun,Ede South,4.381,7.6543,ACTLNG002242,NOT-1,ACPONG001827,NP,34.67625,2017,7,25,25/07/2017,15/07/2016,2016,7,15
1389,Nigeria,SW Nigeria,Osun,Ede South,4.381,7.6543,ACTLNG002242,NOT-1,ACPONG001787,half_NPK,21.4525,2017,7,25,25/07/2017,15/07/2016,2016,7,15
1390,Nigeria,SW Nigeria,Osun,Ede South,4.381,7.6543,ACTLNG002242,NOT-1,ACPONG001790,NPK_micro,36.206875,2017,7,25,25/07/2017,15/07/2016,2016,7,15
1391,Nigeria,SW Nigeria,Oyo,Saki West,3.3854,8.5804,ACTLNG003006,NOT-2,ACPONG016365,half_NPK,21.20375,2018,9,2,02/09/2018,20/07/2017,2017,7,20
1392,Nigeria,SW Nigeria,Oyo,Saki West,3.3854,8.5804,ACTLNG003006,NOT-2,ACPONG016362,NK,21.1475,2018,9,2,02/09/2018,20/07/2017,2017,7,20
1393,Nigeria,SW Nigeria,Oyo,Saki West,3.3854,8.5804,ACTLNG003006,NOT-2,ACPONG016366,NPK,25.58083333,2018,9,2,02/09/2018,20/07/2017,2017,7,20
1394,Nigeria,SW Nigeria,Oyo,Saki West,3.3854,8.5804,ACTLNG003006,NOT-2,ACPONG016361,PK,29.77208333,2018,9,2,02/09/2018,20/07/2017,2017,7,20
1395,Nigeria,SW Nigeria,Oyo,Saki West,3.3854,8.5804,ACTLNG003006,NOT-2,ACPONG016368,CON,13.95625,2018,9,2,02/09/2018,20/07/2017,2017,7,20
1396,Nigeria,SW Nigeria,Oyo,Saki West,3.3854,8.5804,ACTLNG003006,NOT-2,ACPONG016364,NPK_micro,17.45458333,2018,9,2,02/09/2018,20/07/2017,2017,7,20
1397,Nigeria,SW Nigeria,Oyo,Ido,3.6023,7.5651,ACTLNG003021,NOT-3,ACPONG031786,CON,20.71741071,2019,6,16,16/06/2019,08/07/2018,2018,7,8
1398,Nigeria,SW Nigeria,Oyo,Ido,3.6023,7.5651,ACTLNG003021,NOT-3,ACPONG031809,NPK,22.27083333,2019,6,16,16/06/2019,08/07/2018,2018,7,8
1399,Nigeria,SW Nigeria,Oyo,Ido,3.6023,7.5651,ACTLNG003021,NOT-3,ACPONG031796,NPK,24.32163462,2019,6,16,16/06/2019,08/07/2018,2018,7,8
1400,Nigeria,SW Nigeria,Oyo,Ido,3.6023,7.5651,ACTLNG003021,NOT-3,ACPONG031784,NPK,28.12447917,2019,6,16,16/06/2019,08/07/2018,2018,7,8
1401,Nigeria,SW Nigeria,Oyo,Ido,3.6023,7.5651,ACTLNG003021,NOT-3,ACPONG031797,NPK,30.17239583,2019,6,16,16/06/2019,08/07/2018,2018,7,8
1402,Nigeria,SW Nigeria,Oyo,Ido,3.6023,7.5651,ACTLNG003021,NOT-3,ACPONG031781,NP,24.46302083,2019,6,16,16/06/2019,08/07/2018,2018,7,8
1403,Nigeria,SW Nigeria,Oyo,Ido,3.6023,7.5651,ACTLNG003021,NOT-3,ACPONG031822,CON,14.13532609,2019,6,16,16/06/2019,08/07/2018,2018,7,8
1404,Nigeria,SW Nigeria,Oyo,Ido,3.6023,7.5651,ACTLNG003021,NOT-3,ACPONG031815,half_NPK,21.6285,2019,6,16,16/06/2019,08/07/2018,2018,7,8
1405,Nigeria,SW Nigeria,Oyo,Ido,3.6023,7.5651,ACTLNG003021,NOT-3,ACPONG031821,NPK,21.04583333,2019,6,16,16/06/2019,08/07/2018,2018,7,8
1406,Nigeria,SW Nigeria,Oyo,Ido,3.6023,7.5651,ACTLNG003021,NOT-3,ACPONG037688,CON,12.54739583,2019,6,16,16/06/2019,08/07/2018,2018,7,8
1407,Nigeria,SW Nigeria,Oyo,Ido,3.6023,7.5651,ACTLNG003021,NOT-3,ACPONG031793,NP,22.68,2019,6,16,16/06/2019,08/07/2018,2018,7,8
1408,Nigeria,SW Nigeria,Oyo,Ido,3.6023,7.5651,ACTLNG003021,NOT-3,ACPONG037684,NPK,20.9575,2019,6,16,16/06/2019,08/07/2018,2018,7,8
1409,Nigeria,SW Nigeria,Oyo,Ido,3.6023,7.5651,ACTLNG003021,NOT-3,ACPONG031783,PK,23.44212963,2019,6,16,16/06/2019,08/07/2018,2018,7,8
1410,Nigeria,SW Nigeria,Oyo,Ido,3.6023,7.5651,ACTLNG003021,NOT-3,ACPONG031803,half_NPK,22.60509259,2019,6,16,16/06/2019,08/07/2018,2018,7,8
1411,Nigeria,SW Nigeria,Oyo,Ido,3.6023,7.5651,ACTLNG003021,NOT-3,ACPONG031785,NPK,24.06682692,2019,6,16,16/06/2019,08/07/2018,2018,7,8
1412,Nigeria,SW Nigeria,Oyo,Ido,3.6023,7.5651,ACTLNG003021,NOT-3,ACPONG031791,half_NPK,22.16851852,2019,6,16,16/06/2019,08/07/2018,2018,7,8
1413,Nigeria,SW Nigeria,Oyo,Ido,3.6023,7.5651,ACTLNG003021,NOT-3,ACPONG037687,half_NPK,26.31958333,2019,6,16,16/06/2019,08/07/2018,2018,7,8
1414,Nigeria,SW Nigeria,Oyo,Ido,3.6023,7.5651,ACTLNG003021,NOT-3,ACPONG031807,PK,28.2815,2019,6,16,16/06/2019,08/07/2018,2018,7,8
1415,Nigeria,SW Nigeria,Oyo,Ido,3.6023,7.5651,ACTLNG003021,NOT-3,ACPONG031810,CON,15.75,2019,6,16,16/06/2019,08/07/2018,2018,7,8
1416,Nigeria,SW Nigeria,Oyo,Ido,3.6023,7.5651,ACTLNG003021,NOT-3,ACPONG037682,PK,15.36853448,2019,6,16,16/06/2019,08/07/2018,2018,7,8
1417,Nigeria,SW Nigeria,Oyo,Ido,3.6023,7.5651,ACTLNG003021,NOT-3,ACPONG037680,PK,9.562083333,2019,6,16,16/06/2019,08/07/2018,2018,7,8
1418,Nigeria,SW Nigeria,Oyo,Ido,3.6023,7.5651,ACTLNG003021,NOT-3,ACPONG031818,NK,20.64125,2019,6,16,16/06/2019,08/07/2018,2018,7,8
1419,Nigeria,SW Nigeria,Oyo,Ido,3.6023,7.5651,ACTLNG003021,NOT-3,ACPONG037621,NPK,20.74212963,2019,6,16,16/06/2019,08/07/2018,2018,7,8
1420,Nigeria,SW Nigeria,Oyo,Ido,3.6023,7.5651,ACTLNG003021,NOT-3,ACPONG031817,NP,17.27692308,2019,6,16,16/06/2019,08/07/2018,2018,7,8
1421,Nigeria,SW Nigeria,Oyo,Ido,3.6023,7.5651,ACTLNG003021,NOT-3,ACPONG031782,NK,43.65217391,2019,6,16,16/06/2019,08/07/2018,2018,7,8
1422,Nigeria,SW Nigeria,Oyo,Ido,3.6023,7.5651,ACTLNG003021,NOT-3,ACPONG031794,NK,26.5635,2019,6,16,16/06/2019,08/07/2018,2018,7,8
1423,Nigeria,SW Nigeria,Oyo,Ido,3.6023,7.5651,ACTLNG003021,NOT-3,ACPONG031805,NP,24.87045455,2019,6,16,16/06/2019,08/07/2018,2018,7,8
1424,Nigeria,SW Nigeria,Oyo,Ido,3.6023,7.5651,ACTLNG003021,NOT-3,ACPONG031806,NK,13.50387931,2019,6,16,16/06/2019,08/07/2018,2018,7,8
1425,Nigeria,SE Nigeria,Edo,Owan East,6.1293,6.8099,ACTLNG004172,NOT-3,ACPONG025473,half_NPK,22.5625,2019,11,14,14/11/2019,20/09/2018,2018,9,20
1426,Nigeria,SE Nigeria,Edo,Owan East,6.1293,6.8099,ACTLNG004172,NOT-3,ACPONG025476,NK,45.18303571,2019,11,14,14/11/2019,20/09/2018,2018,9,20
1427,Nigeria,SE Nigeria,Edo,Owan East,6.1293,6.8099,ACTLNG004172,NOT-3,ACPONG025477,NP,22.57916667,2019,11,14,14/11/2019,20/09/2018,2018,9,20
1428,Nigeria,SE Nigeria,Edo,Owan East,6.1293,6.8099,ACTLNG004172,NOT-3,ACPONG025475,NPK,38.59583333,2019,11,14,14/11/2019,20/09/2018,2018,9,20
1429,Nigeria,SE Nigeria,Edo,Owan East,6.1293,6.8099,ACTLNG004172,NOT-3,ACPONG036011,CON,24.3875,2019,11,14,14/11/2019,20/09/2018,2018,9,20
1430,Nigeria,SE Nigeria,Edo,Owan East,6.1293,6.8099,ACTLNG004172,NOT-3,ACPONG036012,PK,28.4125,2019,11,14,14/11/2019,20/09/2018,2018,9,20
1431,Nigeria,SE Nigeria,Edo,Owan East,6.1294,6.8099,ACTLNG004178,NOT-3,ACPONG036006,NK,22.17410714,2019,11,14,14/11/2019,20/09/2018,2018,9,20
1432,Nigeria,SE Nigeria,Edo,Owan East,6.1294,6.8099,ACTLNG004178,NOT-3,ACPONG036028,NP,22.175,2019,11,14,14/11/2019,20/09/2018,2018,9,20
1433,Nigeria,SE Nigeria,Edo,Owan East,6.1294,6.8099,ACTLNG004178,NOT-3,ACPONG036074,NPK,35.37019231,2019,11,14,14/11/2019,20/09/2018,2018,9,20
1434,Nigeria,SE Nigeria,Edo,Owan East,6.1294,6.8099,ACTLNG004178,NOT-3,ACPONG034929,NPK,23.93478261,2019,11,14,14/11/2019,20/09/2018,2018,9,20
1435,Nigeria,SE Nigeria,Edo,Owan East,6.1294,6.8099,ACTLNG004178,NOT-3,ACPONG036073,CON,24.56944444,2019,11,14,14/11/2019,20/09/2018,2018,9,20
1436,Nigeria,SE Nigeria,Edo,Owan East,6.1294,6.8099,ACTLNG004178,NOT-3,ACPONG036023,half_NPK,20.435,2019,11,14,14/11/2019,20/09/2018,2018,9,20
1437,Nigeria,SE Nigeria,Edo,Orhionmwon,5.9707,6.277,ACTLNG004179,NOT-3,ACPONG036056,half_NPK,24.3875,2019,7,2,02/07/2019,22/06/2018,2018,6,22
1438,Nigeria,SE Nigeria,Edo,Orhionmwon,5.9707,6.277,ACTLNG004179,NOT-3,ACPONG036054,NPK,6.220833333,2019,7,2,02/07/2019,22/06/2018,2018,6,22
1439,Nigeria,SE Nigeria,Edo,Orhionmwon,5.9707,6.277,ACTLNG004179,NOT-3,ACPONG036059,NPK,15.47916667,2019,7,2,02/07/2019,22/06/2018,2018,6,22
1440,Nigeria,SE Nigeria,Edo,Orhionmwon,5.9707,6.277,ACTLNG004179,NOT-3,ACPONG036058,NP,26.95,2019,7,2,02/07/2019,22/06/2018,2018,6,22
1441,Nigeria,SE Nigeria,Edo,Orhionmwon,5.9707,6.277,ACTLNG004179,NOT-3,ACPONG012830,NPK_micro,23.96666667,2019,7,2,02/07/2019,22/06/2018,2018,6,22
1442,Nigeria,SE Nigeria,Edo,Orhionmwon,5.9707,6.277,ACTLNG004179,NOT-3,ACPONG036060,CON,11.09722222,2019,7,2,02/07/2019,22/06/2018,2018,6,22
1443,Nigeria,SE Nigeria,Cross River,Ikom,8.7465,5.9608,ACTLNG004508,NOT-3,ACPONG010998,CON,28.24583333,2019,9,3,03/09/2019,31/08/2018,2018,8,31
1444,Nigeria,SE Nigeria,Cross River,Bekwarra,8.9073,6.7124,ACTLNG004513,NOT-1,ACPONG034532,PK,18.45,2018,9,26,26/09/2018,05/09/2017,2017,9,5
1445,Nigeria,SE Nigeria,Cross River,Bekwarra,8.9073,6.7124,ACTLNG004513,NOT-1,ACPONG034529,CON,31.6125,2018,9,26,26/09/2018,05/09/2017,2017,9,5
1446,Nigeria,SE Nigeria,Cross River,Bekwarra,8.9073,6.7124,ACTLNG004513,NOT-1,ACPONG034531,NPK,45.64166667,2018,9,26,26/09/2018,05/09/2017,2017,9,5
1447,Nigeria,SE Nigeria,Cross River,Bekwarra,8.9073,6.7124,ACTLNG004513,NOT-1,ACPONG034530,NPK,39.61666667,2018,9,26,26/09/2018,05/09/2017,2017,9,5
1448,Nigeria,SE Nigeria,Cross River,Bekwarra,8.9073,6.7124,ACTLNG004513,NOT-1,ACPONG034533,NK,52.38333333,2018,9,26,26/09/2018,05/09/2017,2017,9,5
1449,Nigeria,SE Nigeria,Cross River,Bekwarra,8.9073,6.7124,ACTLNG004513,NOT-1,ACPONG034535,NPK_micro,54.73333333,2018,9,26,26/09/2018,05/09/2017,2017,9,5
1450,Nigeria,SE Nigeria,Cross River,Bekwarra,8.9073,6.7124,ACTLNG004513,NOT-1,ACPONG034536,half_NPK,46.41666667,2018,9,26,26/09/2018,05/09/2017,2017,9,5
1451,Nigeria,SE Nigeria,Cross River,Yala,8.7439,6.7182,ACTLNG004514,NOT-2,ACPONG034546,NPK_micro,13.72916667,2018,9,26,26/09/2018,14/07/2017,2017,7,14
1452,Nigeria,SE Nigeria,Cross River,Yala,8.7439,6.7182,ACTLNG004514,NOT-2,ACPONG034547,PK,28.6875,2018,9,26,26/09/2018,14/07/2017,2017,7,14
1453,Nigeria,SE Nigeria,Cross River,Yala,8.7439,6.7182,ACTLNG004514,NOT-2,ACPONG034548,CON,21.20416667,2018,9,26,26/09/2018,14/07/2017,2017,7,14
1454,Nigeria,SE Nigeria,Cross River,Yala,8.7439,6.7182,ACTLNG004514,NOT-2,ACPONG034543,NK,38.54583333,2018,9,26,26/09/2018,14/07/2017,2017,7,14
1455,Nigeria,SE Nigeria,Cross River,Yala,8.7439,6.7182,ACTLNG004514,NOT-2,ACPONG034542,half_NPK,39.52083333,2018,9,26,26/09/2018,14/07/2017,2017,7,14
1456,Nigeria,SE Nigeria,Cross River,Yala,8.7439,6.7182,ACTLNG004514,NOT-2,ACPONG034539,NP,32.01666667,2018,9,26,26/09/2018,14/07/2017,2017,7,14
1457,Nigeria,SE Nigeria,Cross River,Yala,8.7439,6.7182,ACTLNG004514,NOT-2,ACPONG034544,NPK,35.91666667,2018,9,26,26/09/2018,14/07/2017,2017,7,14
1458,Nigeria,SE Nigeria,Cross River,Yala,8.7439,6.7182,ACTLNG004514,NOT-2,ACPONG034540,NPK,43.4125,2018,9,26,26/09/2018,14/07/2017,2017,7,14
1459,Nigeria,SE Nigeria,Cross River,Bekwarra,8.9223,6.729,ACTLNG004515,NOT-1,ACPONG010956,NPK,40.33333333,2018,9,26,26/09/2018,14/07/2017,2017,7,14
1460,Nigeria,SE Nigeria,Cross River,Bekwarra,8.9223,6.729,ACTLNG004515,NOT-1,ACPONG010953,NP,27.25,2018,9,26,26/09/2018,14/07/2017,2017,7,14
1461,Nigeria,SE Nigeria,Cross River,Bekwarra,8.9223,6.729,ACTLNG004515,NOT-1,ACPONG010957,NPK,41,2018,9,26,26/09/2018,14/07/2017,2017,7,14
1462,Nigeria,SE Nigeria,Cross River,Bekwarra,8.9223,6.729,ACTLNG004515,NOT-1,ACPONG010952,NPK_micro,32.33333333,2018,9,26,26/09/2018,14/07/2017,2017,7,14
1463,Nigeria,SE Nigeria,Cross River,Bekwarra,8.9223,6.729,ACTLNG004515,NOT-1,ACPONG010954,NK,17.91666667,2018,9,26,26/09/2018,14/07/2017,2017,7,14
1464,Nigeria,SE Nigeria,Cross River,Bekwarra,8.9223,6.729,ACTLNG004515,NOT-1,ACPONG010955,PK,20.08333333,2018,9,26,26/09/2018,14/07/2017,2017,7,14
1465,Nigeria,SE Nigeria,Cross River,Bekwarra,8.9223,6.729,ACTLNG004515,NOT-1,ACPONG010951,half_NPK,31.41666667,2018,9,26,26/09/2018,14/07/2017,2017,7,14
1466,Nigeria,SE Nigeria,Cross River,Bekwarra,8.9223,6.729,ACTLNG004515,NOT-1,ACPONG010958,CON,15.41666667,2018,9,26,26/09/2018,14/07/2017,2017,7,14
1467,Nigeria,SE Nigeria,Cross River,Bekwarra,8.9252,6.7289,ACTLNG004516,NOT-1,ACPONG010962,NPK_micro,25,2018,9,26,26/09/2018,01/08/2017,2017,8,1
1468,Nigeria,SE Nigeria,Cross River,Bekwarra,8.9252,6.7289,ACTLNG004516,NOT-1,ACPONG010965,PK,9.25,2018,9,26,26/09/2018,01/08/2017,2017,8,1
1469,Nigeria,SE Nigeria,Cross River,Bekwarra,8.9252,6.7289,ACTLNG004516,NOT-1,ACPONG010963,NP,7,2018,9,26,26/09/2018,01/08/2017,2017,8,1
1470,Nigeria,SE Nigeria,Cross River,Bekwarra,8.9252,6.7289,ACTLNG004516,NOT-1,ACPONG010980,half_NPK,21.25,2018,9,26,26/09/2018,01/08/2017,2017,8,1
1471,Nigeria,SE Nigeria,Cross River,Bekwarra,8.9252,6.7289,ACTLNG004516,NOT-1,ACPONG010964,NK,8.333333333,2018,9,26,26/09/2018,01/08/2017,2017,8,1
1472,Nigeria,SE Nigeria,Cross River,Bekwarra,8.9252,6.7289,ACTLNG004516,NOT-1,ACPONG010967,NPK,12.92083333,2018,9,26,26/09/2018,01/08/2017,2017,8,1
1473,Nigeria,SE Nigeria,Cross River,Bekwarra,8.9252,6.7289,ACTLNG004516,NOT-1,ACPONG010966,NPK,12.91666667,2018,9,26,26/09/2018,01/08/2017,2017,8,1
1474,Nigeria,SE Nigeria,Cross River,Bekwarra,8.9252,6.7289,ACTLNG004516,NOT-1,ACPONG010968,CON,4.458333333,2018,9,26,26/09/2018,01/08/2017,2017,8,1
1475,Nigeria,SE Nigeria,Cross River,Bekwarra,8.8645,6.7231,ACTLNG004517,NOT-2,ACPONG010894,NPK_micro,32.25,2018,9,27,27/09/2018,12/07/2017,2017,7,12
1476,Nigeria,SE Nigeria,Cross River,Bekwarra,8.8645,6.7231,ACTLNG004517,NOT-2,ACPONG010893,half_NPK,32.45833333,2018,9,27,27/09/2018,12/07/2017,2017,7,12
1477,Nigeria,SE Nigeria,Cross River,Bekwarra,8.8645,6.7231,ACTLNG004517,NOT-2,ACPONG010900,CON,32.67916667,2018,9,27,27/09/2018,12/07/2017,2017,7,12
1478,Nigeria,SE Nigeria,Cross River,Bekwarra,8.8645,6.7231,ACTLNG004517,NOT-2,ACPONG010899,NPK,42.72666667,2018,9,27,27/09/2018,12/07/2017,2017,7,12
1479,Nigeria,SE Nigeria,Cross River,Bekwarra,8.8645,6.7231,ACTLNG004517,NOT-2,ACPONG010897,PK,41.77916667,2018,9,27,27/09/2018,12/07/2017,2017,7,12
1480,Nigeria,SE Nigeria,Cross River,Bekwarra,8.8645,6.7231,ACTLNG004517,NOT-2,ACPONG010895,NP,45.54166667,2018,9,27,27/09/2018,12/07/2017,2017,7,12
1481,Nigeria,SE Nigeria,Cross River,Bekwarra,8.8645,6.7231,ACTLNG004517,NOT-2,ACPONG010898,NPK,24.9,2018,9,27,27/09/2018,12/07/2017,2017,7,12
1482,Nigeria,SE Nigeria,Cross River,Bekwarra,8.8645,6.7231,ACTLNG004517,NOT-2,ACPONG010896,NK,38.04166667,2018,9,27,27/09/2018,12/07/2017,2017,7,12
1483,Nigeria,SE Nigeria,Cross River,Bekwarra,8.8695,6.7317,ACTLNG004518,NOT-1,ACPONG011970,CON,10.47916667,2018,9,27,27/09/2018,06/07/2017,2017,7,6
1484,Nigeria,SE Nigeria,Cross River,Bekwarra,8.8695,6.7317,ACTLNG004518,NOT-1,ACPONG011963,half_NPK,20.83333333,2018,9,27,27/09/2018,06/07/2017,2017,7,6
1485,Nigeria,SE Nigeria,Cross River,Bekwarra,8.8695,6.7317,ACTLNG004518,NOT-1,ACPONG011964,NPK_micro,19.84166667,2018,9,27,27/09/2018,06/07/2017,2017,7,6
1486,Nigeria,SE Nigeria,Cross River,Bekwarra,8.8695,6.7317,ACTLNG004518,NOT-1,ACPONG011969,NPK,23.29166667,2018,9,27,27/09/2018,06/07/2017,2017,7,6
1487,Nigeria,SE Nigeria,Cross River,Bekwarra,8.8695,6.7317,ACTLNG004518,NOT-1,ACPONG011967,PK,21.41666667,2018,9,27,27/09/2018,06/07/2017,2017,7,6
1488,Nigeria,SE Nigeria,Cross River,Bekwarra,8.8695,6.7317,ACTLNG004518,NOT-1,ACPONG011965,NP,29.70833333,2018,9,27,27/09/2018,06/07/2017,2017,7,6
1489,Nigeria,SE Nigeria,Cross River,Bekwarra,8.8695,6.7317,ACTLNG004518,NOT-1,ACPONG011966,NK,15.20833333,2018,9,27,27/09/2018,06/07/2017,2017,7,6
1490,Nigeria,SE Nigeria,Cross River,Bekwarra,8.8695,6.7317,ACTLNG004518,NOT-1,ACPONG011968,NPK,29.70833333,2018,9,27,27/09/2018,06/07/2017,2017,7,6
1491,Nigeria,SE Nigeria,Cross River,Ikom,8.655,6.1392,ACTLNG004523,NOT-3,ACPONG025536,CON,27.04741379,2019,6,19,19/06/2019,22/06/2018,2018,6,22
1492,Nigeria,SE Nigeria,Cross River,Ikom,8.655,6.1392,ACTLNG004523,NOT-3,ACPONG010904,half_NPK,17.125,2019,6,19,19/06/2019,22/06/2018,2018,6,22
1493,Nigeria,SE Nigeria,Cross River,Ikom,8.655,6.1392,ACTLNG004523,NOT-3,ACPONG010908,PK,44.435,2019,6,19,19/06/2019,22/06/2018,2018,6,22
1494,Nigeria,SE Nigeria,Cross River,Ikom,8.655,6.1392,ACTLNG004523,NOT-3,ACPONG010905,NPK_micro,38.87083333,2019,6,19,19/06/2019,22/06/2018,2018,6,22
1495,Nigeria,SE Nigeria,Cross River,Ikom,8.655,6.1392,ACTLNG004523,NOT-3,ACPONG010909,NPK,40.32758621,2019,6,19,19/06/2019,22/06/2018,2018,6,22
1496,Nigeria,SE Nigeria,Cross River,Ikom,8.655,6.1392,ACTLNG004523,NOT-3,ACPONG010907,NK,34.01724138,2019,6,19,19/06/2019,22/06/2018,2018,6,22
1497,Nigeria,SE Nigeria,Cross River,Ikom,8.655,6.1392,ACTLNG004523,NOT-3,ACPONG010906,NP,30.37916667,2019,6,19,19/06/2019,22/06/2018,2018,6,22
1498,Nigeria,SE Nigeria,Cross River,Ikom,8.655,6.1392,ACTLNG004523,NOT-3,ACPONG010910,NPK,33.90517241,2019,6,19,19/06/2019,22/06/2018,2018,6,22
1499,Nigeria,SE Nigeria,Cross River,Ikom,8.6531,6.1434,ACTLNG004524,NOT-3,ACPONG010911,NP,44.18103448,2019,6,19,19/06/2019,22/06/2018,2018,6,22
1500,Nigeria,SE Nigeria,Cross River,Ikom,8.6531,6.1434,ACTLNG004524,NOT-3,ACPONG010920,CON,38.50431034,2019,6,19,19/06/2019,22/06/2018,2018,6,22
1501,Nigeria,SE Nigeria,Cross River,Ikom,8.6531,6.1434,ACTLNG004524,NOT-3,ACPONG010918,NPK,29.34821429,2019,6,19,19/06/2019,22/06/2018,2018,6,22
1502,Nigeria,SE Nigeria,Cross River,Ikom,8.6531,6.1434,ACTLNG004524,NOT-3,ACPONG010919,NPK,34.7125,2019,6,19,19/06/2019,22/06/2018,2018,6,22
1503,Nigeria,SE Nigeria,Cross River,Ikom,8.6531,6.1434,ACTLNG004524,NOT-3,ACPONG010912,NK,20.64583333,2019,6,19,19/06/2019,22/06/2018,2018,6,22
1504,Nigeria,SE Nigeria,Cross River,Ikom,8.6531,6.1434,ACTLNG004524,NOT-3,ACPONG010916,half_NPK,37.72083333,2019,6,19,19/06/2019,22/06/2018,2018,6,22
1505,Nigeria,SE Nigeria,Cross River,Ikom,8.6531,6.1434,ACTLNG004524,NOT-3,ACPONG010917,PK,35.0625,2019,6,19,19/06/2019,22/06/2018,2018,6,22
1506,Nigeria,SE Nigeria,Cross River,Ikom,8.6531,6.1434,ACTLNG004524,NOT-3,ACPONG010913,NPK_micro,29.99038462,2019,6,19,19/06/2019,22/06/2018,2018,6,22
1507,Nigeria,SE Nigeria,Cross River,Ikom,8.6518,6.1444,ACTLNG004525,NOT-3,ACPONG010921,CON,15.72413793,2019,6,20,20/06/2019,22/06/2018,2018,6,22
1508,Nigeria,SE Nigeria,Cross River,Ikom,8.6518,6.1444,ACTLNG004525,NOT-3,ACPONG010928,half_NPK,31.82142857,2019,6,20,20/06/2019,22/06/2018,2018,6,22
1509,Nigeria,SE Nigeria,Cross River,Ikom,8.6518,6.1444,ACTLNG004525,NOT-3,ACPONG010926,NP,26.99107143,2019,6,20,20/06/2019,22/06/2018,2018,6,22
1510,Nigeria,SE Nigeria,Cross River,Ikom,8.6518,6.1444,ACTLNG004525,NOT-3,ACPONG010922,NPK,31.35833333,2019,6,20,20/06/2019,22/06/2018,2018,6,22
1511,Nigeria,SE Nigeria,Cross River,Ikom,8.6518,6.1444,ACTLNG004525,NOT-3,ACPONG010923,NPK,19.55833333,2019,6,20,20/06/2019,22/06/2018,2018,6,22
1512,Nigeria,SE Nigeria,Cross River,Ikom,8.6518,6.1444,ACTLNG004525,NOT-3,ACPONG025578,NK,25.69166667,2019,6,20,20/06/2019,22/06/2018,2018,6,22
1513,Nigeria,SE Nigeria,Cross River,Ikom,8.6518,6.1444,ACTLNG004525,NOT-3,ACPONG010924,PK,30.4,2019,6,20,20/06/2019,22/06/2018,2018,6,22
1514,Nigeria,SE Nigeria,Cross River,Ikom,8.6518,6.1444,ACTLNG004525,NOT-3,ACPONG010927,NPK_micro,22.8375,2019,6,20,20/06/2019,22/06/2018,2018,6,22
1515,Nigeria,SE Nigeria,Cross River,Ikom,8.6531,6.1434,ACTLNG004526,NOT-3,ACPONG010933,half_NPK,29.07083333,2019,6,20,20/06/2019,22/06/2018,2018,6,22
1516,Nigeria,SE Nigeria,Cross River,Ikom,8.6531,6.1434,ACTLNG004526,NOT-3,ACPONG010939,NPK,27.425,2019,6,20,20/06/2019,22/06/2018,2018,6,22
1517,Nigeria,SE Nigeria,Cross River,Ikom,8.6531,6.1434,ACTLNG004526,NOT-3,ACPONG010937,PK,26.67241379,2019,6,20,20/06/2019,22/06/2018,2018,6,22
1518,Nigeria,SE Nigeria,Cross River,Ikom,8.6531,6.1434,ACTLNG004526,NOT-3,ACPONG010940,CON,21.22916667,2019,6,20,20/06/2019,22/06/2018,2018,6,22
1519,Nigeria,SE Nigeria,Cross River,Ikom,8.6531,6.1434,ACTLNG004526,NOT-3,ACPONG010936,NK,9.504807692,2019,6,20,20/06/2019,22/06/2018,2018,6,22
1520,Nigeria,SE Nigeria,Cross River,Ikom,8.6531,6.1434,ACTLNG004526,NOT-3,ACPONG010938,NPK,25.44166667,2019,6,20,20/06/2019,22/06/2018,2018,6,22
1521,Nigeria,SE Nigeria,Cross River,Ikom,8.6531,6.1434,ACTLNG004526,NOT-3,ACPONG010935,NP,22.57758621,2019,6,20,20/06/2019,22/06/2018,2018,6,22
1522,Nigeria,SE Nigeria,Cross River,Bekwarra,8.8638,6.7288,ACTLNG004527,NOT-1,ACPONG010978,CON,22.5,2018,9,27,27/09/2018,28/06/2017,2017,6,28
1523,Nigeria,SE Nigeria,Cross River,Bekwarra,8.8638,6.7288,ACTLNG004527,NOT-1,ACPONG010971,half_NPK,7.291666667,2018,9,27,27/09/2018,28/06/2017,2017,6,28
1524,Nigeria,SE Nigeria,Cross River,Bekwarra,8.8638,6.7288,ACTLNG004527,NOT-1,ACPONG010972,NPK_micro,14.6875,2018,9,27,27/09/2018,28/06/2017,2017,6,28
1525,Nigeria,SE Nigeria,Cross River,Bekwarra,8.8638,6.7288,ACTLNG004527,NOT-1,ACPONG010973,NP,21.72916667,2018,9,27,27/09/2018,28/06/2017,2017,6,28
1526,Nigeria,SE Nigeria,Cross River,Bekwarra,8.8638,6.7288,ACTLNG004527,NOT-1,ACPONG010976,NPK,25,2018,9,27,27/09/2018,28/06/2017,2017,6,28
1527,Nigeria,SE Nigeria,Cross River,Bekwarra,8.8638,6.7288,ACTLNG004527,NOT-1,ACPONG010977,NPK,28.08333333,2018,9,27,27/09/2018,28/06/2017,2017,6,28
1528,Nigeria,SE Nigeria,Cross River,Bekwarra,8.8638,6.7288,ACTLNG004527,NOT-1,ACPONG010974,NK,26.24166667,2018,9,27,27/09/2018,28/06/2017,2017,6,28
1529,Nigeria,SE Nigeria,Cross River,Bekwarra,8.8638,6.7288,ACTLNG004527,NOT-1,ACPONG010975,PK,21.33333333,2018,9,27,27/09/2018,28/06/2017,2017,6,28
1530,Nigeria,SE Nigeria,Cross River,Bekwarra,8.9218,6.7222,ACTLNG004533,NOT-2,ACPONG034940,NPK_micro,73.40833333,2018,10,5,05/10/2018,28/07/2017,2017,7,28
1531,Nigeria,SE Nigeria,Cross River,Bekwarra,8.9218,6.7222,ACTLNG004533,NOT-2,ACPONG034939,NP,62.84166667,2018,10,5,05/10/2018,28/07/2017,2017,7,28
1532,Nigeria,SE Nigeria,Cross River,Bekwarra,8.9218,6.7222,ACTLNG004533,NOT-2,ACPONG034936,NPK,21.06666667,2018,10,5,05/10/2018,28/07/2017,2017,7,28
1533,Nigeria,SE Nigeria,Cross River,Bekwarra,8.9218,6.7222,ACTLNG004533,NOT-2,ACPONG034937,PK,19.6125,2018,10,5,05/10/2018,28/07/2017,2017,7,28
1534,Nigeria,SE Nigeria,Cross River,Bekwarra,8.9218,6.7222,ACTLNG004533,NOT-2,ACPONG034938,NK,45.88333333,2018,10,5,05/10/2018,28/07/2017,2017,7,28
1535,Nigeria,SE Nigeria,Cross River,Bekwarra,8.9218,6.7222,ACTLNG004533,NOT-2,ACPONG034941,half_NPK,67.52916667,2018,10,5,05/10/2018,28/07/2017,2017,7,28
1536,Nigeria,SE Nigeria,Cross River,Bekwarra,8.9218,6.7222,ACTLNG004533,NOT-2,ACPONG034934,CON,18.95833333,2018,10,5,05/10/2018,28/07/2017,2017,7,28
1537,Nigeria,SE Nigeria,Cross River,Bekwarra,8.9218,6.7222,ACTLNG004533,NOT-2,ACPONG034935,NPK,24.62916667,2018,10,5,05/10/2018,28/07/2017,2017,7,28
1538,Nigeria,SE Nigeria,Cross River,Bekwarra,8.9217,6.7222,ACTLNG004534,NOT-2,ACPONG034949,NPK_micro,46.52083333,2018,10,5,05/10/2018,28/07/2017,2017,7,28
1539,Nigeria,SE Nigeria,Cross River,Bekwarra,8.9217,6.7222,ACTLNG004534,NOT-2,ACPONG034947,NPK,17.10416667,2018,10,5,05/10/2018,28/07/2017,2017,7,28
1540,Nigeria,SE Nigeria,Cross River,Bekwarra,8.9217,6.7222,ACTLNG004534,NOT-2,ACPONG034946,CON,31,2018,10,5,05/10/2018,28/07/2017,2017,7,28
1541,Nigeria,SE Nigeria,Cross River,Bekwarra,8.9217,6.7222,ACTLNG004534,NOT-2,ACPONG034951,PK,26.51666667,2018,10,5,05/10/2018,28/07/2017,2017,7,28
1542,Nigeria,SE Nigeria,Cross River,Bekwarra,8.9217,6.7222,ACTLNG004534,NOT-2,ACPONG034948,NPK,28.70416667,2018,10,5,05/10/2018,28/07/2017,2017,7,28
1543,Nigeria,SE Nigeria,Cross River,Bekwarra,8.9217,6.7222,ACTLNG004534,NOT-2,ACPONG034952,NK,31.77083333,2018,10,5,05/10/2018,28/07/2017,2017,7,28
1544,Nigeria,SE Nigeria,Cross River,Bekwarra,8.9217,6.7222,ACTLNG004534,NOT-2,ACPONG034950,half_NPK,51.89166667,2018,10,5,05/10/2018,28/07/2017,2017,7,28
1545,Nigeria,SE Nigeria,Cross River,Bekwarra,8.9217,6.7222,ACTLNG004534,NOT-2,ACPONG034953,NP,35.99583333,2018,10,5,05/10/2018,28/07/2017,2017,7,28
1546,Nigeria,SE Nigeria,Cross River,Bekwarra,8.9217,6.7222,ACTLNG004535,NOT-2,ACPONG034962,NK,29.59166667,2018,10,4,04/10/2018,28/07/2017,2017,7,28
1547,Nigeria,SE Nigeria,Cross River,Bekwarra,8.9217,6.7222,ACTLNG004535,NOT-2,ACPONG034965,half_NPK,39.32083333,2018,10,4,04/10/2018,28/07/2017,2017,7,28
1548,Nigeria,SE Nigeria,Cross River,Bekwarra,8.9217,6.7222,ACTLNG004535,NOT-2,ACPONG034964,NPK_micro,33.20833333,2018,10,4,04/10/2018,28/07/2017,2017,7,28
1549,Nigeria,SE Nigeria,Cross River,Bekwarra,8.9217,6.7222,ACTLNG004535,NOT-2,ACPONG034963,NP,27.55,2018,10,4,04/10/2018,28/07/2017,2017,7,28
1550,Nigeria,SE Nigeria,Cross River,Bekwarra,8.9217,6.7222,ACTLNG004535,NOT-2,ACPONG034960,NPK,13.175,2018,10,4,04/10/2018,28/07/2017,2017,7,28
1551,Nigeria,SE Nigeria,Cross River,Bekwarra,8.9217,6.7222,ACTLNG004535,NOT-2,ACPONG034959,NPK,24.54583333,2018,10,4,04/10/2018,28/07/2017,2017,7,28
1552,Nigeria,SE Nigeria,Cross River,Bekwarra,8.9217,6.7222,ACTLNG004535,NOT-2,ACPONG034958,CON,16.57916667,2018,10,4,04/10/2018,28/07/2017,2017,7,28
1553,Nigeria,SE Nigeria,Cross River,Bekwarra,8.9217,6.7222,ACTLNG004535,NOT-2,ACPONG034961,PK,25.27916667,2018,10,4,04/10/2018,28/07/2017,2017,7,28
1554,Nigeria,SE Nigeria,Cross River,Bekwarra,8.9217,6.7222,ACTLNG004536,NOT-2,ACPONG034976,NPK_micro,35.04166667,2018,10,4,04/10/2018,28/07/2017,2017,7,28
1555,Nigeria,SE Nigeria,Cross River,Bekwarra,8.9217,6.7222,ACTLNG004536,NOT-2,ACPONG034974,NK,29.94166667,2018,10,4,04/10/2018,28/07/2017,2017,7,28
1556,Nigeria,SE Nigeria,Cross River,Bekwarra,8.9217,6.7222,ACTLNG004536,NOT-2,ACPONG034973,PK,25.7875,2018,10,4,04/10/2018,28/07/2017,2017,7,28
1557,Nigeria,SE Nigeria,Cross River,Bekwarra,8.9217,6.7222,ACTLNG004536,NOT-2,ACPONG034971,NPK,34.175,2018,10,4,04/10/2018,28/07/2017,2017,7,28
1558,Nigeria,SE Nigeria,Cross River,Bekwarra,8.9217,6.7222,ACTLNG004536,NOT-2,ACPONG034977,half_NPK,34.4,2018,10,4,04/10/2018,28/07/2017,2017,7,28
1559,Nigeria,SE Nigeria,Cross River,Bekwarra,8.9217,6.7222,ACTLNG004536,NOT-2,ACPONG034975,NP,34.6,2018,10,4,04/10/2018,28/07/2017,2017,7,28
1560,Nigeria,SE Nigeria,Cross River,Bekwarra,8.9217,6.7222,ACTLNG004536,NOT-2,ACPONG034972,NPK,34.6875,2018,10,4,04/10/2018,28/07/2017,2017,7,28
1561,Nigeria,SE Nigeria,Cross River,Bekwarra,8.9217,6.7222,ACTLNG004536,NOT-2,ACPONG034970,CON,18.38333333,2018,10,4,04/10/2018,28/07/2017,2017,7,28
1562,Nigeria,SE Nigeria,Anambra,Anambra East,6.9097,6.3788,ACTLNG004543,NOT-3,ACPONG025462,half_NPK,34.2837963,NA,NA,NA,,NA,NA,NA,NA
1563,Nigeria,SE Nigeria,Anambra,Anambra East,6.9094,6.3787,ACTLNG004544,NOT-3,ACPONG013955,NP,24.12068966,2019,8,27,27/08/2019,31/07/2018,2018,7,31
1564,Nigeria,SE Nigeria,Anambra,Anambra East,6.9094,6.3787,ACTLNG004544,NOT-3,ACPONG025355,NPK,30.035,2019,8,27,27/08/2019,31/07/2018,2018,7,31
1565,Nigeria,SE Nigeria,Anambra,Anambra East,6.9094,6.3787,ACTLNG004544,NOT-3,ACPONG012804,half_NPK,41.74784483,2019,8,27,27/08/2019,31/07/2018,2018,7,31
1566,Nigeria,SE Nigeria,Anambra,Anambra East,6.9094,6.3787,ACTLNG004544,NOT-3,ACPONG013953,NK,32.49074074,2019,8,27,27/08/2019,31/07/2018,2018,7,31
1567,Nigeria,SE Nigeria,Anambra,Anambra East,6.9094,6.3787,ACTLNG004544,NOT-3,ACPONG013952,NPK_micro,26.6275,2019,8,27,27/08/2019,31/07/2018,2018,7,31
1568,Nigeria,SE Nigeria,Anambra,Anambra East,6.9094,6.3787,ACTLNG004544,NOT-3,ACPONG013862,PK,23.55,2019,8,27,27/08/2019,31/07/2018,2018,7,31
1569,Nigeria,SE Nigeria,Anambra,Anambra East,6.9094,6.3787,ACTLNG004544,NOT-3,ACPONG013863,NPK,34.62974138,2019,8,27,27/08/2019,31/07/2018,2018,7,31
1570,Nigeria,SE Nigeria,Anambra,Anambra East,6.9094,6.3787,ACTLNG004544,NOT-3,ACPONG012807,CON,32.21551724,2019,8,27,27/08/2019,31/07/2018,2018,7,31
1571,Nigeria,SE Nigeria,Anambra,Anambra East,6.9094,6.3787,ACTLNG004545,NOT-3,ACPONG013946,PK,39.38839286,2019,8,26,26/08/2019,31/07/2018,2018,7,31
1572,Nigeria,SE Nigeria,Anambra,Anambra East,6.9094,6.3787,ACTLNG004545,NOT-3,ACPONG014343,NPK_micro,38.69583333,2019,8,26,26/08/2019,31/07/2018,2018,7,31
1573,Nigeria,SE Nigeria,Anambra,Anambra East,6.9094,6.3787,ACTLNG004545,NOT-3,ACPONG012794,CON,20.01293103,2019,8,26,26/08/2019,31/07/2018,2018,7,31
1574,Nigeria,SE Nigeria,Anambra,Anambra East,6.9094,6.3787,ACTLNG004545,NOT-3,ACPONG012792,half_NPK,37.9475,2019,8,26,26/08/2019,31/07/2018,2018,7,31
1575,Nigeria,SE Nigeria,Anambra,Anambra East,6.9094,6.3787,ACTLNG004545,NOT-3,ACPONG025353,NK,66.81034483,2019,8,26,26/08/2019,31/07/2018,2018,7,31
1576,Nigeria,SE Nigeria,Anambra,Anambra East,6.9094,6.3787,ACTLNG004545,NOT-3,ACPONG014345,NPK,44.925,2019,8,26,26/08/2019,31/07/2018,2018,7,31
1577,Nigeria,SE Nigeria,Anambra,Anambra East,6.9094,6.3787,ACTLNG004545,NOT-3,ACPONG012796,NPK,43.19396552,2019,8,26,26/08/2019,31/07/2018,2018,7,31
1578,Nigeria,SE Nigeria,Anambra,Anambra East,6.9094,6.3787,ACTLNG004545,NOT-3,ACPONG014346,NP,21.09259259,2019,8,26,26/08/2019,31/07/2018,2018,7,31
1579,Nigeria,SE Nigeria,Anambra,Anambra East,6.9095,6.3787,ACTLNG004546,NOT-3,ACPONG012946,NPK,43.76666667,2019,8,22,22/08/2019,31/07/2018,2018,7,31
1580,Nigeria,SE Nigeria,Anambra,Anambra East,6.9095,6.3787,ACTLNG004546,NOT-3,ACPONG013944,NPK,44.35231481,2019,8,22,22/08/2019,31/07/2018,2018,7,31
1581,Nigeria,SE Nigeria,Anambra,Anambra East,6.9095,6.3787,ACTLNG004546,NOT-3,ACPONG013945,NK,45.30172414,2019,8,22,22/08/2019,31/07/2018,2018,7,31
1582,Nigeria,SE Nigeria,Anambra,Anambra East,6.9095,6.3787,ACTLNG004546,NOT-3,ACPONG013943,NP,46.42672414,2019,8,22,22/08/2019,31/07/2018,2018,7,31
1583,Nigeria,SE Nigeria,Anambra,Anambra East,6.9095,6.3787,ACTLNG004546,NOT-3,ACPONG013942,NPK_micro,41.83103448,2019,8,22,22/08/2019,31/07/2018,2018,7,31
1584,Nigeria,SE Nigeria,Anambra,Anambra East,6.9095,6.3787,ACTLNG004546,NOT-3,ACPONG012945,PK,32.00291667,2019,8,22,22/08/2019,31/07/2018,2018,7,31
1585,Nigeria,SE Nigeria,Anambra,Anambra East,6.9095,6.3787,ACTLNG004546,NOT-3,ACPONG012943,CON,25.55480769,2019,8,22,22/08/2019,31/07/2018,2018,7,31
1586,Nigeria,SE Nigeria,Anambra,Anambra East,6.9095,6.3787,ACTLNG004547,NOT-3,ACPONG025351,CON,42.63690476,2019,8,19,19/08/2019,31/07/2018,2018,7,31
1587,Nigeria,SE Nigeria,Anambra,Anambra East,6.9095,6.3787,ACTLNG004547,NOT-3,ACPONG013712,half_NPK,36.60833333,2019,8,19,19/08/2019,31/07/2018,2018,7,31
1588,Nigeria,SE Nigeria,Anambra,Anambra East,6.9095,6.3787,ACTLNG004547,NOT-3,ACPONG013704,NK,42.80357143,2019,8,19,19/08/2019,31/07/2018,2018,7,31
1589,Nigeria,SE Nigeria,Anambra,Anambra East,6.9095,6.3787,ACTLNG004547,NOT-3,ACPONG012727,NP,35.26298077,2019,8,19,19/08/2019,31/07/2018,2018,7,31
1590,Nigeria,SE Nigeria,Anambra,Anambra East,6.9095,6.3787,ACTLNG004547,NOT-3,ACPONG013703,NPK,18.55803571,2019,8,19,19/08/2019,31/07/2018,2018,7,31
1591,Nigeria,SE Nigeria,Anambra,Anambra East,6.9095,6.3787,ACTLNG004547,NOT-3,ACPONG013701,NPK_micro,41.06465517,2019,8,19,19/08/2019,31/07/2018,2018,7,31
1592,Nigeria,SE Nigeria,Anambra,Anambra East,6.9095,6.3787,ACTLNG004547,NOT-3,ACPONG013716,PK,26.46195652,2019,8,19,19/08/2019,31/07/2018,2018,7,31
1593,Nigeria,SE Nigeria,Anambra,Anambra East,6.9095,6.3787,ACTLNG004547,NOT-3,ACPONG012726,NPK,33.72321429,2019,8,19,19/08/2019,31/07/2018,2018,7,31
1594,Nigeria,SE Nigeria,Anambra,Anambra East,6.9041,6.3652,ACTLNG004548,NOT-3,ACPONG014602,half_NPK,35.83448276,2019,8,8,08/08/2019,07/07/2018,2018,7,7
1595,Nigeria,SE Nigeria,Anambra,Anambra East,6.9041,6.3652,ACTLNG004548,NOT-3,ACPONG010303,CON,18.66145833,2019,8,8,08/08/2019,07/07/2018,2018,7,7
1596,Nigeria,SE Nigeria,Anambra,Anambra East,6.9041,6.3652,ACTLNG004548,NOT-3,ACPONG013888,NP,25.70446429,2019,8,8,08/08/2019,07/07/2018,2018,7,7
1597,Nigeria,SE Nigeria,Anambra,Anambra East,6.9041,6.3652,ACTLNG004548,NOT-3,ACPONG010309,NK,21.66767241,2019,8,8,08/08/2019,07/07/2018,2018,7,7
1598,Nigeria,SE Nigeria,Anambra,Anambra East,6.9041,6.3652,ACTLNG004548,NOT-3,ACPONG010308,NPK,31.30583333,2019,8,8,08/08/2019,07/07/2018,2018,7,7
1599,Nigeria,SE Nigeria,Anambra,Anambra East,6.9041,6.3652,ACTLNG004548,NOT-3,ACPONG010305,PK,20.77958333,2019,8,8,08/08/2019,07/07/2018,2018,7,7
1600,Nigeria,SE Nigeria,Anambra,Anambra East,6.9041,6.3652,ACTLNG004548,NOT-3,ACPONG012717,NPK,25.26116071,2019,8,8,08/08/2019,07/07/2018,2018,7,7
1601,Nigeria,SE Nigeria,Anambra,Anambra East,6.9041,6.3652,ACTLNG004548,NOT-3,ACPONG010306,NPK_micro,30.45044643,2019,8,8,08/08/2019,07/07/2018,2018,7,7
1602,Nigeria,SE Nigeria,Anambra,Anambra East,6.9041,6.3652,ACTLNG004549,NOT-3,ACPONG012931,NPK_micro,23.7635,2019,8,14,14/08/2019,07/07/2018,2018,7,7
1603,Nigeria,SE Nigeria,Anambra,Anambra East,6.9041,6.3652,ACTLNG004549,NOT-3,ACPONG014802,NPK,23.59398148,2019,8,14,14/08/2019,07/07/2018,2018,7,7
1604,Nigeria,SE Nigeria,Anambra,Anambra East,6.9041,6.3652,ACTLNG004549,NOT-3,ACPONG014803,NPK,28.00541667,2019,8,14,14/08/2019,07/07/2018,2018,7,7
1605,Nigeria,SE Nigeria,Anambra,Anambra East,6.9041,6.3652,ACTLNG004549,NOT-3,ACPONG014801,CON,8.419791667,2019,8,14,14/08/2019,07/07/2018,2018,7,7
1606,Nigeria,SE Nigeria,Anambra,Anambra East,6.9041,6.3652,ACTLNG004549,NOT-3,ACPONG014804,NK,7.554347826,2019,8,14,14/08/2019,07/07/2018,2018,7,7
1607,Nigeria,SE Nigeria,Anambra,Anambra East,6.9041,6.3652,ACTLNG004549,NOT-3,ACPONG014805,NP,20.90648148,2019,8,14,14/08/2019,07/07/2018,2018,7,7
1608,Nigeria,SE Nigeria,Anambra,Anambra East,6.9041,6.3652,ACTLNG004549,NOT-3,ACPONG014806,PK,4.884722222,2019,8,14,14/08/2019,07/07/2018,2018,7,7
1609,Nigeria,SE Nigeria,Anambra,Anambra East,6.9041,6.3652,ACTLNG004549,NOT-3,ACPONG012932,half_NPK,24.04916667,2019,8,14,14/08/2019,07/07/2018,2018,7,7
1610,Nigeria,SE Nigeria,Anambra,Anambra East,6.9041,6.3652,ACTLNG004550,NOT-3,ACPONG010335,CON,18.01666667,2019,8,12,12/08/2019,07/07/2018,2018,7,7
1611,Nigeria,SE Nigeria,Anambra,Anambra East,6.9041,6.3652,ACTLNG004550,NOT-3,ACPONG010332,half_NPK,24.12931034,2019,8,12,12/08/2019,07/07/2018,2018,7,7
1612,Nigeria,SE Nigeria,Anambra,Anambra East,6.9041,6.3652,ACTLNG004550,NOT-3,ACPONG013882,NK,18.13888889,2019,8,12,12/08/2019,07/07/2018,2018,7,7
1613,Nigeria,SE Nigeria,Anambra,Anambra East,6.9041,6.3652,ACTLNG004550,NOT-3,ACPONG013884,NP,25.75892857,2019,8,12,12/08/2019,07/07/2018,2018,7,7
1614,Nigeria,SE Nigeria,Anambra,Anambra East,6.9041,6.3652,ACTLNG004550,NOT-3,ACPONG013883,NPK,19.88392857,2019,8,12,12/08/2019,07/07/2018,2018,7,7
1615,Nigeria,SE Nigeria,Anambra,Anambra East,6.9041,6.3652,ACTLNG004550,NOT-3,ACPONG010338,NPK_micro,30.49537037,2019,8,12,12/08/2019,07/07/2018,2018,7,7
1616,Nigeria,SE Nigeria,Anambra,Anambra East,6.9041,6.3652,ACTLNG004550,NOT-3,ACPONG010337,PK,20.43303571,2019,8,12,12/08/2019,07/07/2018,2018,7,7
1617,Nigeria,SE Nigeria,Anambra,Anambra East,6.9041,6.3652,ACTLNG004550,NOT-3,ACPONG013881,NPK,27.95043103,2019,8,12,12/08/2019,07/07/2018,2018,7,7
1618,Nigeria,SE Nigeria,Edo,Owan East,6.1291,6.8103,ACTLNG005391,NOT-3,ACPONG036120,PK,26.6,2019,11,14,14/11/2019,20/09/2018,2018,9,20
1619,Nigeria,SE Nigeria,Edo,Owan East,6.1291,6.8103,ACTLNG005391,NOT-3,ACPONG036117,NPK_micro,33.88839286,2019,11,14,14/11/2019,20/09/2018,2018,9,20
1620,Nigeria,SE Nigeria,Edo,Owan East,6.1293,6.81,ACTLNG005392,NOT-3,ACPONG036066,NP,33.865,2019,11,14,14/11/2019,20/09/2018,2018,9,20
1621,Nigeria,SE Nigeria,Edo,Owan East,6.1293,6.81,ACTLNG005392,NOT-3,ACPONG036127,NK,22.93333333,2019,11,14,14/11/2019,20/09/2018,2018,9,20
1622,Nigeria,SE Nigeria,Edo,Owan East,6.1293,6.81,ACTLNG005392,NOT-3,ACPONG036064,half_NPK,21.995,2019,11,14,14/11/2019,20/09/2018,2018,9,20
1623,Nigeria,SE Nigeria,Edo,Owan East,6.1293,6.81,ACTLNG005392,NOT-3,ACPONG036072,NPK,32.66666667,2019,11,14,14/11/2019,20/09/2018,2018,9,20
1624,Nigeria,SE Nigeria,Edo,Owan East,6.1293,6.81,ACTLNG005392,NOT-3,ACPONG036075,NPK,29.9375,2019,11,14,14/11/2019,20/09/2018,2018,9,20
1625,Nigeria,SE Nigeria,Edo,Owan East,6.1293,6.81,ACTLNG005392,NOT-3,ACPONG036131,CON,29.75833333,2019,11,14,14/11/2019,20/09/2018,2018,9,20
1626,Nigeria,SE Nigeria,Edo,Owan East,6.1293,6.81,ACTLNG005392,NOT-3,ACPONG036065,PK,25.96,2019,11,14,14/11/2019,20/09/2018,2018,9,20
1627,Nigeria,SE Nigeria,Edo,Owan East,6.1293,6.81,ACTLNG005393,NOT-3,ACPONG036137,CON,20.2125,2019,11,14,14/11/2019,20/09/2018,2018,9,20
1628,Nigeria,SE Nigeria,Edo,Owan East,6.1293,6.81,ACTLNG005393,NOT-3,ACPONG036077,half_NPK,23.4125,2019,11,14,14/11/2019,20/09/2018,2018,9,20
1629,Nigeria,SE Nigeria,Edo,Owan East,6.1293,6.81,ACTLNG005393,NOT-3,ACPONG025483,NK,30.645,2019,11,14,14/11/2019,20/09/2018,2018,9,20
1630,Nigeria,SE Nigeria,Edo,Owan East,6.1293,6.81,ACTLNG005393,NOT-3,ACPONG025480,NPK,35.00833333,2019,11,14,14/11/2019,20/09/2018,2018,9,20
1631,Nigeria,SE Nigeria,Edo,Owan East,6.1293,6.81,ACTLNG005393,NOT-3,ACPONG025479,NPK,28.9625,2019,11,14,14/11/2019,20/09/2018,2018,9,20
1632,Nigeria,SE Nigeria,Edo,Owan East,6.1293,6.81,ACTLNG005393,NOT-3,ACPONG025482,PK,22.15384615,2019,11,14,14/11/2019,20/09/2018,2018,9,20
1633,Nigeria,SE Nigeria,Edo,Owan East,6.1293,6.81,ACTLNG005393,NOT-3,ACPONG036027,NP,26.48863636,2019,11,14,14/11/2019,20/09/2018,2018,9,20
1634,Nigeria,SE Nigeria,Cross River,Bekwarra,8.8578,6.7221,ACTLNG005397,NOT-1,ACPONG034593,PK,11.39583333,2018,9,27,27/09/2018,22/07/2017,2017,7,22
1635,Nigeria,SE Nigeria,Cross River,Bekwarra,8.8578,6.7221,ACTLNG005397,NOT-1,ACPONG034590,NPK_micro,26.1375,2018,9,27,27/09/2018,22/07/2017,2017,7,22
1636,Nigeria,SE Nigeria,Cross River,Bekwarra,8.8578,6.7221,ACTLNG005397,NOT-1,ACPONG034596,CON,23.62083333,2018,9,27,27/09/2018,22/07/2017,2017,7,22
1637,Nigeria,SE Nigeria,Cross River,Bekwarra,8.8578,6.7221,ACTLNG005397,NOT-1,ACPONG034594,NPK,34.61666667,2018,9,27,27/09/2018,22/07/2017,2017,7,22
1638,Nigeria,SE Nigeria,Cross River,Bekwarra,8.8578,6.7221,ACTLNG005397,NOT-1,ACPONG034589,half_NPK,7.704166667,2018,9,27,27/09/2018,22/07/2017,2017,7,22
1639,Nigeria,SE Nigeria,Cross River,Bekwarra,8.8578,6.7221,ACTLNG005397,NOT-1,ACPONG034591,NP,33.3125,2018,9,27,27/09/2018,22/07/2017,2017,7,22
1640,Nigeria,SE Nigeria,Cross River,Bekwarra,8.8578,6.7221,ACTLNG005397,NOT-1,ACPONG034595,NPK,34.77083333,2018,9,27,27/09/2018,22/07/2017,2017,7,22
1641,Nigeria,SE Nigeria,Cross River,Bekwarra,8.8578,6.7221,ACTLNG005397,NOT-1,ACPONG034592,NK,25.02083333,2018,9,27,27/09/2018,22/07/2017,2017,7,22
1642,Nigeria,SE Nigeria,Cross River,Bekwarra,8.9213,6.7259,ACTLNG005400,NOT-1,ACPONG034561,half_NPK,5,2018,9,26,26/09/2018,10/07/2017,2017,7,10
1643,Nigeria,SE Nigeria,Cross River,Bekwarra,8.9213,6.7259,ACTLNG005400,NOT-1,ACPONG034562,NPK_micro,18.24583333,2018,9,26,26/09/2018,10/07/2017,2017,7,10
1644,Nigeria,SE Nigeria,Cross River,Bekwarra,8.9213,6.7259,ACTLNG005400,NOT-1,ACPONG034566,NPK,51.36666667,2018,9,26,26/09/2018,10/07/2017,2017,7,10
1645,Nigeria,SE Nigeria,Cross River,Bekwarra,8.9213,6.7259,ACTLNG005400,NOT-1,ACPONG034567,NPK,33.66666667,2018,9,26,26/09/2018,10/07/2017,2017,7,10
1646,Nigeria,SE Nigeria,Cross River,Bekwarra,8.9213,6.7259,ACTLNG005400,NOT-1,ACPONG034563,NP,34.22083333,2018,9,26,26/09/2018,10/07/2017,2017,7,10
1647,Nigeria,SE Nigeria,Cross River,Bekwarra,8.9213,6.7259,ACTLNG005400,NOT-1,ACPONG034568,CON,42.275,2018,9,26,26/09/2018,10/07/2017,2017,7,10
1648,Nigeria,SE Nigeria,Cross River,Bekwarra,8.9213,6.7259,ACTLNG005400,NOT-1,ACPONG034564,NK,26.1875,2018,9,26,26/09/2018,10/07/2017,2017,7,10
1649,Nigeria,SE Nigeria,Cross River,Bekwarra,8.9213,6.7259,ACTLNG005400,NOT-1,ACPONG034565,PK,9.166666667,2018,9,26,26/09/2018,10/07/2017,2017,7,10
1650,Nigeria,SE Nigeria,Cross River,Bekwarra,8.9229,6.7277,ACTLNG005401,NOT-2,ACPONG034559,NPK,40,2018,9,26,26/09/2018,20/07/2017,2017,7,20
1651,Nigeria,SE Nigeria,Cross River,Bekwarra,8.9229,6.7277,ACTLNG005401,NOT-2,ACPONG034557,PK,22.8,2018,9,26,26/09/2018,20/07/2017,2017,7,20
1652,Nigeria,SE Nigeria,Cross River,Bekwarra,8.9229,6.7277,ACTLNG005401,NOT-2,ACPONG034550,NPK_micro,42.85416667,2018,9,26,26/09/2018,20/07/2017,2017,7,20
1653,Nigeria,SE Nigeria,Cross River,Bekwarra,8.9229,6.7277,ACTLNG005401,NOT-2,ACPONG034556,NK,28.16666667,2018,9,26,26/09/2018,20/07/2017,2017,7,20
1654,Nigeria,SE Nigeria,Cross River,Bekwarra,8.9229,6.7277,ACTLNG005401,NOT-2,ACPONG034554,half_NPK,21.17083333,2018,9,26,26/09/2018,20/07/2017,2017,7,20
1655,Nigeria,SE Nigeria,Cross River,Bekwarra,8.9229,6.7277,ACTLNG005401,NOT-2,ACPONG034558,NPK,53.38333333,2018,9,26,26/09/2018,20/07/2017,2017,7,20
1656,Nigeria,SE Nigeria,Cross River,Bekwarra,8.9229,6.7277,ACTLNG005401,NOT-2,ACPONG034560,CON,10.27916667,2018,9,26,26/09/2018,20/07/2017,2017,7,20
1657,Nigeria,SE Nigeria,Cross River,Bekwarra,8.9229,6.7277,ACTLNG005401,NOT-2,ACPONG034555,NP,47.65416667,2018,9,26,26/09/2018,20/07/2017,2017,7,20
1658,Nigeria,SE Nigeria,Edo,Akoko-Edo,6.0321,7.3305,ACTLNG005412,NOT-3,ACPONG012341,PK,25.35,2019,10,14,14/10/2019,10/07/2018,2018,7,10
1659,Nigeria,SE Nigeria,Edo,Akoko-Edo,6.0321,7.3305,ACTLNG005412,NOT-3,ACPONG012350,NPK,35.4625,2019,10,14,14/10/2019,10/07/2018,2018,7,10
1660,Nigeria,SE Nigeria,Edo,Akoko-Edo,6.032,7.3304,ACTLNG005413,NOT-3,ACPONG034677,PK,27.6,NA,NA,NA,,NA,NA,NA,NA
1661,Nigeria,SE Nigeria,Edo,Akoko-Edo,6.032,7.3304,ACTLNG005413,NOT-3,ACPONG034674,CON,21.64166667,NA,NA,NA,,NA,NA,NA,NA
1662,Nigeria,SE Nigeria,Edo,Akoko-Edo,6.032,7.3304,ACTLNG005413,NOT-3,ACPONG034678,half_NPK,29.75431034,NA,NA,NA,,NA,NA,NA,NA
1663,Nigeria,SE Nigeria,Edo,Akoko-Edo,6.032,7.3304,ACTLNG005413,NOT-3,ACPONG034676,NK,37.17083333,NA,NA,NA,,NA,NA,NA,NA
1664,Nigeria,SE Nigeria,Edo,Akoko-Edo,6.032,7.3304,ACTLNG005413,NOT-3,ACPONG034684,NP,27.89583333,NA,NA,NA,,NA,NA,NA,NA
1665,Nigeria,SE Nigeria,Edo,Akoko-Edo,6.032,7.3304,ACTLNG005413,NOT-3,ACPONG034642,NPK,25.43333333,NA,NA,NA,,NA,NA,NA,NA
1666,Nigeria,SE Nigeria,Edo,Akoko-Edo,6.032,7.3304,ACTLNG005413,NOT-3,ACPONG034675,NPK,36.57916667,NA,NA,NA,,NA,NA,NA,NA
1667,Nigeria,SE Nigeria,Edo,Akoko-Edo,6.0321,7.3305,ACTLNG005414,NOT-3,ACPONG034671,PK,25.325,2019,10,14,14/10/2019,11/08/2018,2018,8,11
1668,Nigeria,SE Nigeria,Edo,Akoko-Edo,6.0321,7.3305,ACTLNG005414,NOT-3,ACPONG012332,NPK,29.30416667,2019,10,14,14/10/2019,11/08/2018,2018,8,11
1669,Nigeria,SE Nigeria,Edo,Akoko-Edo,6.0321,7.3305,ACTLNG005414,NOT-3,ACPONG034694,NPK,31.20689655,2019,10,14,14/10/2019,11/08/2018,2018,8,11
1670,Nigeria,SE Nigeria,Edo,Akoko-Edo,6.0321,7.3305,ACTLNG005414,NOT-3,ACPONG034697,NP,29.02083333,2019,10,14,14/10/2019,11/08/2018,2018,8,11
1671,Nigeria,SE Nigeria,Edo,Akoko-Edo,6.0321,7.3305,ACTLNG005414,NOT-3,ACPONG034670,NK,4.195833333,2019,10,14,14/10/2019,11/08/2018,2018,8,11
1672,Nigeria,SE Nigeria,Edo,Akoko-Edo,6.0321,7.3305,ACTLNG005414,NOT-3,ACPONG034669,CON,23.72083333,2019,10,14,14/10/2019,11/08/2018,2018,8,11
1673,Nigeria,SE Nigeria,Edo,Akoko-Edo,6.0321,7.3305,ACTLNG005414,NOT-3,ACPONG012338,half_NPK,5.404166667,2019,10,14,14/10/2019,11/08/2018,2018,8,11
1674,Nigeria,SE Nigeria,Edo,Akoko-Edo,6.0321,7.3305,ACTLNG005415,NOT-3,ACPONG034645,CON,21.89732143,2019,10,14,14/10/2019,11/08/2018,2018,8,11
1675,Nigeria,SE Nigeria,Edo,Akoko-Edo,6.0321,7.3305,ACTLNG005415,NOT-3,ACPONG034656,NK,33.21666667,2019,10,14,14/10/2019,11/08/2018,2018,8,11
1676,Nigeria,SE Nigeria,Edo,Akoko-Edo,6.0321,7.3305,ACTLNG005415,NOT-3,ACPONG034657,NP,39.14166667,2019,10,14,14/10/2019,11/08/2018,2018,8,11
1677,Nigeria,SE Nigeria,Edo,Akoko-Edo,6.0321,7.3305,ACTLNG005415,NOT-3,ACPONG034660,NPK,32.10833333,2019,10,14,14/10/2019,11/08/2018,2018,8,11
1678,Nigeria,SE Nigeria,Edo,Akoko-Edo,6.0321,7.3305,ACTLNG005415,NOT-3,ACPONG034646,NPK,23.78333333,2019,10,14,14/10/2019,11/08/2018,2018,8,11
1679,Nigeria,SE Nigeria,Edo,Akoko-Edo,6.0321,7.3305,ACTLNG005415,NOT-3,ACPONG034651,half_NPK,39.06666667,2019,10,14,14/10/2019,11/08/2018,2018,8,11
1680,Nigeria,SE Nigeria,Edo,Akoko-Edo,6.0321,7.3305,ACTLNG005415,NOT-3,ACPONG034655,CON,21.67916667,2019,10,14,14/10/2019,11/08/2018,2018,8,11
1681,Nigeria,SE Nigeria,Edo,Akoko-Edo,6.0321,7.3305,ACTLNG005415,NOT-3,ACPONG034680,PK,33.78017241,2019,10,14,14/10/2019,11/08/2018,2018,8,11
1682,Nigeria,SE Nigeria,Edo,Orhionmwon,5.9707,6.2769,ACTLNG005421,NOT-3,ACPONG012456,NK,17.37916667,2019,7,2,02/07/2019,22/06/2018,2018,6,22
1683,Nigeria,SE Nigeria,Edo,Orhionmwon,5.9707,6.2769,ACTLNG005421,NOT-3,ACPONG012457,PK,16.27083333,2019,7,2,02/07/2019,22/06/2018,2018,6,22
1684,Nigeria,SE Nigeria,Edo,Orhionmwon,5.9707,6.2769,ACTLNG005422,NOT-3,ACPONG036052,NPK,10.03333333,2019,7,2,02/07/2019,22/06/2018,2018,6,22
1685,Nigeria,SE Nigeria,Edo,Orhionmwon,5.9707,6.2769,ACTLNG005422,NOT-3,ACPONG036035,NP,22.325,2019,7,2,02/07/2019,22/06/2018,2018,6,22
1686,Nigeria,SE Nigeria,Edo,Orhionmwon,5.9707,6.2769,ACTLNG005422,NOT-3,ACPONG036036,half_NPK,21.38333333,2019,7,2,02/07/2019,22/06/2018,2018,6,22
1687,Nigeria,SE Nigeria,Edo,Orhionmwon,5.9707,6.2769,ACTLNG005422,NOT-3,ACPONG036050,NK,27.75,2019,7,2,02/07/2019,22/06/2018,2018,6,22
1688,Nigeria,SE Nigeria,Edo,Orhionmwon,5.9707,6.2769,ACTLNG005422,NOT-3,ACPONG036051,PK,17.5875,2019,7,2,02/07/2019,22/06/2018,2018,6,22
1689,Nigeria,SE Nigeria,Edo,Orhionmwon,5.9707,6.2769,ACTLNG005422,NOT-3,ACPONG036033,NPK,16.9875,2019,7,2,02/07/2019,22/06/2018,2018,6,22
1690,Nigeria,SE Nigeria,Edo,Orhionmwon,5.9707,6.2769,ACTLNG005422,NOT-3,ACPONG013477,NPK_micro,16.60416667,2019,7,2,02/07/2019,22/06/2018,2018,6,22
1691,Nigeria,SE Nigeria,Edo,Orhionmwon,5.9707,6.2769,ACTLNG005422,NOT-3,ACPONG013471,CON,10.82916667,2019,7,2,02/07/2019,22/06/2018,2018,6,22
1692,Nigeria,SE Nigeria,Edo,Orhionmwon,5.9709,6.2766,ACTLNG005423,NOT-3,ACPONG025495,CON,15.06465517,2019,7,26,26/07/2019,22/06/2018,2018,6,22
1693,Nigeria,SE Nigeria,Edo,Orhionmwon,5.9709,6.2766,ACTLNG005423,NOT-3,ACPONG025496,NPK,14.7125,2019,7,26,26/07/2019,22/06/2018,2018,6,22
1694,Nigeria,SE Nigeria,Edo,Orhionmwon,5.9709,6.2766,ACTLNG005423,NOT-3,ACPONG025498,half_NPK,16.95416667,2019,7,26,26/07/2019,22/06/2018,2018,6,22
1695,Nigeria,SE Nigeria,Edo,Orhionmwon,5.9709,6.2766,ACTLNG005423,NOT-3,ACPONG012376,NK,21.25416667,2019,7,26,26/07/2019,22/06/2018,2018,6,22
1696,Nigeria,SE Nigeria,Edo,Orhionmwon,5.9709,6.2766,ACTLNG005423,NOT-3,ACPONG025492,NP,18.1,2019,7,26,26/07/2019,22/06/2018,2018,6,22
1697,Nigeria,SE Nigeria,Edo,Orhionmwon,5.9709,6.2766,ACTLNG005423,NOT-3,ACPONG025490,NPK,25.06666667,2019,7,26,26/07/2019,22/06/2018,2018,6,22
1698,Nigeria,SE Nigeria,Edo,Orhionmwon,5.9709,6.2766,ACTLNG005423,NOT-3,ACPONG025491,PK,22.46428571,2019,7,26,26/07/2019,22/06/2018,2018,6,22
1699,Nigeria,SE Nigeria,Edo,Orhionmwon,5.9705,6.2765,ACTLNG005424,NOT-3,ACPONG025466,CON,14.85416667,2019,7,26,26/07/2019,22/06/2018,2018,6,22
1700,Nigeria,SE Nigeria,Edo,Orhionmwon,5.9705,6.2765,ACTLNG005424,NOT-3,ACPONG025485,half_NPK,21.86666667,2019,7,26,26/07/2019,22/06/2018,2018,6,22
1701,Nigeria,SE Nigeria,Edo,Orhionmwon,5.9705,6.2765,ACTLNG005424,NOT-3,ACPONG012356,NK,16.61666667,2019,7,26,26/07/2019,22/06/2018,2018,6,22
1702,Nigeria,SE Nigeria,Edo,Orhionmwon,5.9705,6.2765,ACTLNG005424,NOT-3,ACPONG012357,PK,24.4625,2019,7,26,26/07/2019,22/06/2018,2018,6,22
1703,Nigeria,SE Nigeria,Edo,Orhionmwon,5.9705,6.2765,ACTLNG005424,NOT-3,ACPONG012359,NPK,27.07916667,2019,7,26,26/07/2019,22/06/2018,2018,6,22
1704,Nigeria,SE Nigeria,Edo,Orhionmwon,5.9705,6.2765,ACTLNG005424,NOT-3,ACPONG012855,NP,13.19583333,2019,7,26,26/07/2019,22/06/2018,2018,6,22
1705,Nigeria,SE Nigeria,Edo,Orhionmwon,5.9705,6.2765,ACTLNG005424,NOT-3,ACPONG025487,NPK,28.8625,2019,7,26,26/07/2019,22/06/2018,2018,6,22
1706,Nigeria,SE Nigeria,Cross River,Ogoja,8.7948,6.6007,ACTLNG005427,NOT-1,ACPONG010512,CON,56.66666667,2018,8,28,28/08/2018,25/05/2017,2017,5,25
1707,Nigeria,SE Nigeria,Cross River,Ogoja,8.7948,6.6007,ACTLNG005427,NOT-1,ACPONG010511,NPK,37.08333333,2018,8,28,28/08/2018,25/05/2017,2017,5,25
1708,Nigeria,SE Nigeria,Cross River,Yala,8.7391,6.6922,ACTLNG005428,NOT-1,ACPONG010738,PK,23.7625,2018,8,30,30/08/2018,18/07/2017,2017,7,18
1709,Nigeria,SE Nigeria,Cross River,Yala,8.7391,6.6922,ACTLNG005428,NOT-1,ACPONG010740,NPK,25.9,2018,8,30,30/08/2018,18/07/2017,2017,7,18
1710,Nigeria,SE Nigeria,Cross River,Yala,8.7391,6.6922,ACTLNG005428,NOT-1,ACPONG010739,CON,17.65416667,2018,8,30,30/08/2018,18/07/2017,2017,7,18
1711,Nigeria,SE Nigeria,Cross River,Yala,NA,NA,ACTLNG005434,NOT-2,ACPONG034762,CON,11.66666667,NA,NA,NA,,NA,NA,NA,NA
1712,Nigeria,SE Nigeria,Cross River,Yala,NA,NA,ACTLNG005434,NOT-2,ACPONG034728,NK,19.16666667,NA,NA,NA,,NA,NA,NA,NA
1713,Nigeria,SE Nigeria,Cross River,Bekwarra,8.9149,6.7286,ACTLNG005451,NOT-2,ACPONG036258,NK,17.70833333,2018,10,17,17/10/2018,02/08/2017,2017,8,2
1714,Nigeria,SE Nigeria,Cross River,Bekwarra,8.9149,6.7286,ACTLNG005451,NOT-2,ACPONG036256,NPK,30.875,2018,10,17,17/10/2018,02/08/2017,2017,8,2
1715,Nigeria,SE Nigeria,Cross River,Bekwarra,8.9149,6.7286,ACTLNG005451,NOT-2,ACPONG036254,CON,13.79166667,2018,10,17,17/10/2018,02/08/2017,2017,8,2
1716,Nigeria,SE Nigeria,Cross River,Bekwarra,8.9149,6.7286,ACTLNG005451,NOT-2,ACPONG036259,NP,25.70833333,2018,10,17,17/10/2018,02/08/2017,2017,8,2
1717,Nigeria,SE Nigeria,Cross River,Bekwarra,8.9149,6.7286,ACTLNG005451,NOT-2,ACPONG036260,NPK_micro,18.33333333,2018,10,17,17/10/2018,02/08/2017,2017,8,2
1718,Nigeria,SE Nigeria,Cross River,Bekwarra,8.9149,6.7286,ACTLNG005451,NOT-2,ACPONG036255,NPK,23.125,2018,10,17,17/10/2018,02/08/2017,2017,8,2
1719,Nigeria,SE Nigeria,Cross River,Bekwarra,8.9149,6.7286,ACTLNG005451,NOT-2,ACPONG036261,half_NPK,26.45833333,2018,10,17,17/10/2018,02/08/2017,2017,8,2
1720,Nigeria,SE Nigeria,Cross River,Bekwarra,8.9149,6.7286,ACTLNG005451,NOT-2,ACPONG036257,PK,19.29166667,2018,10,17,17/10/2018,02/08/2017,2017,8,2
1721,Nigeria,SE Nigeria,Cross River,Bekwarra,8.9149,6.7286,ACTLNG005452,NOT-2,ACPONG036269,PK,23.54166667,2018,10,17,17/10/2018,02/08/2017,2017,8,2
1722,Nigeria,SE Nigeria,Cross River,Bekwarra,8.9149,6.7286,ACTLNG005452,NOT-2,ACPONG036271,NP,35.625,2018,10,17,17/10/2018,02/08/2017,2017,8,2
1723,Nigeria,SE Nigeria,Cross River,Bekwarra,8.9149,6.7286,ACTLNG005452,NOT-2,ACPONG036273,half_NPK,20.5,2018,10,17,17/10/2018,02/08/2017,2017,8,2
1724,Nigeria,SE Nigeria,Cross River,Bekwarra,8.9149,6.7286,ACTLNG005452,NOT-2,ACPONG036272,NPK_micro,38.79166667,2018,10,17,17/10/2018,02/08/2017,2017,8,2
1725,Nigeria,SE Nigeria,Cross River,Bekwarra,8.9149,6.7286,ACTLNG005452,NOT-2,ACPONG036268,NPK,44.29166667,2018,10,17,17/10/2018,02/08/2017,2017,8,2
1726,Nigeria,SE Nigeria,Cross River,Bekwarra,8.9149,6.7286,ACTLNG005452,NOT-2,ACPONG036270,NK,22.66666667,2018,10,17,17/10/2018,02/08/2017,2017,8,2
1727,Nigeria,SE Nigeria,Cross River,Bekwarra,8.9149,6.7286,ACTLNG005452,NOT-2,ACPONG036267,NPK,33.54166667,2018,10,17,17/10/2018,02/08/2017,2017,8,2
1728,Nigeria,SE Nigeria,Cross River,Bekwarra,8.9149,6.7286,ACTLNG005452,NOT-2,ACPONG036266,CON,28.83333333,2018,10,17,17/10/2018,02/08/2017,2017,8,2
1729,Nigeria,SE Nigeria,Cross River,Bekwarra,8.9149,6.7286,ACTLNG005453,NOT-2,ACPONG036278,CON,24.75,2018,10,17,17/10/2018,02/08/2017,2017,8,2
1730,Nigeria,SE Nigeria,Cross River,Bekwarra,8.9149,6.7286,ACTLNG005453,NOT-2,ACPONG036284,NPK_micro,30.20833333,2018,10,17,17/10/2018,02/08/2017,2017,8,2
1731,Nigeria,SE Nigeria,Cross River,Bekwarra,8.9149,6.7286,ACTLNG005453,NOT-2,ACPONG036282,NK,31.29166667,2018,10,17,17/10/2018,02/08/2017,2017,8,2
1732,Nigeria,SE Nigeria,Cross River,Bekwarra,8.9149,6.7286,ACTLNG005453,NOT-2,ACPONG036280,NPK,41.04166667,2018,10,17,17/10/2018,02/08/2017,2017,8,2
1733,Nigeria,SE Nigeria,Cross River,Bekwarra,8.9149,6.7286,ACTLNG005453,NOT-2,ACPONG036283,NP,49.58333333,2018,10,17,17/10/2018,02/08/2017,2017,8,2
1734,Nigeria,SE Nigeria,Cross River,Bekwarra,8.9149,6.7286,ACTLNG005453,NOT-2,ACPONG036279,NPK,32.66666667,2018,10,17,17/10/2018,02/08/2017,2017,8,2
1735,Nigeria,SE Nigeria,Cross River,Bekwarra,8.9149,6.7286,ACTLNG005453,NOT-2,ACPONG036288,half_NPK,33.375,2018,10,17,17/10/2018,02/08/2017,2017,8,2
1736,Nigeria,SE Nigeria,Cross River,Bekwarra,8.9149,6.7286,ACTLNG005453,NOT-2,ACPONG036281,PK,19.375,2018,10,17,17/10/2018,02/08/2017,2017,8,2
1737,Nigeria,SE Nigeria,Cross River,Bekwarra,8.9149,6.7286,ACTLNG005454,NOT-2,ACPONG036291,NPK,18.375,2018,10,17,17/10/2018,28/08/2017,2017,8,28
1738,Nigeria,SE Nigeria,Cross River,Bekwarra,8.9149,6.7286,ACTLNG005454,NOT-2,ACPONG036296,half_NPK,25.20833333,2018,10,17,17/10/2018,28/08/2017,2017,8,28
1739,Nigeria,SE Nigeria,Cross River,Bekwarra,8.9149,6.7286,ACTLNG005454,NOT-2,ACPONG036294,NP,27.08333333,2018,10,17,17/10/2018,28/08/2017,2017,8,28
1740,Nigeria,SE Nigeria,Cross River,Bekwarra,8.9149,6.7286,ACTLNG005454,NOT-2,ACPONG036290,CON,15,2018,10,17,17/10/2018,28/08/2017,2017,8,28
1741,Nigeria,SE Nigeria,Cross River,Bekwarra,8.9149,6.7286,ACTLNG005454,NOT-2,ACPONG036295,NPK_micro,17.29166667,2018,10,17,17/10/2018,28/08/2017,2017,8,28
1742,Nigeria,SE Nigeria,Cross River,Bekwarra,8.9149,6.7286,ACTLNG005454,NOT-2,ACPONG036301,NK,27.5,2018,10,17,17/10/2018,28/08/2017,2017,8,28
1743,Nigeria,SE Nigeria,Cross River,Bekwarra,8.9149,6.7286,ACTLNG005454,NOT-2,ACPONG036292,NPK,16.70833333,2018,10,17,17/10/2018,28/08/2017,2017,8,28
1744,Nigeria,SE Nigeria,Cross River,Bekwarra,8.9149,6.7286,ACTLNG005454,NOT-2,ACPONG036293,PK,25.54166667,2018,10,17,17/10/2018,28/08/2017,2017,8,28
1745,Nigeria,SE Nigeria,Cross River,Bekwarra,8.8926,6.7216,ACTLNG005483,NOT-3,ACPONG034814,NPK,13.15,2019,8,22,22/08/2019,25/07/2018,2018,7,25
1746,Nigeria,SE Nigeria,Cross River,Bekwarra,8.8926,6.7216,ACTLNG005483,NOT-3,ACPONG034809,NPK_micro,22.57758621,2019,8,22,22/08/2019,25/07/2018,2018,7,25
1747,Nigeria,SE Nigeria,Cross River,Bekwarra,8.8926,6.7216,ACTLNG005483,NOT-3,ACPONG034812,PK,23.1375,2019,8,22,22/08/2019,25/07/2018,2018,7,25
1748,Nigeria,SE Nigeria,Cross River,Bekwarra,8.8926,6.7216,ACTLNG005483,NOT-3,ACPONG034810,NP,17.64224138,2019,8,22,22/08/2019,25/07/2018,2018,7,25
1749,Nigeria,SE Nigeria,Cross River,Bekwarra,8.8926,6.7216,ACTLNG005483,NOT-3,ACPONG034808,half_NPK,18.28977273,2019,8,22,22/08/2019,25/07/2018,2018,7,25
1750,Nigeria,SE Nigeria,Cross River,Bekwarra,8.8926,6.7216,ACTLNG005483,NOT-3,ACPONG034815,CON,20.39583333,2019,8,22,22/08/2019,25/07/2018,2018,7,25
1751,Nigeria,SE Nigeria,Cross River,Bekwarra,8.8926,6.7216,ACTLNG005483,NOT-3,ACPONG034811,NK,16.99404762,2019,8,22,22/08/2019,25/07/2018,2018,7,25
1752,Nigeria,SE Nigeria,Cross River,Bekwarra,8.8926,6.7216,ACTLNG005483,NOT-3,ACPONG034813,NPK,19.04583333,2019,8,22,22/08/2019,25/07/2018,2018,7,25
1753,Nigeria,SE Nigeria,Cross River,Bekwarra,8.8926,6.7216,ACTLNG005484,NOT-3,ACPONG034791,CON,15.32916667,2019,8,22,22/08/2019,25/07/2018,2018,7,25
1754,Nigeria,SE Nigeria,Cross River,Bekwarra,8.8926,6.7216,ACTLNG005484,NOT-3,ACPONG034786,NP,21.03125,2019,8,22,22/08/2019,25/07/2018,2018,7,25
1755,Nigeria,SE Nigeria,Cross River,Bekwarra,8.8926,6.7216,ACTLNG005484,NOT-3,ACPONG034787,NK,10.24166667,2019,8,22,22/08/2019,25/07/2018,2018,7,25
1756,Nigeria,SE Nigeria,Cross River,Bekwarra,8.8926,6.7216,ACTLNG005484,NOT-3,ACPONG034785,NPK_micro,15.18333333,2019,8,22,22/08/2019,25/07/2018,2018,7,25
1757,Nigeria,SE Nigeria,Cross River,Bekwarra,8.8926,6.7216,ACTLNG005484,NOT-3,ACPONG034789,NPK,33.1375,2019,8,22,22/08/2019,25/07/2018,2018,7,25
1758,Nigeria,SE Nigeria,Cross River,Bekwarra,8.8926,6.7216,ACTLNG005484,NOT-3,ACPONG034784,half_NPK,15.80833333,2019,8,22,22/08/2019,25/07/2018,2018,7,25
1759,Nigeria,SE Nigeria,Cross River,Bekwarra,8.8926,6.7216,ACTLNG005484,NOT-3,ACPONG034790,NPK,30.90833333,2019,8,22,22/08/2019,25/07/2018,2018,7,25
1760,Nigeria,SE Nigeria,Cross River,Bekwarra,8.8926,6.7216,ACTLNG005484,NOT-3,ACPONG034788,PK,17.49583333,2019,8,22,22/08/2019,25/07/2018,2018,7,25
1761,Nigeria,SE Nigeria,Cross River,Bekwarra,8.8926,6.7217,ACTLNG005485,NOT-3,ACPONG034802,NPK,20.65,2019,8,8,08/08/2019,25/07/2018,2018,7,25
1762,Nigeria,SE Nigeria,Cross River,Bekwarra,8.8926,6.7217,ACTLNG005485,NOT-3,ACPONG036047,PK,14.29166667,2019,8,8,08/08/2019,25/07/2018,2018,7,25
1763,Nigeria,SE Nigeria,Cross River,Bekwarra,8.8926,6.7217,ACTLNG005485,NOT-3,ACPONG034798,NP,13.64166667,2019,8,8,08/08/2019,25/07/2018,2018,7,25
1764,Nigeria,SE Nigeria,Cross River,Bekwarra,8.8926,6.7217,ACTLNG005485,NOT-3,ACPONG034797,NPK_micro,10.64166667,2019,8,8,08/08/2019,25/07/2018,2018,7,25
1765,Nigeria,SE Nigeria,Cross River,Bekwarra,8.8926,6.7217,ACTLNG005485,NOT-3,ACPONG034799,NK,12.4125,2019,8,8,08/08/2019,25/07/2018,2018,7,25
1766,Nigeria,SE Nigeria,Cross River,Bekwarra,8.8926,6.7217,ACTLNG005485,NOT-3,ACPONG034803,CON,13.43333333,2019,8,8,08/08/2019,25/07/2018,2018,7,25
1767,Nigeria,SE Nigeria,Cross River,Bekwarra,8.8926,6.7217,ACTLNG005485,NOT-3,ACPONG034801,NPK,13.37083333,2019,8,8,08/08/2019,25/07/2018,2018,7,25
1768,Nigeria,SE Nigeria,Cross River,Bekwarra,8.8926,6.7217,ACTLNG005485,NOT-3,ACPONG036046,half_NPK,9.079166667,2019,8,8,08/08/2019,25/07/2018,2018,7,25
1769,Nigeria,SE Nigeria,Cross River,Bekwarra,8.8924,6.7219,ACTLNG005486,NOT-3,ACPONG034823,NK,22.70416667,2019,8,8,08/08/2019,25/07/2018,2018,7,25
1770,Nigeria,SE Nigeria,Cross River,Bekwarra,8.8924,6.7219,ACTLNG005486,NOT-3,ACPONG034821,NPK_micro,13.23333333,2019,8,8,08/08/2019,25/07/2018,2018,7,25
1771,Nigeria,SE Nigeria,Cross River,Bekwarra,8.8924,6.7219,ACTLNG005486,NOT-3,ACPONG036048,NP,24.4375,2019,8,8,08/08/2019,25/07/2018,2018,7,25
1772,Nigeria,SE Nigeria,Cross River,Bekwarra,8.8924,6.7219,ACTLNG005486,NOT-3,ACPONG034827,CON,16.53333333,2019,8,8,08/08/2019,25/07/2018,2018,7,25
1773,Nigeria,SE Nigeria,Cross River,Bekwarra,8.8924,6.7219,ACTLNG005486,NOT-3,ACPONG034826,NPK,18.49166667,2019,8,8,08/08/2019,25/07/2018,2018,7,25
1774,Nigeria,SE Nigeria,Cross River,Bekwarra,8.8924,6.7219,ACTLNG005486,NOT-3,ACPONG034825,NPK,33.44166667,2019,8,8,08/08/2019,25/07/2018,2018,7,25
1775,Nigeria,SE Nigeria,Cross River,Bekwarra,8.8924,6.7219,ACTLNG005486,NOT-3,ACPONG034820,half_NPK,18.95,2019,8,8,08/08/2019,25/07/2018,2018,7,25
1776,Nigeria,SE Nigeria,Cross River,Bekwarra,8.8924,6.7219,ACTLNG005486,NOT-3,ACPONG036081,PK,15.63333333,2019,8,8,08/08/2019,25/07/2018,2018,7,25
1777,Nigeria,SE Nigeria,Cross River,Bekwarra,8.9198,6.7284,ACTLNG005487,NOT-3,ACPONG036083,NP,13.87916667,2019,8,21,21/08/2019,26/07/2018,2018,7,26
1778,Nigeria,SE Nigeria,Cross River,Bekwarra,8.9198,6.7284,ACTLNG005487,NOT-3,ACPONG034835,NK,16.37916667,2019,8,21,21/08/2019,26/07/2018,2018,7,26
1779,Nigeria,SE Nigeria,Cross River,Bekwarra,8.9198,6.7284,ACTLNG005487,NOT-3,ACPONG036084,NPK,24.45689655,2019,8,21,21/08/2019,26/07/2018,2018,7,26
1780,Nigeria,SE Nigeria,Cross River,Bekwarra,8.9198,6.7284,ACTLNG005487,NOT-3,ACPONG034836,PK,14.775,2019,8,21,21/08/2019,26/07/2018,2018,7,26
1781,Nigeria,SE Nigeria,Cross River,Bekwarra,8.9198,6.7284,ACTLNG005487,NOT-3,ACPONG034838,NPK,26.05833333,2019,8,21,21/08/2019,26/07/2018,2018,7,26
1782,Nigeria,SE Nigeria,Cross River,Bekwarra,8.9198,6.7284,ACTLNG005487,NOT-3,ACPONG034833,NPK_micro,12.79741379,2019,8,21,21/08/2019,26/07/2018,2018,7,26
1783,Nigeria,SE Nigeria,Cross River,Bekwarra,8.9198,6.7284,ACTLNG005487,NOT-3,ACPONG034839,CON,16.56666667,2019,8,21,21/08/2019,26/07/2018,2018,7,26
1784,Nigeria,SE Nigeria,Cross River,Bekwarra,8.9198,6.7284,ACTLNG005487,NOT-3,ACPONG034832,half_NPK,11.05357143,2019,8,21,21/08/2019,26/07/2018,2018,7,26
1785,Nigeria,SE Nigeria,Cross River,Bekwarra,8.9198,6.7283,ACTLNG005488,NOT-3,ACPONG034848,PK,21.175,2019,8,21,21/08/2019,26/07/2018,2018,7,26
1786,Nigeria,SE Nigeria,Cross River,Bekwarra,8.9198,6.7283,ACTLNG005488,NOT-3,ACPONG034847,NK,19.31034483,2019,8,21,21/08/2019,26/07/2018,2018,7,26
1787,Nigeria,SE Nigeria,Cross River,Bekwarra,8.9198,6.7283,ACTLNG005488,NOT-3,ACPONG034844,half_NPK,22.953125,2019,8,21,21/08/2019,26/07/2018,2018,7,26
1788,Nigeria,SE Nigeria,Cross River,Bekwarra,8.9198,6.7283,ACTLNG005488,NOT-3,ACPONG034845,NPK_micro,24.6875,2019,8,21,21/08/2019,26/07/2018,2018,7,26
1789,Nigeria,SE Nigeria,Cross River,Bekwarra,8.9198,6.7283,ACTLNG005488,NOT-3,ACPONG036082,NPK,30.74553571,2019,8,21,21/08/2019,26/07/2018,2018,7,26
1790,Nigeria,SE Nigeria,Cross River,Bekwarra,8.9198,6.7283,ACTLNG005488,NOT-3,ACPONG034846,NP,25.47413793,2019,8,21,21/08/2019,26/07/2018,2018,7,26
1791,Nigeria,SE Nigeria,Cross River,Bekwarra,8.9198,6.7283,ACTLNG005488,NOT-3,ACPONG034851,CON,22.38461538,2019,8,21,21/08/2019,26/07/2018,2018,7,26
1792,Nigeria,SE Nigeria,Cross River,Bekwarra,8.9198,6.7283,ACTLNG005488,NOT-3,ACPONG034849,NPK,31.26785714,2019,8,21,21/08/2019,26/07/2018,2018,7,26
1793,Nigeria,SE Nigeria,Cross River,Bekwarra,8.9198,6.7283,ACTLNG005489,NOT-3,ACPONG034856,half_NPK,23.05833333,2019,8,7,07/08/2019,26/07/2018,2018,7,26
1794,Nigeria,SE Nigeria,Cross River,Bekwarra,8.9198,6.7283,ACTLNG005489,NOT-3,ACPONG034863,CON,20.19583333,2019,8,7,07/08/2019,26/07/2018,2018,7,26
1795,Nigeria,SE Nigeria,Cross River,Bekwarra,8.9198,6.7283,ACTLNG005489,NOT-3,ACPONG034862,NPK,29.33333333,2019,8,7,07/08/2019,26/07/2018,2018,7,26
1796,Nigeria,SE Nigeria,Cross River,Bekwarra,8.9198,6.7283,ACTLNG005489,NOT-3,ACPONG034858,NP,25.34166667,2019,8,7,07/08/2019,26/07/2018,2018,7,26
1797,Nigeria,SE Nigeria,Cross River,Bekwarra,8.9198,6.7283,ACTLNG005489,NOT-3,ACPONG034860,PK,20.4625,2019,8,7,07/08/2019,26/07/2018,2018,7,26
1798,Nigeria,SE Nigeria,Cross River,Bekwarra,8.9198,6.7283,ACTLNG005489,NOT-3,ACPONG034861,NPK,22.075,2019,8,7,07/08/2019,26/07/2018,2018,7,26
1799,Nigeria,SE Nigeria,Cross River,Bekwarra,8.9198,6.7283,ACTLNG005489,NOT-3,ACPONG034857,NPK_micro,26.84166667,2019,8,7,07/08/2019,26/07/2018,2018,7,26
1800,Nigeria,SE Nigeria,Cross River,Bekwarra,8.9198,6.7283,ACTLNG005489,NOT-3,ACPONG034859,NK,25.34166667,2019,8,7,07/08/2019,26/07/2018,2018,7,26
1801,Nigeria,SE Nigeria,Cross River,Bekwarra,8.9198,6.7283,ACTLNG005490,NOT-3,ACPONG034874,NPK,24.86666667,2019,8,7,07/08/2019,26/07/2018,2018,7,26
1802,Nigeria,SE Nigeria,Cross River,Bekwarra,8.9198,6.7283,ACTLNG005490,NOT-3,ACPONG034872,PK,15.27916667,2019,8,7,07/08/2019,26/07/2018,2018,7,26
1803,Nigeria,SE Nigeria,Cross River,Bekwarra,8.9198,6.7283,ACTLNG005490,NOT-3,ACPONG034870,NP,21.49166667,2019,8,7,07/08/2019,26/07/2018,2018,7,26
1804,Nigeria,SE Nigeria,Cross River,Bekwarra,8.9198,6.7283,ACTLNG005490,NOT-3,ACPONG034869,NPK_micro,25.425,2019,8,7,07/08/2019,26/07/2018,2018,7,26
1805,Nigeria,SE Nigeria,Cross River,Bekwarra,8.9198,6.7283,ACTLNG005490,NOT-3,ACPONG034875,CON,11.18333333,2019,8,7,07/08/2019,26/07/2018,2018,7,26
1806,Nigeria,SE Nigeria,Cross River,Bekwarra,8.9198,6.7283,ACTLNG005490,NOT-3,ACPONG034868,half_NPK,13.08333333,2019,8,7,07/08/2019,26/07/2018,2018,7,26
1807,Nigeria,SE Nigeria,Cross River,Bekwarra,8.9198,6.7283,ACTLNG005490,NOT-3,ACPONG034873,NPK,26.25833333,2019,8,7,07/08/2019,26/07/2018,2018,7,26
1808,Nigeria,SE Nigeria,Cross River,Bekwarra,8.9198,6.7283,ACTLNG005490,NOT-3,ACPONG034871,NK,20.61666667,2019,8,7,07/08/2019,26/07/2018,2018,7,26
1809,Nigeria,SE Nigeria,Cross River,Ikom,8.7468,5.9613,ACTLNG005505,NOT-3,ACPONG034470,NP,32.0923913,2019,9,3,03/09/2019,31/08/2018,2018,8,31
1810,Nigeria,SE Nigeria,Cross River,Ikom,8.7468,5.9613,ACTLNG005505,NOT-3,ACPONG034472,PK,26.30833333,2019,9,3,03/09/2019,31/08/2018,2018,8,31
1811,Nigeria,SE Nigeria,Cross River,Ikom,8.7468,5.9613,ACTLNG005505,NOT-3,ACPONG034474,NPK,38.07236842,2019,9,3,03/09/2019,31/08/2018,2018,8,31
1812,Nigeria,SE Nigeria,Cross River,Ikom,8.7468,5.9613,ACTLNG005505,NOT-3,ACPONG034468,half_NPK,33.17045455,2019,9,3,03/09/2019,31/08/2018,2018,8,31
1813,Nigeria,SE Nigeria,Cross River,Ikom,8.7468,5.9613,ACTLNG005505,NOT-3,ACPONG034473,NPK,34.06730769,2019,9,3,03/09/2019,31/08/2018,2018,8,31
1814,Nigeria,SE Nigeria,Cross River,Ikom,8.7468,5.9613,ACTLNG005505,NOT-3,ACPONG034471,NK,33.435,2019,9,3,03/09/2019,31/08/2018,2018,8,31
1815,Nigeria,SE Nigeria,Cross River,Ikom,8.7468,5.9613,ACTLNG005506,NOT-3,ACPONG034437,NPK,19.109375,2019,9,3,03/09/2019,31/08/2018,2018,8,31
1816,Nigeria,SE Nigeria,Cross River,Ikom,8.7468,5.9613,ACTLNG005506,NOT-3,ACPONG034438,NPK,28.63095238,2019,9,3,03/09/2019,31/08/2018,2018,8,31
1817,Nigeria,SE Nigeria,Cross River,Ikom,8.7468,5.9613,ACTLNG005506,NOT-3,ACPONG034439,CON,27.72,2019,9,3,03/09/2019,31/08/2018,2018,8,31
1818,Nigeria,SE Nigeria,Cross River,Ikom,8.7468,5.9613,ACTLNG005506,NOT-3,ACPONG034436,PK,35.19791667,2019,9,3,03/09/2019,31/08/2018,2018,8,31
1819,Nigeria,SE Nigeria,Cross River,Ikom,8.7468,5.9613,ACTLNG005506,NOT-3,ACPONG034432,half_NPK,36.85869565,2019,9,3,03/09/2019,31/08/2018,2018,8,31
1820,Nigeria,SE Nigeria,Cross River,Ikom,8.7468,5.9613,ACTLNG005506,NOT-3,ACPONG034435,NK,33.06818182,2019,9,3,03/09/2019,31/08/2018,2018,8,31
1821,Nigeria,SE Nigeria,Cross River,Ikom,8.7468,5.9613,ACTLNG005506,NOT-3,ACPONG034433,NPK_micro,19.10326087,2019,9,3,03/09/2019,31/08/2018,2018,8,31
1822,Nigeria,SE Nigeria,Cross River,Ikom,8.7468,5.9613,ACTLNG005506,NOT-3,ACPONG034434,NP,17.76388889,2019,9,3,03/09/2019,31/08/2018,2018,8,31
1823,Nigeria,SE Nigeria,Cross River,Ikom,8.7469,5.9613,ACTLNG005507,NOT-3,ACPONG025542,NPK,26.625,2019,9,4,04/09/2019,31/08/2018,2018,8,31
1824,Nigeria,SE Nigeria,Cross River,Ikom,8.7469,5.9613,ACTLNG005507,NOT-3,ACPONG034451,CON,24.1875,2019,9,4,04/09/2019,31/08/2018,2018,8,31
1825,Nigeria,SE Nigeria,Cross River,Ikom,8.7469,5.9613,ACTLNG005507,NOT-3,ACPONG034444,half_NPK,29.26785714,2019,9,4,04/09/2019,31/08/2018,2018,8,31
1826,Nigeria,SE Nigeria,Cross River,Ikom,8.7469,5.9613,ACTLNG005507,NOT-3,ACPONG034445,NPK_micro,24.8375,2019,9,4,04/09/2019,31/08/2018,2018,8,31
1827,Nigeria,SE Nigeria,Cross River,Ikom,8.7469,5.9613,ACTLNG005507,NOT-3,ACPONG036085,NP,19.8287037,2019,9,4,04/09/2019,31/08/2018,2018,8,31
1828,Nigeria,SE Nigeria,Cross River,Ikom,8.7469,5.9613,ACTLNG005507,NOT-3,ACPONG034447,PK,28.18981481,2019,9,4,04/09/2019,31/08/2018,2018,8,31
1829,Nigeria,SE Nigeria,Cross River,Ikom,8.7469,5.9613,ACTLNG005507,NOT-3,ACPONG034448,NK,23.96875,2019,9,4,04/09/2019,31/08/2018,2018,8,31
1830,Nigeria,SE Nigeria,Cross River,Ikom,8.7469,5.9613,ACTLNG005507,NOT-3,ACPONG036216,NPK,25.99479167,2019,9,4,04/09/2019,31/08/2018,2018,8,31
1831,Nigeria,SE Nigeria,Cross River,Ikom,8.7468,5.9613,ACTLNG005508,NOT-3,ACPONG034458,NP,26.81944444,2019,9,4,04/09/2019,31/08/2018,2018,8,31
1832,Nigeria,SE Nigeria,Cross River,Ikom,8.7468,5.9613,ACTLNG005508,NOT-3,ACPONG034459,NK,21.22321429,2019,9,4,04/09/2019,31/08/2018,2018,8,31
1833,Nigeria,SE Nigeria,Cross River,Ikom,8.7468,5.9613,ACTLNG005508,NOT-3,ACPONG034457,NPK_micro,18.2625,2019,9,4,04/09/2019,31/08/2018,2018,8,31
1834,Nigeria,SE Nigeria,Cross River,Ikom,8.7468,5.9613,ACTLNG005508,NOT-3,ACPONG034460,PK,25.85833333,2019,9,4,04/09/2019,31/08/2018,2018,8,31
1835,Nigeria,SE Nigeria,Cross River,Ikom,8.7468,5.9613,ACTLNG005508,NOT-3,ACPONG034463,CON,14.9702381,2019,9,4,04/09/2019,31/08/2018,2018,8,31
1836,Nigeria,SE Nigeria,Cross River,Ikom,8.7468,5.9613,ACTLNG005508,NOT-3,ACPONG034456,half_NPK,25.58653846,2019,9,4,04/09/2019,31/08/2018,2018,8,31
1837,Nigeria,SE Nigeria,Cross River,Ikom,8.7468,5.9613,ACTLNG005508,NOT-3,ACPONG034462,NPK,27.00892857,2019,9,4,04/09/2019,31/08/2018,2018,8,31
1838,Nigeria,SE Nigeria,Cross River,Ikom,8.7468,5.9613,ACTLNG005508,NOT-3,ACPONG034461,NPK,20.34259259,2019,9,4,04/09/2019,31/08/2018,2018,8,31
1839,Nigeria,SW Nigeria,Oyo,Saki West,3.3657,8.6321,ACTLNG007526,NOT-3,ACPONG031922,NP,15.40865385,2019,7,8,08/07/2019,08/07/2018,2018,7,8
1840,Nigeria,SW Nigeria,Oyo,Saki West,3.3657,8.6321,ACTLNG007526,NOT-3,ACPONG031958,NP,34.27857143,2019,7,8,08/07/2019,08/07/2018,2018,7,8
1841,Nigeria,SW Nigeria,Oyo,Saki West,3.3657,8.6321,ACTLNG007526,NOT-3,ACPONG031942,NPK,33.77368421,2019,7,8,08/07/2019,08/07/2018,2018,7,8
1842,Nigeria,SW Nigeria,Oyo,Saki West,3.3657,8.6321,ACTLNG007526,NOT-3,ACPONG031944,PK,20.49903846,2019,7,8,08/07/2019,08/07/2018,2018,7,8
1843,Nigeria,SW Nigeria,Oyo,Saki West,3.3657,8.6321,ACTLNG007526,NOT-3,ACPONG031920,PK,13.833125,2019,7,8,08/07/2019,08/07/2018,2018,7,8
1844,Nigeria,SW Nigeria,Oyo,Saki West,3.3657,8.6321,ACTLNG007526,NOT-3,ACPONG031914,NK,11.05817308,2019,7,8,08/07/2019,08/07/2018,2018,7,8
1845,Nigeria,SW Nigeria,Oyo,Saki West,3.3657,8.6321,ACTLNG007526,NOT-3,ACPONG031938,NK,22.87336957,2019,7,8,08/07/2019,08/07/2018,2018,7,8
1846,Nigeria,SW Nigeria,Oyo,Saki West,3.3657,8.6321,ACTLNG007526,NOT-3,ACPONG031930,NPK,29.82784091,2019,7,8,08/07/2019,08/07/2018,2018,7,8
1847,Nigeria,SW Nigeria,Oyo,Saki West,3.3657,8.6321,ACTLNG007526,NOT-3,ACPONG031934,NP,25.58486842,2019,7,8,08/07/2019,08/07/2018,2018,7,8
1848,Nigeria,SW Nigeria,Oyo,Saki West,3.3657,8.6321,ACTLNG007526,NOT-3,ACPONG037693,NPK,14.26041667,2019,7,8,08/07/2019,08/07/2018,2018,7,8
1849,Nigeria,SW Nigeria,Oyo,Saki West,3.3657,8.6321,ACTLNG007526,NOT-3,ACPONG031921,NPK,16.72272727,2019,7,8,08/07/2019,08/07/2018,2018,7,8
1850,Nigeria,SW Nigeria,Oyo,Saki West,3.3657,8.6321,ACTLNG007526,NOT-3,ACPONG037691,CON,9.448958333,2019,7,8,08/07/2019,08/07/2018,2018,7,8
1851,Nigeria,SW Nigeria,Oyo,Saki West,3.3657,8.6321,ACTLNG007526,NOT-3,ACPONG031933,NPK,19.21666667,2019,7,8,08/07/2019,08/07/2018,2018,7,8
1852,Nigeria,SW Nigeria,Oyo,Saki West,3.3657,8.6321,ACTLNG007526,NOT-3,ACPONG031945,NPK,21.59861111,2019,7,8,08/07/2019,08/07/2018,2018,7,8
1853,Nigeria,SW Nigeria,Oyo,Saki West,3.3657,8.6321,ACTLNG007526,NOT-3,ACPONG031924,CON,22.90277778,2019,7,8,08/07/2019,08/07/2018,2018,7,8
1854,Nigeria,SW Nigeria,Oyo,Saki West,3.3657,8.6321,ACTLNG007526,NOT-3,ACPONG031932,PK,13.23365385,2019,7,8,08/07/2019,08/07/2018,2018,7,8
1855,Nigeria,SW Nigeria,Oyo,Saki West,3.3657,8.6321,ACTLNG007526,NOT-3,ACPONG031915,half_NPK,12.74322917,2019,7,8,08/07/2019,08/07/2018,2018,7,8
1856,Nigeria,SW Nigeria,Oyo,Saki West,3.3657,8.6321,ACTLNG007526,NOT-3,ACPONG031926,NK,17.22202381,2019,7,8,08/07/2019,08/07/2018,2018,7,8
1857,Nigeria,SW Nigeria,Oyo,Saki West,3.3657,8.6321,ACTLNG007526,NOT-3,ACPONG031936,CON,18.11704545,2019,7,8,08/07/2019,08/07/2018,2018,7,8
1858,Nigeria,SW Nigeria,Oyo,Saki West,3.3657,8.6321,ACTLNG007526,NOT-3,ACPONG031927,half_NPK,10.57613636,2019,7,8,08/07/2019,08/07/2018,2018,7,8
1859,Nigeria,SW Nigeria,Oyo,Saki West,3.3656,8.6324,ACTLNG007559,NOT-3,ACPONG037695,half_NPK,6.474107143,NA,NA,NA,,NA,NA,NA,NA
1860,Nigeria,SW Nigeria,Osun,Egbedore,NA,NA,ACTLNG007582,NOT-3,ACPONG035890,CON,14.22282609,NA,NA,NA,,NA,NA,NA,NA
1861,Nigeria,SW Nigeria,Osun,Egbedore,NA,NA,ACTLNG007582,NOT-3,ACPONG035897,half_NPK,23.85227273,NA,NA,NA,,NA,NA,NA,NA
1862,Nigeria,SW Nigeria,Osun,Egbedore,NA,NA,ACTLNG007582,NOT-3,ACPONG035891,NPK,16.27840909,NA,NA,NA,,NA,NA,NA,NA
1863,Nigeria,SW Nigeria,Osun,Egbedore,NA,NA,ACTLNG007582,NOT-3,ACPONG035896,NPK_micro,35.54464286,NA,NA,NA,,NA,NA,NA,NA
1864,Nigeria,SW Nigeria,Osun,Egbedore,NA,NA,ACTLNG007582,NOT-3,ACPONG035895,NP,32.28472222,NA,NA,NA,,NA,NA,NA,NA
1865,Nigeria,SW Nigeria,Osun,Egbedore,NA,NA,ACTLNG007582,NOT-3,ACPONG035894,NK,30.95238095,NA,NA,NA,,NA,NA,NA,NA
1866,Nigeria,SW Nigeria,Osun,Egbedore,NA,NA,ACTLNG007582,NOT-3,ACPONG035892,NPK,38.69642857,NA,NA,NA,,NA,NA,NA,NA
1867,Nigeria,SW Nigeria,Osun,Egbedore,NA,NA,ACTLNG007582,NOT-3,ACPONG035893,PK,24.92391304,NA,NA,NA,,NA,NA,NA,NA
1868,Nigeria,SW Nigeria,Osun,Egbedore,NA,NA,ACTLNG007583,NOT-3,ACPONG028070,half_NPK,19.825,NA,NA,NA,,NA,NA,NA,NA
1869,Nigeria,SW Nigeria,Osun,Egbedore,NA,NA,ACTLNG007583,NOT-3,ACPONG028063,CON,14.2109375,NA,NA,NA,,NA,NA,NA,NA
1870,Nigeria,SW Nigeria,Osun,Egbedore,NA,NA,ACTLNG007583,NOT-3,ACPONG028067,NK,31.70833333,NA,NA,NA,,NA,NA,NA,NA
1871,Nigeria,SW Nigeria,Osun,Egbedore,NA,NA,ACTLNG007583,NOT-3,ACPONG028068,NP,34.16911765,NA,NA,NA,,NA,NA,NA,NA
1872,Nigeria,SW Nigeria,Osun,Egbedore,NA,NA,ACTLNG007583,NOT-3,ACPONG028064,NPK,40.3,NA,NA,NA,,NA,NA,NA,NA
1873,Nigeria,SW Nigeria,Osun,Egbedore,NA,NA,ACTLNG007583,NOT-3,ACPONG028066,PK,35.57236842,NA,NA,NA,,NA,NA,NA,NA
1874,Nigeria,SW Nigeria,Osun,Egbedore,NA,NA,ACTLNG007583,NOT-3,ACPONG028065,NPK,41.77380952,NA,NA,NA,,NA,NA,NA,NA
1875,Nigeria,SW Nigeria,Osun,Egbedore,NA,NA,ACTLNG007583,NOT-3,ACPONG028069,NPK_micro,28.1,NA,NA,NA,,NA,NA,NA,NA
1876,Nigeria,SW Nigeria,Osun,Egbedore,NA,NA,ACTLNG007584,NOT-3,ACPONG028092,CON,13.75,NA,NA,NA,,NA,NA,NA,NA
1877,Nigeria,SW Nigeria,Osun,Egbedore,NA,NA,ACTLNG007584,NOT-3,ACPONG028085,half_NPK,19.35714286,NA,NA,NA,,NA,NA,NA,NA
1878,Nigeria,SW Nigeria,Osun,Egbedore,NA,NA,ACTLNG007584,NOT-3,ACPONG028088,NK,35.425,NA,NA,NA,,NA,NA,NA,NA
1879,Nigeria,SW Nigeria,Osun,Egbedore,NA,NA,ACTLNG007584,NOT-3,ACPONG028090,NPK,13.68229167,NA,NA,NA,,NA,NA,NA,NA
1880,Nigeria,SW Nigeria,Osun,Egbedore,NA,NA,ACTLNG007584,NOT-3,ACPONG028091,NPK,21.703125,NA,NA,NA,,NA,NA,NA,NA
1881,Nigeria,SW Nigeria,Osun,Egbedore,NA,NA,ACTLNG007584,NOT-3,ACPONG028089,PK,24.06875,NA,NA,NA,,NA,NA,NA,NA
1882,Nigeria,SW Nigeria,Osun,Egbedore,NA,NA,ACTLNG007584,NOT-3,ACPONG028087,NP,35.00862069,NA,NA,NA,,NA,NA,NA,NA
1883,Nigeria,SW Nigeria,Osun,Egbedore,NA,NA,ACTLNG007584,NOT-3,ACPONG028086,NPK_micro,23.50833333,NA,NA,NA,,NA,NA,NA,NA
1884,Nigeria,SW Nigeria,Osun,Egbedore,4.3799,7.7776,ACTLNG007585,NOT-3,ACPONG028061,NPK,41.3125,2019,8,18,18/08/2019,08/07/2018,2018,7,8
1885,Nigeria,SW Nigeria,Osun,Egbedore,4.3799,7.7776,ACTLNG007585,NOT-3,ACPONG028051,NK,30.3125,2019,8,18,18/08/2019,08/07/2018,2018,7,8
1886,Nigeria,SW Nigeria,Osun,Egbedore,4.3799,7.7776,ACTLNG007585,NOT-3,ACPONG028058,NP,34.72916667,2019,8,18,18/08/2019,08/07/2018,2018,7,8
1887,Nigeria,SW Nigeria,Osun,Egbedore,4.3799,7.7776,ACTLNG007585,NOT-3,ACPONG028059,PK,32.54761905,2019,8,18,18/08/2019,08/07/2018,2018,7,8
1888,Nigeria,SW Nigeria,Osun,Egbedore,4.3799,7.7776,ACTLNG007585,NOT-3,ACPONG028060,NPK,31.42613636,2019,8,18,18/08/2019,08/07/2018,2018,7,8
1889,Nigeria,SW Nigeria,Osun,Egbedore,4.3799,7.7776,ACTLNG007585,NOT-3,ACPONG028057,NPK_micro,15.50595238,2019,8,18,18/08/2019,08/07/2018,2018,7,8
1890,Nigeria,SW Nigeria,Osun,Egbedore,4.3799,7.7776,ACTLNG007585,NOT-3,ACPONG028056,half_NPK,28.28409091,2019,8,18,18/08/2019,08/07/2018,2018,7,8
1891,Nigeria,SW Nigeria,Ogun,Obafemi-Owode,3.6468,7.0741,ACTLNG007600,NOT-3,ACPONG028106,CON,22.55092593,2019,7,4,04/07/2019,08/07/2018,2018,7,8
1892,Nigeria,SW Nigeria,Ogun,Obafemi-Owode,3.6468,7.0741,ACTLNG007600,NOT-3,ACPONG028114,NPK,20.0952381,2019,7,4,04/07/2019,08/07/2018,2018,7,8
1893,Nigeria,SW Nigeria,Ogun,Obafemi-Owode,3.6468,7.0741,ACTLNG007600,NOT-3,ACPONG028116,half_NPK,33.9125,2019,7,4,04/07/2019,08/07/2018,2018,7,8
1894,Nigeria,SW Nigeria,Ogun,Obafemi-Owode,3.6468,7.0741,ACTLNG007600,NOT-3,ACPONG028110,NP,17.595,2019,7,4,04/07/2019,08/07/2018,2018,7,8
1895,Nigeria,SW Nigeria,Ogun,Obafemi-Owode,3.6468,7.0741,ACTLNG007600,NOT-3,ACPONG028113,NPK,25.00568182,2019,7,4,04/07/2019,08/07/2018,2018,7,8
1896,Nigeria,SW Nigeria,Ogun,Obafemi-Owode,3.6468,7.0741,ACTLNG007600,NOT-3,ACPONG028109,NPK_micro,17.43303571,2019,7,4,04/07/2019,08/07/2018,2018,7,8
1897,Nigeria,SW Nigeria,Ogun,Obafemi-Owode,3.6468,7.0741,ACTLNG007600,NOT-3,ACPONG028115,PK,14.42307692,2019,7,4,04/07/2019,08/07/2018,2018,7,8
1898,Nigeria,SW Nigeria,Ogun,Obafemi-Owode,3.6468,7.0741,ACTLNG007601,NOT-3,ACPONG028128,half_NPK,24.49519231,2019,7,3,03/07/2019,08/07/2018,2018,7,8
1899,Nigeria,SW Nigeria,Ogun,Obafemi-Owode,3.6468,7.0741,ACTLNG007601,NOT-3,ACPONG028129,NK,23.78703704,2019,7,3,03/07/2019,08/07/2018,2018,7,8
1900,Nigeria,SW Nigeria,Ogun,Obafemi-Owode,3.6468,7.0741,ACTLNG007601,NOT-3,ACPONG028126,NPK,25.74479167,2019,7,3,03/07/2019,08/07/2018,2018,7,8
1901,Nigeria,SW Nigeria,Ogun,Obafemi-Owode,3.6468,7.0741,ACTLNG007601,NOT-3,ACPONG028125,NPK,20.27272727,2019,7,3,03/07/2019,08/07/2018,2018,7,8
1902,Nigeria,SW Nigeria,Ogun,Obafemi-Owode,3.6468,7.0741,ACTLNG007601,NOT-3,ACPONG028121,NPK_micro,18.9375,2019,7,3,03/07/2019,08/07/2018,2018,7,8
1903,Nigeria,SW Nigeria,Ogun,Obafemi-Owode,3.6468,7.0741,ACTLNG007601,NOT-3,ACPONG028122,NP,24.33035714,2019,7,3,03/07/2019,08/07/2018,2018,7,8
1904,Nigeria,SW Nigeria,Ogun,Obafemi-Owode,3.6468,7.0741,ACTLNG007601,NOT-3,ACPONG028118,CON,18.46296296,2019,7,3,03/07/2019,08/07/2018,2018,7,8
1905,Nigeria,SW Nigeria,Ogun,Obafemi-Owode,3.6468,7.0741,ACTLNG007601,NOT-3,ACPONG028127,PK,11.875,2019,7,3,03/07/2019,08/07/2018,2018,7,8
1906,Nigeria,SW Nigeria,Ogun,Obafemi-Owode,3.6468,7.0741,ACTLNG007602,NOT-3,ACPONG028141,NK,22.025,2019,7,2,02/07/2019,08/07/2018,2018,7,8
1907,Nigeria,SW Nigeria,Ogun,Obafemi-Owode,3.6468,7.0741,ACTLNG007602,NOT-3,ACPONG028140,half_NPK,22.79807692,2019,7,2,02/07/2019,08/07/2018,2018,7,8
1908,Nigeria,SW Nigeria,Ogun,Obafemi-Owode,3.6468,7.0741,ACTLNG007602,NOT-3,ACPONG028139,PK,35.64166667,2019,7,2,02/07/2019,08/07/2018,2018,7,8
1909,Nigeria,SW Nigeria,Ogun,Obafemi-Owode,3.6468,7.0741,ACTLNG007602,NOT-3,ACPONG028137,NPK,34.41477273,2019,7,2,02/07/2019,08/07/2018,2018,7,8
1910,Nigeria,SW Nigeria,Ogun,Obafemi-Owode,3.6468,7.0741,ACTLNG007602,NOT-3,ACPONG028130,CON,22.46875,2019,7,2,02/07/2019,08/07/2018,2018,7,8
1911,Nigeria,SW Nigeria,Ogun,Obafemi-Owode,3.6468,7.0741,ACTLNG007602,NOT-3,ACPONG028138,NPK,31.375,2019,7,2,02/07/2019,08/07/2018,2018,7,8
1912,Nigeria,SW Nigeria,Ogun,Obafemi-Owode,3.6468,7.0741,ACTLNG007603,NOT-3,ACPONG028100,NK,32.63793103,2019,7,1,01/07/2019,08/07/2018,2018,7,8
1913,Nigeria,SW Nigeria,Ogun,Obafemi-Owode,3.6468,7.0741,ACTLNG007603,NOT-3,ACPONG028099,half_NPK,19.15517241,2019,7,1,01/07/2019,08/07/2018,2018,7,8
1914,Nigeria,SW Nigeria,Ogun,Obafemi-Owode,3.6468,7.0741,ACTLNG007603,NOT-3,ACPONG028098,NPK_micro,28.35576923,2019,7,1,01/07/2019,08/07/2018,2018,7,8
1915,Nigeria,SW Nigeria,Ogun,Obafemi-Owode,3.6468,7.0741,ACTLNG007603,NOT-3,ACPONG028095,NPK,31.94886364,2019,7,1,01/07/2019,08/07/2018,2018,7,8
1916,Nigeria,SW Nigeria,Ogun,Obafemi-Owode,3.6468,7.0741,ACTLNG007603,NOT-3,ACPONG028102,NP,24.09375,2019,7,1,01/07/2019,08/07/2018,2018,7,8
1917,Nigeria,SW Nigeria,Ogun,Obafemi-Owode,3.6468,7.0741,ACTLNG007603,NOT-3,ACPONG028097,CON,19.28017241,2019,7,1,01/07/2019,08/07/2018,2018,7,8
1918,Nigeria,SW Nigeria,Ogun,Obafemi-Owode,3.6468,7.0741,ACTLNG007603,NOT-3,ACPONG028096,PK,20.90625,2019,7,1,01/07/2019,08/07/2018,2018,7,8
1919,Nigeria,SW Nigeria,Ogun,Obafemi-Owode,3.6468,7.0741,ACTLNG007603,NOT-3,ACPONG028101,NPK,27.58928571,2019,7,1,01/07/2019,08/07/2018,2018,7,8
1920,Nigeria,SW Nigeria,Ogun,Odogbolu,3.7639,6.8215,ACTLNG007604,NOT-3,ACPONG028173,PK,16.185,2019,7,26,26/07/2019,08/07/2018,2018,7,8
1921,Nigeria,SW Nigeria,Ogun,Odogbolu,3.7639,6.8215,ACTLNG007604,NOT-3,ACPONG028178,half_NPK,17.295,2019,7,26,26/07/2019,08/07/2018,2018,7,8
1922,Nigeria,SW Nigeria,Ogun,Odogbolu,3.7639,6.8215,ACTLNG007604,NOT-3,ACPONG028181,CON,12.015625,2019,7,26,26/07/2019,08/07/2018,2018,7,8
1923,Nigeria,SW Nigeria,Ogun,Odogbolu,3.7639,6.8215,ACTLNG007604,NOT-3,ACPONG028175,NPK,22.23809524,2019,7,26,26/07/2019,08/07/2018,2018,7,8
1924,Nigeria,SW Nigeria,Ogun,Odogbolu,3.7639,6.8215,ACTLNG007604,NOT-3,ACPONG028180,NPK_micro,27.56944444,2019,7,26,26/07/2019,08/07/2018,2018,7,8
1925,Nigeria,SW Nigeria,Ogun,Odogbolu,3.7639,6.8215,ACTLNG007604,NOT-3,ACPONG028179,NK,30.65909091,2019,7,26,26/07/2019,08/07/2018,2018,7,8
1926,Nigeria,SW Nigeria,Ogun,Odogbolu,3.7639,6.8215,ACTLNG007604,NOT-3,ACPONG028171,NP,12.890625,2019,7,26,26/07/2019,08/07/2018,2018,7,8
1927,Nigeria,SW Nigeria,Ogun,Odogbolu,3.7639,6.8215,ACTLNG007604,NOT-3,ACPONG028172,NPK,27.26339286,2019,7,26,26/07/2019,08/07/2018,2018,7,8
1928,Nigeria,SW Nigeria,Ogun,Odogbolu,3.7639,6.8215,ACTLNG007605,NOT-3,ACPONG028183,NP,20.18269231,2019,7,24,24/07/2019,08/07/2018,2018,7,8
1929,Nigeria,SW Nigeria,Ogun,Odogbolu,3.7639,6.8215,ACTLNG007605,NOT-3,ACPONG028193,CON,15.64583333,2019,7,24,24/07/2019,08/07/2018,2018,7,8
1930,Nigeria,SW Nigeria,Ogun,Odogbolu,3.7639,6.8215,ACTLNG007605,NOT-3,ACPONG028190,half_NPK,24.078125,2019,7,24,24/07/2019,08/07/2018,2018,7,8
1931,Nigeria,SW Nigeria,Ogun,Odogbolu,3.7639,6.8215,ACTLNG007605,NOT-3,ACPONG028191,NK,32.25833333,2019,7,24,24/07/2019,08/07/2018,2018,7,8
1932,Nigeria,SW Nigeria,Ogun,Odogbolu,3.7639,6.8215,ACTLNG007605,NOT-3,ACPONG028184,NPK,31.09868421,2019,7,24,24/07/2019,08/07/2018,2018,7,8
1933,Nigeria,SW Nigeria,Ogun,Odogbolu,3.7639,6.8215,ACTLNG007605,NOT-3,ACPONG028192,NPK_micro,31.41847826,2019,7,24,24/07/2019,08/07/2018,2018,7,8
1934,Nigeria,SW Nigeria,Ogun,Odogbolu,3.7639,6.8215,ACTLNG007605,NOT-3,ACPONG028185,PK,21.77380952,2019,7,24,24/07/2019,08/07/2018,2018,7,8
1935,Nigeria,SW Nigeria,Ogun,Odogbolu,3.7639,6.8215,ACTLNG007606,NOT-3,ACPONG028145,half_NPK,21.68981481,2019,7,24,24/07/2019,08/07/2018,2018,7,8
1936,Nigeria,SW Nigeria,Ogun,Odogbolu,3.7639,6.8215,ACTLNG007606,NOT-3,ACPONG028147,NPK_micro,33.81617647,2019,7,24,24/07/2019,08/07/2018,2018,7,8
1937,Nigeria,SW Nigeria,Ogun,Odogbolu,3.7639,6.8215,ACTLNG007606,NOT-3,ACPONG028197,PK,28.94117647,2019,7,24,24/07/2019,08/07/2018,2018,7,8
1938,Nigeria,SW Nigeria,Ogun,Odogbolu,3.7639,6.8215,ACTLNG007606,NOT-3,ACPONG028146,NK,27.69711538,2019,7,24,24/07/2019,08/07/2018,2018,7,8
1939,Nigeria,SW Nigeria,Ogun,Odogbolu,3.7639,6.8215,ACTLNG007606,NOT-3,ACPONG028195,NP,18.71590909,2019,7,24,24/07/2019,08/07/2018,2018,7,8
1940,Nigeria,SW Nigeria,Ogun,Odogbolu,3.7639,6.8215,ACTLNG007606,NOT-3,ACPONG028196,NPK,18.26190476,2019,7,24,24/07/2019,08/07/2018,2018,7,8
1941,Nigeria,SW Nigeria,Ogun,Odogbolu,3.7639,6.8215,ACTLNG007607,NOT-3,ACPONG028158,NK,22.44196429,2019,7,23,23/07/2019,08/07/2018,2018,7,8
1942,Nigeria,SW Nigeria,Ogun,Odogbolu,3.7639,6.8215,ACTLNG007607,NOT-3,ACPONG028150,NP,16.405,2019,7,23,23/07/2019,08/07/2018,2018,7,8
1943,Nigeria,SW Nigeria,Ogun,Odogbolu,3.7639,6.8215,ACTLNG007607,NOT-3,ACPONG028160,CON,16.36666667,2019,7,23,23/07/2019,08/07/2018,2018,7,8
1944,Nigeria,SW Nigeria,Ogun,Odogbolu,3.7639,6.8215,ACTLNG007607,NOT-3,ACPONG028157,half_NPK,32.49479167,2019,7,23,23/07/2019,08/07/2018,2018,7,8
1945,Nigeria,SW Nigeria,Ogun,Odogbolu,3.7639,6.8215,ACTLNG007607,NOT-3,ACPONG028152,PK,25.95588235,2019,7,23,23/07/2019,08/07/2018,2018,7,8
1946,Nigeria,SW Nigeria,Ogun,Odogbolu,3.7639,6.8215,ACTLNG007607,NOT-3,ACPONG028151,NPK,29.7,2019,7,23,23/07/2019,08/07/2018,2018,7,8
1947,Nigeria,SW Nigeria,Ogun,Odogbolu,3.7639,6.8215,ACTLNG007607,NOT-3,ACPONG028159,NPK_micro,33.74107143,2019,7,23,23/07/2019,08/07/2018,2018,7,8
1948,Nigeria,SW Nigeria,Ogun,Odogbolu,3.7639,6.8215,ACTLNG007607,NOT-3,ACPONG028154,NPK,22.54464286,2019,7,23,23/07/2019,08/07/2018,2018,7,8
1949,Tanzania,Tanzania Coastal Region,Mtwara,Masasi,39.0828,-10.9715,ACTLTZ000010,NOT-1,ACPOTZ002285,NPK_micro,13.44,2018,10,3,03/10/2018,28/12/2017,2017,12,28
1950,Tanzania,Tanzania Coastal Region,Mtwara,Masasi,39.0828,-10.9715,ACTLTZ000010,NOT-1,ACPOTZ002280,NPK,15.38666667,2018,10,3,03/10/2018,28/12/2017,2017,12,28
1951,Tanzania,Tanzania Coastal Region,Mtwara,Masasi,39.0828,-10.9715,ACTLTZ000010,NOT-1,ACPOTZ002283,NK,10.66666667,2018,10,3,03/10/2018,28/12/2017,2017,12,28
1952,Tanzania,Tanzania Coastal Region,Mtwara,Masasi,39.0828,-10.9715,ACTLTZ000010,NOT-1,ACPOTZ002279,CON,10.1,2018,10,3,03/10/2018,28/12/2017,2017,12,28
1953,Tanzania,Tanzania Coastal Region,Mtwara,Masasi,39.0828,-10.9715,ACTLTZ000010,NOT-1,ACPOTZ002286,half_NPK,15.30666667,2018,10,3,03/10/2018,28/12/2017,2017,12,28
1954,Tanzania,Tanzania Coastal Region,Mtwara,Masasi,39.0416,-10.9473,ACTLTZ000011,NOT-2,ACPOTZ002292,NPK,17.76666667,2018,10,8,08/10/2018,02/01/2018,2018,1,2
1955,Tanzania,Tanzania Coastal Region,Mtwara,Masasi,39.0416,-10.9473,ACTLTZ000011,NOT-2,ACPOTZ002293,NPK,21.14,2018,10,8,08/10/2018,02/01/2018,2018,1,2
1956,Tanzania,Tanzania Coastal Region,Mtwara,Masasi,39.0416,-10.9473,ACTLTZ000011,NOT-2,ACPOTZ002296,NP,14.84666667,2018,10,8,08/10/2018,02/01/2018,2018,1,2
1957,Tanzania,Tanzania Coastal Region,Mtwara,Masasi,39.0416,-10.9473,ACTLTZ000011,NOT-2,ACPOTZ002297,NPK_micro,19.20666667,2018,10,8,08/10/2018,02/01/2018,2018,1,2
1958,Tanzania,Tanzania Coastal Region,Mtwara,Masasi,39.0416,-10.9473,ACTLTZ000011,NOT-2,ACPOTZ002298,half_NPK,18.35333333,2018,10,8,08/10/2018,02/01/2018,2018,1,2
1959,Tanzania,Tanzania Coastal Region,Mtwara,Masasi,39.0416,-10.9473,ACTLTZ000011,NOT-2,ACPOTZ002294,PK,21.78,2018,10,8,08/10/2018,02/01/2018,2018,1,2
1960,Tanzania,Tanzania Coastal Region,Mtwara,Masasi,39.0416,-10.9473,ACTLTZ000011,NOT-2,ACPOTZ002295,NK,21.34666667,2018,10,8,08/10/2018,02/01/2018,2018,1,2
1961,Tanzania,Tanzania Coastal Region,Mtwara,Masasi,39.0416,-10.9473,ACTLTZ000011,NOT-2,ACPOTZ002291,CON,17.72,2018,10,8,08/10/2018,02/01/2018,2018,1,2
1962,Tanzania,Tanzania Coastal Region,Mtwara,Masasi,39.0381,-10.9337,ACTLTZ000041,NOT-2,ACPOTZ002305,NPK,17.89333333,2018,10,4,04/10/2018,27/11/2017,2017,11,27
1963,Tanzania,Tanzania Coastal Region,Mtwara,Masasi,39.0381,-10.9337,ACTLTZ000041,NOT-2,ACPOTZ002309,NPK_micro,13.38666667,2018,10,4,04/10/2018,27/11/2017,2017,11,27
1964,Tanzania,Tanzania Coastal Region,Mtwara,Masasi,39.0381,-10.9337,ACTLTZ000041,NOT-2,ACPOTZ002310,half_NPK,15.28,2018,10,4,04/10/2018,27/11/2017,2017,11,27
1965,Tanzania,Tanzania Coastal Region,Mtwara,Masasi,39.0381,-10.9337,ACTLTZ000041,NOT-2,ACPOTZ002304,NPK,10.31333333,2018,10,4,04/10/2018,27/11/2017,2017,11,27
1966,Tanzania,Tanzania Coastal Region,Mtwara,Masasi,39.0381,-10.9337,ACTLTZ000041,NOT-2,ACPOTZ002307,NK,11.67333333,2018,10,4,04/10/2018,27/11/2017,2017,11,27
1967,Tanzania,Tanzania Coastal Region,Mtwara,Masasi,39.0381,-10.9337,ACTLTZ000041,NOT-2,ACPOTZ002306,PK,5.14,2018,10,4,04/10/2018,27/11/2017,2017,11,27
1968,Tanzania,Tanzania Coastal Region,Mtwara,Masasi,39.0381,-10.9337,ACTLTZ000041,NOT-2,ACPOTZ002303,CON,9.466666667,2018,10,4,04/10/2018,27/11/2017,2017,11,27
1969,Tanzania,Tanzania Coastal Region,Mtwara,Masasi,39.0381,-10.9337,ACTLTZ000041,NOT-2,ACPOTZ002308,NP,10.9,2018,10,4,04/10/2018,27/11/2017,2017,11,27
1970,Tanzania,Tanzania Coastal Region,Mtwara,Masasi,39.0833,-10.9697,ACTLTZ000361,NOT-1,ACPOTZ002271,NPK,33.18666667,2018,10,3,03/10/2018,28/12/2017,2017,12,28
1971,Tanzania,Tanzania Coastal Region,Mtwara,Masasi,39.0833,-10.9697,ACTLTZ000361,NOT-1,ACPOTZ002270,NPK,41.84,2018,10,3,03/10/2018,28/12/2017,2017,12,28
1972,Tanzania,Tanzania Coastal Region,Mtwara,Masasi,39.0833,-10.9697,ACTLTZ000361,NOT-1,ACPOTZ002272,PK,10.51333333,2018,10,3,03/10/2018,28/12/2017,2017,12,28
1973,Tanzania,Tanzania Coastal Region,Mtwara,Masasi,39.0833,-10.9697,ACTLTZ000361,NOT-1,ACPOTZ002274,NP,13.34,2018,10,3,03/10/2018,28/12/2017,2017,12,28
1974,Tanzania,Tanzania Coastal Region,Mtwara,Masasi,39.0833,-10.9697,ACTLTZ000361,NOT-1,ACPOTZ002273,NK,23.6,2018,10,3,03/10/2018,28/12/2017,2017,12,28
1975,Tanzania,Tanzania Coastal Region,Mtwara,Masasi,39.0833,-10.9697,ACTLTZ000361,NOT-1,ACPOTZ002275,NPK_micro,24.62,2018,10,3,03/10/2018,28/12/2017,2017,12,28
1976,Tanzania,Tanzania Coastal Region,Mtwara,Masasi,39.0833,-10.9697,ACTLTZ000361,NOT-1,ACPOTZ002276,half_NPK,14.73333333,2018,10,3,03/10/2018,28/12/2017,2017,12,28
1977,Tanzania,Tanzania Coastal Region,Mtwara,Masasi,39.0833,-10.9697,ACTLTZ000361,NOT-1,ACPOTZ002269,CON,27.79333333,2018,10,3,03/10/2018,28/12/2017,2017,12,28
1978,Tanzania,Tanzania Coastal Region,Mtwara,Masasi,38.9595,-10.8579,ACTLTZ000364,NOT-2,ACPOTZ002343,CON,7.906666667,2018,10,2,02/10/2018,02/11/2017,2017,11,2
1979,Tanzania,Tanzania Coastal Region,Mtwara,Masasi,38.9595,-10.8579,ACTLTZ000364,NOT-2,ACPOTZ002345,NPK,22.88666667,2018,10,2,02/10/2018,02/11/2017,2017,11,2
1980,Tanzania,Tanzania Coastal Region,Mtwara,Masasi,38.9595,-10.8579,ACTLTZ000364,NOT-2,ACPOTZ002348,NP,22.77333333,2018,10,2,02/10/2018,02/11/2017,2017,11,2
1981,Tanzania,Tanzania Coastal Region,Mtwara,Masasi,38.9595,-10.8579,ACTLTZ000364,NOT-2,ACPOTZ002346,PK,24.38,2018,10,2,02/10/2018,02/11/2017,2017,11,2
1982,Tanzania,Tanzania Coastal Region,Mtwara,Masasi,38.9595,-10.8579,ACTLTZ000364,NOT-2,ACPOTZ002349,NPK_micro,10.36,2018,10,2,02/10/2018,02/11/2017,2017,11,2
1983,Tanzania,Tanzania Coastal Region,Mtwara,Masasi,38.9595,-10.8579,ACTLTZ000364,NOT-2,ACPOTZ002344,NPK,9.14,2018,10,2,02/10/2018,02/11/2017,2017,11,2
1984,Tanzania,Tanzania Coastal Region,Mtwara,Masasi,38.9595,-10.8579,ACTLTZ000364,NOT-2,ACPOTZ002347,NK,11.66666667,2018,10,2,02/10/2018,02/11/2017,2017,11,2
1985,Tanzania,Tanzania Coastal Region,Mtwara,Masasi,38.9595,-10.8579,ACTLTZ000364,NOT-2,ACPOTZ002350,half_NPK,4.513333333,2018,10,2,02/10/2018,02/11/2017,2017,11,2
1986,Tanzania,Tanzania Coastal Region,Mtwara,Masasi,38.9262,-10.9067,ACTLTZ000365,NOT-2,ACPOTZ002366,NP,18.74666667,2018,10,1,01/10/2018,15/01/2018,2018,1,15
1987,Tanzania,Tanzania Coastal Region,Mtwara,Masasi,38.9262,-10.9067,ACTLTZ000365,NOT-2,ACPOTZ002368,half_NPK,20.75333333,2018,10,1,01/10/2018,15/01/2018,2018,1,15
1988,Tanzania,Tanzania Coastal Region,Mtwara,Masasi,38.9262,-10.9067,ACTLTZ000365,NOT-2,ACPOTZ002362,NPK,19.59333333,2018,10,1,01/10/2018,15/01/2018,2018,1,15
1989,Tanzania,Tanzania Coastal Region,Mtwara,Masasi,38.9262,-10.9067,ACTLTZ000365,NOT-2,ACPOTZ002367,NPK_micro,15.64,2018,10,1,01/10/2018,15/01/2018,2018,1,15
1990,Tanzania,Tanzania Coastal Region,Mtwara,Masasi,38.926,-10.9066,ACTLTZ000365,NOT-2,ACPOTZ019677,CON,14.07333333,2018,10,1,01/10/2018,15/01/2018,2018,1,15
1991,Tanzania,Tanzania Coastal Region,Mtwara,Masasi,38.9262,-10.9067,ACTLTZ000365,NOT-2,ACPOTZ002364,PK,10.22666667,2018,10,1,01/10/2018,15/01/2018,2018,1,15
1992,Tanzania,Tanzania Coastal Region,Mtwara,Masasi,38.9262,-10.9067,ACTLTZ000365,NOT-2,ACPOTZ002365,NK,14.5,2018,10,1,01/10/2018,15/01/2018,2018,1,15
1993,Tanzania,Tanzania Coastal Region,Mtwara,Masasi,38.9262,-10.9067,ACTLTZ000365,NOT-2,ACPOTZ019675,NPK,20.06666667,2018,10,1,01/10/2018,15/01/2018,2018,1,15
1994,Tanzania,Tanzania Coastal Region,Mtwara,Masasi,38.9262,-10.9067,ACTLTZ000366,NOT-2,ACPOTZ002376,PK,10.41333333,2018,10,5,05/10/2018,15/01/2018,2018,1,15
1995,Tanzania,Tanzania Coastal Region,Mtwara,Masasi,38.9262,-10.9067,ACTLTZ000366,NOT-2,ACPOTZ002375,NPK,8.68,2018,10,5,05/10/2018,15/01/2018,2018,1,15
1996,Tanzania,Tanzania Coastal Region,Mtwara,Masasi,38.926,-10.9065,ACTLTZ000366,NOT-2,ACPOTZ019683,NPK,15.26,2018,10,5,05/10/2018,15/01/2018,2018,1,15
1997,Tanzania,Tanzania Coastal Region,Mtwara,Masasi,38.9262,-10.9067,ACTLTZ000366,NOT-2,ACPOTZ002373,CON,7.16,2018,10,5,05/10/2018,15/01/2018,2018,1,15
1998,Tanzania,Tanzania Coastal Region,Mtwara,Masasi,38.926,-10.9065,ACTLTZ000366,NOT-2,ACPOTZ019682,NP,16.2,2018,10,5,05/10/2018,15/01/2018,2018,1,15
1999,Tanzania,Tanzania Coastal Region,Mtwara,Masasi,38.926,-10.9065,ACTLTZ000366,NOT-2,ACPOTZ019680,half_NPK,15.43333333,2018,10,5,05/10/2018,15/01/2018,2018,1,15
2000,Tanzania,Tanzania Coastal Region,Mtwara,Masasi,38.9262,-10.9067,ACTLTZ000366,NOT-2,ACPOTZ002379,NPK_micro,9.973333333,2018,10,5,05/10/2018,15/01/2018,2018,1,15
2001,Tanzania,Tanzania Coastal Region,Mtwara,Masasi,38.9262,-10.9067,ACTLTZ000366,NOT-2,ACPOTZ002377,NK,9.76,2018,10,5,05/10/2018,15/01/2018,2018,1,15
2002,Tanzania,Tanzania Coastal Region,Mtwara,Masasi,38.9262,-10.9067,ACTLTZ000367,NOT-2,ACPOTZ002389,NK,16.5,2018,10,6,06/10/2018,15/01/2018,2018,1,15
2003,Tanzania,Tanzania Coastal Region,Mtwara,Masasi,38.9262,-10.9067,ACTLTZ000367,NOT-2,ACPOTZ002391,NPK_micro,16.81333333,2018,10,6,06/10/2018,15/01/2018,2018,1,15
2004,Tanzania,Tanzania Coastal Region,Mtwara,Masasi,38.9262,-10.9067,ACTLTZ000367,NOT-2,ACPOTZ002386,NPK,14.78,2018,10,6,06/10/2018,15/01/2018,2018,1,15
2005,Tanzania,Tanzania Coastal Region,Mtwara,Masasi,38.9262,-10.9067,ACTLTZ000367,NOT-2,ACPOTZ002390,NP,14.88666667,2018,10,6,06/10/2018,15/01/2018,2018,1,15
2006,Tanzania,Tanzania Coastal Region,Mtwara,Masasi,38.9262,-10.9067,ACTLTZ000367,NOT-2,ACPOTZ002385,CON,11.36666667,2018,10,6,06/10/2018,15/01/2018,2018,1,15
2007,Tanzania,Tanzania Coastal Region,Mtwara,Masasi,38.9262,-10.9067,ACTLTZ000367,NOT-2,ACPOTZ002387,NPK,13.46666667,2018,10,6,06/10/2018,15/01/2018,2018,1,15
2008,Tanzania,Tanzania Coastal Region,Mtwara,Masasi,38.9262,-10.9067,ACTLTZ000367,NOT-2,ACPOTZ002388,PK,6.606666667,2018,10,6,06/10/2018,15/01/2018,2018,1,15
2009,Tanzania,Tanzania Coastal Region,Mtwara,Masasi,38.9262,-10.9067,ACTLTZ000367,NOT-2,ACPOTZ002392,half_NPK,20.63333333,2018,10,6,06/10/2018,15/01/2018,2018,1,15
2010,Tanzania,Tanzania Coastal Region,Mtwara,Masasi,38.9262,-10.9067,ACTLTZ000368,NOT-2,ACPOTZ002401,NK,7.26,2018,10,7,07/10/2018,15/01/2018,2018,1,15
2011,Tanzania,Tanzania Coastal Region,Mtwara,Masasi,38.9262,-10.9067,ACTLTZ000368,NOT-2,ACPOTZ002402,NP,15.4,2018,10,7,07/10/2018,15/01/2018,2018,1,15
2012,Tanzania,Tanzania Coastal Region,Mtwara,Masasi,38.9262,-10.9067,ACTLTZ000368,NOT-2,ACPOTZ002404,half_NPK,8.133333333,2018,10,7,07/10/2018,15/01/2018,2018,1,15
2013,Tanzania,Tanzania Coastal Region,Mtwara,Masasi,38.9262,-10.9067,ACTLTZ000368,NOT-2,ACPOTZ002403,NPK_micro,15.86,2018,10,7,07/10/2018,15/01/2018,2018,1,15
2014,Tanzania,Tanzania Coastal Region,Mtwara,Masasi,38.9262,-10.9067,ACTLTZ000368,NOT-2,ACPOTZ002398,NPK,13.76,2018,10,7,07/10/2018,15/01/2018,2018,1,15
2015,Tanzania,Tanzania Coastal Region,Mtwara,Masasi,38.9262,-10.9067,ACTLTZ000368,NOT-2,ACPOTZ002399,NPK,18.42,2018,10,7,07/10/2018,15/01/2018,2018,1,15
2016,Tanzania,Tanzania Coastal Region,Mtwara,Masasi,38.9262,-10.9067,ACTLTZ000368,NOT-2,ACPOTZ002397,CON,5.366666667,2018,10,7,07/10/2018,15/01/2018,2018,1,15
2017,Tanzania,Tanzania Coastal Region,Mtwara,Masasi,38.9262,-10.9067,ACTLTZ000368,NOT-2,ACPOTZ002400,PK,12.92666667,2018,10,7,07/10/2018,15/01/2018,2018,1,15
2018,Tanzania,Tanzania Coastal Region,Mtwara,Nanyumbu,38.3066,-10.8558,ACTLTZ000373,NOT-1,ACPOTZ002428,NPK,0.446666667,2018,11,3,03/11/2018,19/01/2018,2018,1,19
2019,Tanzania,Tanzania Coastal Region,Mtwara,Nanyumbu,38.3066,-10.8558,ACTLTZ000373,NOT-1,ACPOTZ002433,NPK_micro,4.913333333,2018,11,3,03/11/2018,19/01/2018,2018,1,19
2020,Tanzania,Tanzania Coastal Region,Mtwara,Nanyumbu,38.3066,-10.8558,ACTLTZ000373,NOT-1,ACPOTZ002432,NP,1.733333333,2018,11,3,03/11/2018,19/01/2018,2018,1,19
2021,Tanzania,Tanzania Coastal Region,Mtwara,Nanyumbu,38.3066,-10.8558,ACTLTZ000373,NOT-1,ACPOTZ002427,CON,1.173333333,2018,11,3,03/11/2018,19/01/2018,2018,1,19
2022,Tanzania,Tanzania Coastal Region,Mtwara,Nanyumbu,38.3066,-10.8558,ACTLTZ000373,NOT-1,ACPOTZ002434,half_NPK,10.4,2018,11,3,03/11/2018,19/01/2018,2018,1,19
2023,Tanzania,Tanzania Coastal Region,Mtwara,Nanyumbu,38.3066,-10.8558,ACTLTZ000373,NOT-1,ACPOTZ002429,NPK,14.3,2018,11,3,03/11/2018,19/01/2018,2018,1,19
2024,Tanzania,Tanzania Coastal Region,Mtwara,Nanyumbu,38.3063,-10.8718,ACTLTZ000374,NOT-2,ACPOTZ002447,NPK_micro,18.88666667,2018,11,2,02/11/2018,19/01/2018,2018,1,19
2025,Tanzania,Tanzania Coastal Region,Mtwara,Nanyumbu,38.3063,-10.8718,ACTLTZ000374,NOT-2,ACPOTZ002443,NPK,32.38333333,2018,11,2,02/11/2018,19/01/2018,2018,1,19
2026,Tanzania,Tanzania Coastal Region,Mtwara,Nanyumbu,38.3063,-10.8718,ACTLTZ000374,NOT-2,ACPOTZ002445,NK,20.24666667,2018,11,2,02/11/2018,19/01/2018,2018,1,19
2027,Tanzania,Tanzania Coastal Region,Mtwara,Nanyumbu,38.3063,-10.8718,ACTLTZ000374,NOT-2,ACPOTZ002446,NP,18.08,2018,11,2,02/11/2018,19/01/2018,2018,1,19
2028,Tanzania,Tanzania Coastal Region,Mtwara,Nanyumbu,38.3063,-10.8718,ACTLTZ000374,NOT-2,ACPOTZ002442,NPK,19.86,2018,11,2,02/11/2018,19/01/2018,2018,1,19
2029,Tanzania,Tanzania Coastal Region,Mtwara,Nanyumbu,38.3063,-10.8718,ACTLTZ000374,NOT-2,ACPOTZ002444,PK,2.28,2018,11,2,02/11/2018,19/01/2018,2018,1,19
2030,Tanzania,Tanzania Coastal Region,Mtwara,Nanyumbu,38.3063,-10.8719,ACTLTZ000374,NOT-2,ACPOTZ006872,half_NPK,6.853333333,2018,11,2,02/11/2018,19/01/2018,2018,1,19
2031,Tanzania,Tanzania Coastal Region,Mtwara,Nanyumbu,38.3063,-10.8719,ACTLTZ000374,NOT-2,ACPOTZ006878,CON,13.20666667,2018,11,2,02/11/2018,19/01/2018,2018,1,19
2032,Tanzania,Tanzania Coastal Region,Mtwara,Nanyumbu,38.3228,-10.8555,ACTLTZ000376,NOT-2,ACPOTZ002463,NK,23.6,2018,11,4,04/11/2018,19/01/2018,2018,1,19
2033,Tanzania,Tanzania Coastal Region,Mtwara,Nanyumbu,38.3228,-10.8555,ACTLTZ000376,NOT-2,ACPOTZ002459,CON,19.68666667,2018,11,4,04/11/2018,19/01/2018,2018,1,19
2034,Tanzania,Tanzania Coastal Region,Mtwara,Nanyumbu,38.3228,-10.8555,ACTLTZ000376,NOT-2,ACPOTZ002464,NP,16.1,2018,11,4,04/11/2018,19/01/2018,2018,1,19
2035,Tanzania,Tanzania Coastal Region,Mtwara,Nanyumbu,38.3228,-10.8555,ACTLTZ000376,NOT-2,ACPOTZ002465,NPK_micro,28.58,2018,11,4,04/11/2018,19/01/2018,2018,1,19
2036,Tanzania,Tanzania Coastal Region,Mtwara,Nanyumbu,38.3228,-10.8555,ACTLTZ000376,NOT-2,ACPOTZ002461,NPK,20.64666667,2018,11,4,04/11/2018,19/01/2018,2018,1,19
2037,Tanzania,Tanzania Coastal Region,Mtwara,Nanyumbu,38.3055,-10.8429,ACTLTZ000377,NOT-2,ACPOTZ002475,NK,6.886666667,2018,11,3,03/11/2018,19/01/2018,2018,1,19
2038,Tanzania,Tanzania Coastal Region,Mtwara,Nanyumbu,38.3055,-10.8429,ACTLTZ000377,NOT-2,ACPOTZ002474,PK,14.17333333,2018,11,3,03/11/2018,19/01/2018,2018,1,19
2039,Tanzania,Tanzania Coastal Region,Mtwara,Nanyumbu,38.3055,-10.8429,ACTLTZ000377,NOT-2,ACPOTZ002473,NPK,8.32,2018,11,3,03/11/2018,19/01/2018,2018,1,19
2040,Tanzania,Tanzania Coastal Region,Mtwara,Nanyumbu,38.3055,-10.8429,ACTLTZ000377,NOT-2,ACPOTZ002477,NPK_micro,6.7,2018,11,3,03/11/2018,19/01/2018,2018,1,19
2041,Tanzania,Tanzania Coastal Region,Mtwara,Nanyumbu,38.3055,-10.8429,ACTLTZ000377,NOT-2,ACPOTZ002471,CON,6.16,2018,11,3,03/11/2018,19/01/2018,2018,1,19
2042,Tanzania,Tanzania Coastal Region,Mtwara,Nanyumbu,38.3055,-10.8429,ACTLTZ000377,NOT-2,ACPOTZ002476,NP,8.86,2018,11,3,03/11/2018,19/01/2018,2018,1,19
2043,Tanzania,Tanzania Coastal Region,Mtwara,Masasi,38.8982,-10.6099,ACTLTZ000382,NOT-1,ACPOTZ002534,PK,19.14,2018,10,14,14/10/2018,04/01/2018,2018,1,4
2044,Tanzania,Tanzania Coastal Region,Mtwara,Masasi,38.8982,-10.6099,ACTLTZ000382,NOT-1,ACPOTZ002533,NPK,13.82666667,2018,10,14,14/10/2018,04/01/2018,2018,1,4
2045,Tanzania,Tanzania Coastal Region,Mtwara,Masasi,38.8982,-10.6099,ACTLTZ000382,NOT-1,ACPOTZ002531,CON,21.38666667,2018,10,14,14/10/2018,04/01/2018,2018,1,4
2046,Tanzania,Tanzania Coastal Region,Mtwara,Masasi,38.8982,-10.6099,ACTLTZ000382,NOT-1,ACPOTZ002535,NK,11.28,2018,10,14,14/10/2018,04/01/2018,2018,1,4
2047,Tanzania,Tanzania Coastal Region,Mtwara,Masasi,38.8982,-10.6099,ACTLTZ000382,NOT-1,ACPOTZ002538,half_NPK,16.00666667,2018,10,14,14/10/2018,04/01/2018,2018,1,4
2048,Tanzania,Tanzania Coastal Region,Mtwara,Masasi,38.8982,-10.6099,ACTLTZ000382,NOT-1,ACPOTZ002537,NPK_micro,21.19333333,2018,10,14,14/10/2018,04/01/2018,2018,1,4
2049,Tanzania,Tanzania Coastal Region,Mtwara,Masasi,38.8996,-10.6029,ACTLTZ000383,NOT-1,ACPOTZ002545,NPK_micro,17.78,2018,10,11,11/10/2018,03/01/2018,2018,1,3
2050,Tanzania,Tanzania Coastal Region,Mtwara,Masasi,38.8996,-10.6029,ACTLTZ000383,NOT-1,ACPOTZ002543,NK,19.36666667,2018,10,11,11/10/2018,03/01/2018,2018,1,3
2051,Tanzania,Tanzania Coastal Region,Mtwara,Masasi,38.8996,-10.6029,ACTLTZ000383,NOT-1,ACPOTZ006923,PK,7.566666667,2018,10,11,11/10/2018,03/01/2018,2018,1,3
2052,Tanzania,Tanzania Coastal Region,Mtwara,Masasi,38.8996,-10.6029,ACTLTZ000383,NOT-1,ACPOTZ006922,NP,9.08,2018,10,11,11/10/2018,03/01/2018,2018,1,3
2053,Tanzania,Tanzania Coastal Region,Mtwara,Masasi,38.8996,-10.6029,ACTLTZ000383,NOT-1,ACPOTZ006925,NPK,12.47333333,2018,10,11,11/10/2018,03/01/2018,2018,1,3
2054,Tanzania,Tanzania Coastal Region,Mtwara,Masasi,38.8996,-10.6029,ACTLTZ000383,NOT-1,ACPOTZ006921,half_NPK,10.04,2018,10,11,11/10/2018,03/01/2018,2018,1,3
2055,Tanzania,Tanzania Coastal Region,Mtwara,Masasi,38.8996,-10.6029,ACTLTZ000383,NOT-1,ACPOTZ002539,CON,9.206666667,2018,10,11,11/10/2018,03/01/2018,2018,1,3
2056,Tanzania,Tanzania Coastal Region,Mtwara,Masasi,38.8996,-10.6029,ACTLTZ000383,NOT-1,ACPOTZ006924,NPK,13.98,2018,10,11,11/10/2018,03/01/2018,2018,1,3
2057,Tanzania,Tanzania Coastal Region,Mtwara,Masasi,38.9001,-10.584,ACTLTZ000384,NOT-2,ACPOTZ002547,CON,17.92,2018,10,12,12/10/2018,03/01/2018,2018,1,3
2058,Tanzania,Tanzania Coastal Region,Mtwara,Masasi,38.9001,-10.584,ACTLTZ000384,NOT-2,ACPOTZ002552,NP,27.7,2018,10,12,12/10/2018,03/01/2018,2018,1,3
2059,Tanzania,Tanzania Coastal Region,Mtwara,Masasi,38.9001,-10.584,ACTLTZ000384,NOT-2,ACPOTZ002549,NPK,21.31333333,2018,10,12,12/10/2018,03/01/2018,2018,1,3
2060,Tanzania,Tanzania Coastal Region,Mtwara,Masasi,38.9001,-10.584,ACTLTZ000384,NOT-2,ACPOTZ002553,NPK_micro,29.44,2018,10,12,12/10/2018,03/01/2018,2018,1,3
2061,Tanzania,Tanzania Coastal Region,Mtwara,Masasi,38.9001,-10.584,ACTLTZ000384,NOT-2,ACPOTZ002548,NPK,21.39333333,2018,10,12,12/10/2018,03/01/2018,2018,1,3
2062,Tanzania,Tanzania Coastal Region,Mtwara,Masasi,38.9001,-10.584,ACTLTZ000384,NOT-2,ACPOTZ002551,NK,20.3,2018,10,12,12/10/2018,03/01/2018,2018,1,3
2063,Tanzania,Tanzania Coastal Region,Mtwara,Masasi,38.9001,-10.584,ACTLTZ000384,NOT-2,ACPOTZ002554,half_NPK,25.91333333,2018,10,12,12/10/2018,03/01/2018,2018,1,3
2064,Tanzania,Tanzania Coastal Region,Mtwara,Masasi,38.9001,-10.584,ACTLTZ000384,NOT-2,ACPOTZ002550,PK,23.66666667,2018,10,12,12/10/2018,03/01/2018,2018,1,3
2065,Tanzania,Tanzania Coastal Region,Lindi,Nachingwea,38.8503,-10.5331,ACTLTZ000387,NOT-1,ACPOTZ002589,NPK_micro,13.52,2018,11,8,08/11/2018,20/01/2018,2018,1,20
2066,Tanzania,Tanzania Coastal Region,Lindi,Nachingwea,38.8503,-10.5331,ACTLTZ000387,NOT-1,ACPOTZ002584,NPK,12.04666667,2018,11,8,08/11/2018,20/01/2018,2018,1,20
2067,Tanzania,Tanzania Coastal Region,Lindi,Nachingwea,38.8503,-10.5331,ACTLTZ000387,NOT-1,ACPOTZ002587,NK,0,2018,11,8,08/11/2018,20/01/2018,2018,1,20
2068,Tanzania,Tanzania Coastal Region,Lindi,Nachingwea,38.8503,-10.5331,ACTLTZ000387,NOT-1,ACPOTZ002586,PK,8.733333333,2018,11,8,08/11/2018,20/01/2018,2018,1,20
2069,Tanzania,Tanzania Coastal Region,Lindi,Nachingwea,38.8503,-10.5331,ACTLTZ000387,NOT-1,ACPOTZ002590,half_NPK,14.84666667,2018,11,8,08/11/2018,20/01/2018,2018,1,20
2070,Tanzania,Tanzania Coastal Region,Lindi,Nachingwea,38.8503,-10.5331,ACTLTZ000387,NOT-1,ACPOTZ002583,CON,6.36,2018,11,8,08/11/2018,20/01/2018,2018,1,20
2071,Tanzania,Tanzania Coastal Region,Lindi,Nachingwea,38.8281,-10.4746,ACTLTZ000388,NOT-1,ACPOTZ002595,NK,12.85333333,2018,11,9,09/11/2018,08/01/2018,2018,1,8
2072,Tanzania,Tanzania Coastal Region,Lindi,Nachingwea,38.8281,-10.4746,ACTLTZ000388,NOT-1,ACPOTZ002594,PK,22.70666667,2018,11,9,09/11/2018,08/01/2018,2018,1,8
2073,Tanzania,Tanzania Coastal Region,Lindi,Nachingwea,38.8281,-10.4746,ACTLTZ000388,NOT-1,ACPOTZ002593,NPK,26.57333333,2018,11,9,09/11/2018,08/01/2018,2018,1,8
2074,Tanzania,Tanzania Coastal Region,Lindi,Nachingwea,38.8281,-10.4746,ACTLTZ000388,NOT-1,ACPOTZ002598,half_NPK,27.89333333,2018,11,9,09/11/2018,08/01/2018,2018,1,8
2075,Tanzania,Tanzania Coastal Region,Lindi,Nachingwea,38.8281,-10.4746,ACTLTZ000388,NOT-1,ACPOTZ002591,CON,15.37333333,2018,11,9,09/11/2018,08/01/2018,2018,1,8
2076,Tanzania,Tanzania Coastal Region,Lindi,Nachingwea,38.8281,-10.4746,ACTLTZ000388,NOT-1,ACPOTZ002592,NPK,12.69333333,2018,11,9,09/11/2018,08/01/2018,2018,1,8
2077,Tanzania,Tanzania Coastal Region,Lindi,Nachingwea,38.8281,-10.4746,ACTLTZ000388,NOT-1,ACPOTZ002597,NPK_micro,9.94,2018,11,9,09/11/2018,08/01/2018,2018,1,8
2078,Tanzania,Tanzania Coastal Region,Lindi,Nachingwea,38.848,-10.4871,ACTLTZ000389,NOT-2,ACPOTZ002604,NP,33.63,2017,12,15,15/12/2017,15/01/2017,2017,1,15
2079,Tanzania,Tanzania Coastal Region,Lindi,Nachingwea,38.848,-10.4871,ACTLTZ000389,NOT-2,ACPOTZ002599,CON,19.53,2017,12,15,15/12/2017,15/01/2017,2017,1,15
2080,Tanzania,Tanzania Coastal Region,Lindi,Nachingwea,38.848,-10.4871,ACTLTZ000389,NOT-2,ACPOTZ002602,PK,44.95,2017,12,15,15/12/2017,15/01/2017,2017,1,15
2081,Tanzania,Tanzania Coastal Region,Lindi,Nachingwea,38.848,-10.4871,ACTLTZ000389,NOT-2,ACPOTZ002603,NK,6.44,2017,12,15,15/12/2017,15/01/2017,2017,1,15
2082,Tanzania,Tanzania Coastal Region,Lindi,Nachingwea,38.848,-10.4871,ACTLTZ000389,NOT-2,ACPOTZ002606,half_NPK,38.13,2017,12,15,15/12/2017,15/01/2017,2017,1,15
2083,Tanzania,Tanzania Coastal Region,Lindi,Nachingwea,38.848,-10.4871,ACTLTZ000389,NOT-2,ACPOTZ002605,NPK_micro,35.67,2017,12,15,15/12/2017,15/01/2017,2017,1,15
2084,Tanzania,Tanzania Coastal Region,Lindi,Nachingwea,38.848,-10.4871,ACTLTZ000389,NOT-2,ACPOTZ002601,NPK,30.01,2017,12,15,15/12/2017,15/01/2017,2017,1,15
2085,Tanzania,Tanzania Coastal Region,Lindi,Nachingwea,38.848,-10.4871,ACTLTZ000389,NOT-2,ACPOTZ002600,NPK,10.11,2017,12,15,15/12/2017,15/01/2017,2017,1,15
2086,Tanzania,Tanzania Coastal Region,Lindi,Nachingwea,38.7956,-10.5469,ACTLTZ000390,NOT-2,ACPOTZ002612,NPK,8.953333333,2018,11,5,05/11/2018,10/01/2018,2018,1,10
2087,Tanzania,Tanzania Coastal Region,Lindi,Nachingwea,38.7956,-10.5469,ACTLTZ000390,NOT-2,ACPOTZ002616,NP,5.053333333,2018,11,5,05/11/2018,10/01/2018,2018,1,10
2088,Tanzania,Tanzania Coastal Region,Lindi,Nachingwea,38.7956,-10.5469,ACTLTZ000390,NOT-2,ACPOTZ002615,NK,2.873333333,2018,11,5,05/11/2018,10/01/2018,2018,1,10
2089,Tanzania,Tanzania Coastal Region,Lindi,Nachingwea,38.7956,-10.5469,ACTLTZ000390,NOT-2,ACPOTZ002614,PK,10.81333333,2018,11,5,05/11/2018,10/01/2018,2018,1,10
2090,Tanzania,Tanzania Coastal Region,Lindi,Nachingwea,38.7956,-10.5469,ACTLTZ000390,NOT-2,ACPOTZ002611,CON,6.14,2018,11,5,05/11/2018,10/01/2018,2018,1,10
2091,Tanzania,Tanzania Coastal Region,Lindi,Nachingwea,38.7956,-10.5469,ACTLTZ000390,NOT-2,ACPOTZ002613,NPK,7.606666667,2018,11,5,05/11/2018,10/01/2018,2018,1,10
2092,Tanzania,Tanzania Coastal Region,Lindi,Nachingwea,38.7956,-10.5469,ACTLTZ000390,NOT-2,ACPOTZ002617,NPK_micro,13.06666667,2018,11,5,05/11/2018,10/01/2018,2018,1,10
2093,Tanzania,Tanzania Coastal Region,Lindi,Nachingwea,38.7956,-10.5469,ACTLTZ000390,NOT-2,ACPOTZ002618,half_NPK,8.9,2018,11,5,05/11/2018,10/01/2018,2018,1,10
2094,Tanzania,Tanzania Coastal Region,Lindi,Nachingwea,38.7956,-10.5469,ACTLTZ000391,NOT-2,ACPOTZ002626,PK,3.24,2018,11,6,06/11/2018,10/01/2018,2018,1,10
2095,Tanzania,Tanzania Coastal Region,Lindi,Nachingwea,38.7956,-10.5469,ACTLTZ000391,NOT-2,ACPOTZ002630,half_NPK,3.686666667,2018,11,6,06/11/2018,10/01/2018,2018,1,10
2096,Tanzania,Tanzania Coastal Region,Lindi,Nachingwea,38.7956,-10.5469,ACTLTZ000391,NOT-2,ACPOTZ002625,NPK,1.693333333,2018,11,6,06/11/2018,10/01/2018,2018,1,10
2097,Tanzania,Tanzania Coastal Region,Lindi,Nachingwea,38.7956,-10.5469,ACTLTZ000391,NOT-2,ACPOTZ002623,CON,0.943333333,2018,11,6,06/11/2018,10/01/2018,2018,1,10
2098,Tanzania,Tanzania Coastal Region,Lindi,Nachingwea,38.7956,-10.5469,ACTLTZ000391,NOT-2,ACPOTZ002628,NP,4.72,2018,11,6,06/11/2018,10/01/2018,2018,1,10
2099,Tanzania,Tanzania Coastal Region,Lindi,Nachingwea,38.7956,-10.5469,ACTLTZ000392,NOT-2,ACPOTZ002636,NPK,7.046666667,2018,11,5,05/11/2018,10/01/2018,2018,1,10
2100,Tanzania,Tanzania Coastal Region,Lindi,Nachingwea,38.7956,-10.5469,ACTLTZ000392,NOT-2,ACPOTZ002637,NPK,11.62666667,2018,11,5,05/11/2018,10/01/2018,2018,1,10
2101,Tanzania,Tanzania Coastal Region,Lindi,Nachingwea,38.7956,-10.5469,ACTLTZ000393,NOT-2,ACPOTZ002654,half_NPK,5.833333333,2018,11,6,06/11/2018,10/01/2018,2018,1,10
2102,Tanzania,Tanzania Coastal Region,Lindi,Nachingwea,38.7956,-10.5469,ACTLTZ000393,NOT-2,ACPOTZ002649,NPK,7.64,2018,11,6,06/11/2018,10/01/2018,2018,1,10
2103,Tanzania,Tanzania Coastal Region,Lindi,Nachingwea,38.7956,-10.5469,ACTLTZ000393,NOT-2,ACPOTZ002650,PK,7.066666667,2018,11,6,06/11/2018,10/01/2018,2018,1,10
2104,Tanzania,Tanzania Coastal Region,Lindi,Nachingwea,38.7956,-10.5469,ACTLTZ000393,NOT-2,ACPOTZ002651,NK,4.286666667,2018,11,6,06/11/2018,10/01/2018,2018,1,10
2105,Tanzania,Tanzania Coastal Region,Lindi,Nachingwea,38.7956,-10.5469,ACTLTZ000393,NOT-2,ACPOTZ002653,NPK_micro,6.903333333,2018,11,6,06/11/2018,10/01/2018,2018,1,10
2106,Tanzania,Tanzania Coastal Region,Lindi,Nachingwea,38.7956,-10.5469,ACTLTZ000393,NOT-2,ACPOTZ002647,CON,9.056666667,2018,11,6,06/11/2018,10/01/2018,2018,1,10
2107,Tanzania,Tanzania Coastal Region,Lindi,Nachingwea,38.7956,-10.5469,ACTLTZ000393,NOT-2,ACPOTZ002652,NP,11.31333333,2018,11,6,06/11/2018,10/01/2018,2018,1,10
2108,Tanzania,Tanzania Coastal Region,Lindi,Nachingwea,38.9112,-10.4014,ACTLTZ000394,NOT-1,ACPOTZ002663,NK,32.75,2017,12,2,02/12/2017,15/01/2017,2017,1,15
2109,Tanzania,Tanzania Coastal Region,Lindi,Nachingwea,38.9112,-10.4014,ACTLTZ000394,NOT-1,ACPOTZ002659,CON,28.37,2017,12,2,02/12/2017,15/01/2017,2017,1,15
2110,Tanzania,Tanzania Coastal Region,Lindi,Nachingwea,38.9112,-10.4014,ACTLTZ000394,NOT-1,ACPOTZ002665,NPK_micro,38.93,2017,12,2,02/12/2017,15/01/2017,2017,1,15
2111,Tanzania,Tanzania Coastal Region,Lindi,Nachingwea,38.9112,-10.4014,ACTLTZ000394,NOT-1,ACPOTZ002660,NPK,40,2017,12,2,02/12/2017,15/01/2017,2017,1,15
2112,Tanzania,Tanzania Coastal Region,Lindi,Nachingwea,38.9112,-10.4014,ACTLTZ000394,NOT-1,ACPOTZ002662,PK,31.25,2017,12,2,02/12/2017,15/01/2017,2017,1,15
2113,Tanzania,Tanzania Coastal Region,Lindi,Nachingwea,38.9112,-10.4014,ACTLTZ000394,NOT-1,ACPOTZ002661,NPK,46,2017,12,2,02/12/2017,15/01/2017,2017,1,15
2114,Tanzania,Tanzania Coastal Region,Lindi,Nachingwea,38.9112,-10.4014,ACTLTZ000394,NOT-1,ACPOTZ002666,half_NPK,38.22,2017,12,2,02/12/2017,15/01/2017,2017,1,15
2115,Tanzania,Tanzania Coastal Region,Lindi,Nachingwea,38.9038,-10.4098,ACTLTZ000395,NOT-2,ACPOTZ002667,CON,31.5,2017,12,3,03/12/2017,15/01/2017,2017,1,15
2116,Tanzania,Tanzania Coastal Region,Lindi,Nachingwea,38.9038,-10.4098,ACTLTZ000395,NOT-2,ACPOTZ002668,NPK,50.08,2017,12,3,03/12/2017,15/01/2017,2017,1,15
2117,Tanzania,Tanzania Coastal Region,Lindi,Nachingwea,38.9038,-10.4098,ACTLTZ000395,NOT-2,ACPOTZ002671,NK,41.3,2017,12,3,03/12/2017,15/01/2017,2017,1,15
2118,Tanzania,Tanzania Coastal Region,Lindi,Nachingwea,38.9038,-10.4098,ACTLTZ000395,NOT-2,ACPOTZ002670,PK,16.95,2017,12,3,03/12/2017,15/01/2017,2017,1,15
2119,Tanzania,Tanzania Coastal Region,Lindi,Nachingwea,38.9038,-10.4098,ACTLTZ000395,NOT-2,ACPOTZ002669,NPK,39.49,2017,12,3,03/12/2017,15/01/2017,2017,1,15
2120,Tanzania,Tanzania Coastal Region,Lindi,Nachingwea,38.9038,-10.4098,ACTLTZ000395,NOT-2,ACPOTZ002674,half_NPK,26.72,2017,12,3,03/12/2017,15/01/2017,2017,1,15
2121,Tanzania,Tanzania Coastal Region,Lindi,Nachingwea,38.9038,-10.4098,ACTLTZ000395,NOT-2,ACPOTZ002673,NPK_micro,42.8,2017,12,3,03/12/2017,15/01/2017,2017,1,15
2122,Tanzania,Tanzania Coastal Region,Lindi,Nachingwea,38.9038,-10.4098,ACTLTZ000395,NOT-2,ACPOTZ002672,NP,36.86,2017,12,3,03/12/2017,15/01/2017,2017,1,15
2123,Tanzania,Tanzania Coastal Region,Lindi,Nachingwea,38.8291,-10.3712,ACTLTZ000397,NOT-1,ACPOTZ002697,NPK_micro,33.12,2017,12,2,02/12/2017,15/01/2017,2017,1,15
2124,Tanzania,Tanzania Coastal Region,Lindi,Nachingwea,38.8291,-10.3712,ACTLTZ000397,NOT-1,ACPOTZ002698,half_NPK,26.86,2017,12,2,02/12/2017,15/01/2017,2017,1,15
2125,Tanzania,Tanzania Coastal Region,Lindi,Nachingwea,38.8291,-10.3712,ACTLTZ000397,NOT-1,ACPOTZ002696,NP,26.99,2017,12,2,02/12/2017,15/01/2017,2017,1,15
2126,Tanzania,Tanzania Coastal Region,Lindi,Nachingwea,38.8291,-10.3712,ACTLTZ000397,NOT-1,ACPOTZ002694,PK,32.76,2017,12,2,02/12/2017,15/01/2017,2017,1,15
2127,Tanzania,Tanzania Coastal Region,Lindi,Nachingwea,38.8291,-10.3712,ACTLTZ000397,NOT-1,ACPOTZ002691,CON,43.2,2017,12,2,02/12/2017,15/01/2017,2017,1,15
2128,Tanzania,Tanzania Coastal Region,Lindi,Nachingwea,38.8291,-10.3712,ACTLTZ000397,NOT-1,ACPOTZ002695,NK,26.25,2017,12,2,02/12/2017,15/01/2017,2017,1,15
2129,Tanzania,Tanzania Coastal Region,Lindi,Nachingwea,38.8291,-10.3712,ACTLTZ000397,NOT-1,ACPOTZ002692,NPK,39.26,2017,12,2,02/12/2017,15/01/2017,2017,1,15
2130,Tanzania,Tanzania Coastal Region,Lindi,Nachingwea,38.8291,-10.3712,ACTLTZ000397,NOT-1,ACPOTZ002693,NPK,45.43,2017,12,2,02/12/2017,15/01/2017,2017,1,15
2131,Tanzania,Tanzania Coastal Region,Lindi,Nachingwea,38.8205,-10.3393,ACTLTZ000398,NOT-1,ACPOTZ002704,NP,43.27,2017,12,4,04/12/2017,15/01/2017,2017,1,15
2132,Tanzania,Tanzania Coastal Region,Lindi,Nachingwea,38.8205,-10.3393,ACTLTZ000398,NOT-1,ACPOTZ002702,PK,19.32,2017,12,4,04/12/2017,15/01/2017,2017,1,15
2133,Tanzania,Tanzania Coastal Region,Lindi,Nachingwea,38.8205,-10.3393,ACTLTZ000398,NOT-1,ACPOTZ002703,NK,56.25,2017,12,4,04/12/2017,15/01/2017,2017,1,15
2134,Tanzania,Tanzania Coastal Region,Lindi,Nachingwea,38.8205,-10.3393,ACTLTZ000398,NOT-1,ACPOTZ002699,CON,20.31,2017,12,4,04/12/2017,15/01/2017,2017,1,15
2135,Tanzania,Tanzania Coastal Region,Lindi,Nachingwea,38.8205,-10.3393,ACTLTZ000398,NOT-1,ACPOTZ002700,NPK,21.29,2017,12,4,04/12/2017,15/01/2017,2017,1,15
2136,Tanzania,Tanzania Coastal Region,Lindi,Nachingwea,38.8205,-10.3393,ACTLTZ000398,NOT-1,ACPOTZ002701,NPK,35.28,2017,12,4,04/12/2017,15/01/2017,2017,1,15
2137,Tanzania,Tanzania Coastal Region,Lindi,Nachingwea,38.8205,-10.3393,ACTLTZ000398,NOT-1,ACPOTZ002706,half_NPK,26.67,2017,12,4,04/12/2017,15/01/2017,2017,1,15
2138,Tanzania,Tanzania Coastal Region,Lindi,Nachingwea,38.8205,-10.3393,ACTLTZ000398,NOT-1,ACPOTZ002705,NPK_micro,17.77,2017,12,4,04/12/2017,15/01/2017,2017,1,15
2139,Tanzania,Tanzania Coastal Region,Lindi,Nachingwea,38.8452,-10.4334,ACTLTZ000403,NOT-2,ACPOTZ002756,NP,3.926666667,2018,11,20,20/11/2018,15/01/2018,2018,1,15
2140,Tanzania,Tanzania Coastal Region,Lindi,Nachingwea,38.8452,-10.4334,ACTLTZ000403,NOT-2,ACPOTZ002758,half_NPK,4.026666667,2018,11,20,20/11/2018,15/01/2018,2018,1,15
2141,Tanzania,Tanzania Coastal Region,Lindi,Nachingwea,38.8452,-10.4334,ACTLTZ000403,NOT-2,ACPOTZ002753,NPK,2.846666667,2018,11,20,20/11/2018,15/01/2018,2018,1,15
2142,Tanzania,Tanzania Coastal Region,Lindi,Nachingwea,38.8452,-10.4334,ACTLTZ000403,NOT-2,ACPOTZ002751,CON,4.106666667,2018,11,20,20/11/2018,15/01/2018,2018,1,15
2143,Tanzania,Tanzania Coastal Region,Lindi,Nachingwea,38.8452,-10.4334,ACTLTZ000403,NOT-2,ACPOTZ002752,NPK,1.333333333,2018,11,20,20/11/2018,15/01/2018,2018,1,15
2144,Tanzania,Tanzania Coastal Region,Lindi,Nachingwea,38.8452,-10.4334,ACTLTZ000403,NOT-2,ACPOTZ002757,NPK_micro,5.46,2018,11,20,20/11/2018,15/01/2018,2018,1,15
2145,Tanzania,Tanzania Coastal Region,Lindi,Nachingwea,38.8452,-10.4334,ACTLTZ000403,NOT-2,ACPOTZ002754,PK,7.466666667,2018,11,20,20/11/2018,15/01/2018,2018,1,15
2146,Tanzania,Tanzania Coastal Region,Lindi,Nachingwea,38.8452,-10.4334,ACTLTZ000403,NOT-2,ACPOTZ002755,NK,12.94,2018,11,20,20/11/2018,15/01/2018,2018,1,15
2147,Tanzania,Tanzania Coastal Region,Lindi,Nachingwea,38.8452,-10.4334,ACTLTZ000404,NOT-2,ACPOTZ002765,NPK,25.54,2018,11,22,22/11/2018,15/01/2018,2018,1,15
2148,Tanzania,Tanzania Coastal Region,Lindi,Nachingwea,38.8452,-10.4334,ACTLTZ000404,NOT-2,ACPOTZ002768,NP,23.84,2018,11,22,22/11/2018,15/01/2018,2018,1,15
2149,Tanzania,Tanzania Coastal Region,Lindi,Nachingwea,38.8452,-10.4334,ACTLTZ000404,NOT-2,ACPOTZ002770,half_NPK,14.03333333,2018,11,22,22/11/2018,15/01/2018,2018,1,15
2150,Tanzania,Tanzania Coastal Region,Lindi,Nachingwea,38.8452,-10.4334,ACTLTZ000404,NOT-2,ACPOTZ002767,NK,26.86666667,2018,11,22,22/11/2018,15/01/2018,2018,1,15
2151,Tanzania,Tanzania Coastal Region,Lindi,Nachingwea,38.8452,-10.4334,ACTLTZ000404,NOT-2,ACPOTZ002764,NPK,30.28666667,2018,11,22,22/11/2018,15/01/2018,2018,1,15
2152,Tanzania,Tanzania Coastal Region,Lindi,Nachingwea,38.8452,-10.4334,ACTLTZ000404,NOT-2,ACPOTZ002763,CON,11.15,2018,11,22,22/11/2018,15/01/2018,2018,1,15
2153,Tanzania,Tanzania Coastal Region,Lindi,Nachingwea,38.8452,-10.4334,ACTLTZ000405,NOT-2,ACPOTZ002776,NPK,6.366666667,2018,11,23,23/11/2018,15/01/2018,2018,1,15
2154,Tanzania,Tanzania Coastal Region,Lindi,Nachingwea,38.8452,-10.4334,ACTLTZ000405,NOT-2,ACPOTZ002781,NPK_micro,15.76666667,2018,11,23,23/11/2018,15/01/2018,2018,1,15
2155,Tanzania,Tanzania Coastal Region,Lindi,Nachingwea,38.8452,-10.4334,ACTLTZ000405,NOT-2,ACPOTZ002775,CON,2.96,2018,11,23,23/11/2018,15/01/2018,2018,1,15
2156,Tanzania,Tanzania Coastal Region,Lindi,Nachingwea,38.8452,-10.4334,ACTLTZ000405,NOT-2,ACPOTZ002779,NK,1.386666667,2018,11,23,23/11/2018,15/01/2018,2018,1,15
2157,Tanzania,Tanzania Coastal Region,Lindi,Nachingwea,38.8452,-10.4334,ACTLTZ000405,NOT-2,ACPOTZ002778,PK,17.72,2018,11,23,23/11/2018,15/01/2018,2018,1,15
2158,Tanzania,Tanzania Coastal Region,Lindi,Nachingwea,38.8452,-10.4334,ACTLTZ000405,NOT-2,ACPOTZ002782,half_NPK,24.47333333,2018,11,23,23/11/2018,15/01/2018,2018,1,15
2159,Tanzania,Tanzania Coastal Region,Lindi,Lindi,39.3341,-10.3189,ACTLTZ000406,NOT-1,ACPOTZ002791,NK,4.79,2017,11,25,25/11/2017,15/01/2017,2017,1,15
2160,Tanzania,Tanzania Coastal Region,Lindi,Lindi,39.3341,-10.3189,ACTLTZ000406,NOT-1,ACPOTZ002788,NPK,20.26,2017,11,25,25/11/2017,15/01/2017,2017,1,15
2161,Tanzania,Tanzania Coastal Region,Lindi,Lindi,39.3341,-10.3189,ACTLTZ000406,NOT-1,ACPOTZ002792,NP,15.92,2017,11,25,25/11/2017,15/01/2017,2017,1,15
2162,Tanzania,Tanzania Coastal Region,Lindi,Lindi,39.3341,-10.3189,ACTLTZ000406,NOT-1,ACPOTZ002794,half_NPK,20.66,2017,11,25,25/11/2017,15/01/2017,2017,1,15
2163,Tanzania,Tanzania Coastal Region,Lindi,Lindi,39.3341,-10.3189,ACTLTZ000406,NOT-1,ACPOTZ002793,NPK_micro,11.85,2017,11,25,25/11/2017,15/01/2017,2017,1,15
2164,Tanzania,Tanzania Coastal Region,Lindi,Lindi,39.3341,-10.3189,ACTLTZ000406,NOT-1,ACPOTZ002790,PK,6.73,2017,11,25,25/11/2017,15/01/2017,2017,1,15
2165,Tanzania,Tanzania Coastal Region,Lindi,Lindi,39.3341,-10.3189,ACTLTZ000406,NOT-1,ACPOTZ002789,NPK,10.57,2017,11,25,25/11/2017,15/01/2017,2017,1,15
2166,Tanzania,Tanzania Coastal Region,Lindi,Lindi,39.3341,-10.3189,ACTLTZ000406,NOT-1,ACPOTZ002787,CON,14.18,2017,11,25,25/11/2017,15/01/2017,2017,1,15
2167,Tanzania,Tanzania Coastal Region,Lindi,Lindi,39.3485,-10.3069,ACTLTZ000407,NOT-2,ACPOTZ002799,NK,24,2017,11,21,21/11/2017,15/01/2017,2017,1,15
2168,Tanzania,Tanzania Coastal Region,Lindi,Lindi,39.3485,-10.3069,ACTLTZ000407,NOT-2,ACPOTZ002800,NP,16.11,2017,11,21,21/11/2017,15/01/2017,2017,1,15
2169,Tanzania,Tanzania Coastal Region,Lindi,Lindi,39.3485,-10.3069,ACTLTZ000407,NOT-2,ACPOTZ002795,CON,30.78,2017,11,21,21/11/2017,15/01/2017,2017,1,15
2170,Tanzania,Tanzania Coastal Region,Lindi,Lindi,39.3485,-10.3069,ACTLTZ000407,NOT-2,ACPOTZ002796,NPK,27.95,2017,11,21,21/11/2017,15/01/2017,2017,1,15
2171,Tanzania,Tanzania Coastal Region,Lindi,Lindi,39.3485,-10.3069,ACTLTZ000407,NOT-2,ACPOTZ002798,PK,37.54,2017,11,21,21/11/2017,15/01/2017,2017,1,15
2172,Tanzania,Tanzania Coastal Region,Lindi,Lindi,39.3485,-10.3069,ACTLTZ000407,NOT-2,ACPOTZ002801,NPK_micro,27.82,2017,11,21,21/11/2017,15/01/2017,2017,1,15
2173,Tanzania,Tanzania Coastal Region,Lindi,Lindi,39.3485,-10.3069,ACTLTZ000407,NOT-2,ACPOTZ002802,half_NPK,27.92,2017,11,21,21/11/2017,15/01/2017,2017,1,15
2174,Tanzania,Tanzania Coastal Region,Lindi,Lindi,39.3485,-10.3069,ACTLTZ000407,NOT-2,ACPOTZ002797,NPK,35.5,2017,11,21,21/11/2017,15/01/2017,2017,1,15
2175,Tanzania,Tanzania Coastal Region,Lindi,Lindi,39.3723,-10.2838,ACTLTZ000408,NOT-1,ACPOTZ002813,NPK_micro,15.41,2017,11,20,20/11/2017,15/01/2017,2017,1,15
2176,Tanzania,Tanzania Coastal Region,Lindi,Lindi,39.3723,-10.2838,ACTLTZ000408,NOT-1,ACPOTZ002814,half_NPK,15.24,2017,11,20,20/11/2017,15/01/2017,2017,1,15
2177,Tanzania,Tanzania Coastal Region,Lindi,Lindi,39.3723,-10.2838,ACTLTZ000408,NOT-1,ACPOTZ002807,CON,8.33,2017,11,20,20/11/2017,15/01/2017,2017,1,15
2178,Tanzania,Tanzania Coastal Region,Lindi,Lindi,39.3723,-10.2838,ACTLTZ000408,NOT-1,ACPOTZ002810,PK,23.56,2017,11,20,20/11/2017,15/01/2017,2017,1,15
2179,Tanzania,Tanzania Coastal Region,Lindi,Lindi,39.3723,-10.2838,ACTLTZ000408,NOT-1,ACPOTZ002808,NPK,22.91,2017,11,20,20/11/2017,15/01/2017,2017,1,15
2180,Tanzania,Tanzania Coastal Region,Lindi,Lindi,39.3723,-10.2838,ACTLTZ000408,NOT-1,ACPOTZ002811,NK,13.25,2017,11,20,20/11/2017,15/01/2017,2017,1,15
2181,Tanzania,Tanzania Coastal Region,Lindi,Lindi,39.3723,-10.2838,ACTLTZ000408,NOT-1,ACPOTZ002812,NP,13.82,2017,11,20,20/11/2017,15/01/2017,2017,1,15
2182,Tanzania,Tanzania Coastal Region,Lindi,Lindi,39.3723,-10.2838,ACTLTZ000408,NOT-1,ACPOTZ002809,NPK,17.62,2017,11,20,20/11/2017,15/01/2017,2017,1,15
2183,Tanzania,Tanzania Coastal Region,Lindi,Lindi,39.3666,-10.2911,ACTLTZ000409,NOT-2,ACPOTZ002820,NP,27.94,2017,11,20,20/11/2017,15/01/2017,2017,1,15
2184,Tanzania,Tanzania Coastal Region,Lindi,Lindi,39.3666,-10.2911,ACTLTZ000409,NOT-2,ACPOTZ002816,NPK,20.61,2017,11,20,20/11/2017,15/01/2017,2017,1,15
2185,Tanzania,Tanzania Coastal Region,Lindi,Lindi,39.3666,-10.2911,ACTLTZ000409,NOT-2,ACPOTZ002818,PK,30.76,2017,11,20,20/11/2017,15/01/2017,2017,1,15
2186,Tanzania,Tanzania Coastal Region,Lindi,Lindi,39.3666,-10.2911,ACTLTZ000409,NOT-2,ACPOTZ002819,NK,35.24,2017,11,20,20/11/2017,15/01/2017,2017,1,15
2187,Tanzania,Tanzania Coastal Region,Lindi,Lindi,39.3666,-10.2911,ACTLTZ000409,NOT-2,ACPOTZ002815,CON,38.3,2017,11,20,20/11/2017,15/01/2017,2017,1,15
2188,Tanzania,Tanzania Coastal Region,Lindi,Lindi,39.3666,-10.2911,ACTLTZ000409,NOT-2,ACPOTZ002817,NPK,43.85,2017,11,20,20/11/2017,15/01/2017,2017,1,15
2189,Tanzania,Tanzania Coastal Region,Lindi,Lindi,39.3666,-10.2911,ACTLTZ000409,NOT-2,ACPOTZ002821,NPK_micro,40,2017,11,20,20/11/2017,15/01/2017,2017,1,15
2190,Tanzania,Tanzania Coastal Region,Lindi,Lindi,39.3666,-10.2911,ACTLTZ000409,NOT-2,ACPOTZ002822,half_NPK,25.73,2017,11,20,20/11/2017,15/01/2017,2017,1,15
2191,Tanzania,Tanzania Coastal Region,Lindi,Lindi,39.4766,-10.2399,ACTLTZ000411,NOT-1,ACPOTZ002835,CON,26.22,2017,11,23,23/11/2017,15/01/2017,2017,1,15
2192,Tanzania,Tanzania Coastal Region,Lindi,Lindi,39.4766,-10.2399,ACTLTZ000411,NOT-1,ACPOTZ002842,half_NPK,42.21,2017,11,23,23/11/2017,15/01/2017,2017,1,15
2193,Tanzania,Tanzania Coastal Region,Lindi,Lindi,39.4766,-10.2399,ACTLTZ000411,NOT-1,ACPOTZ002841,NPK_micro,34.61,2017,11,23,23/11/2017,15/01/2017,2017,1,15
2194,Tanzania,Tanzania Coastal Region,Lindi,Lindi,39.4766,-10.2399,ACTLTZ000411,NOT-1,ACPOTZ002840,NP,65.87,2017,11,23,23/11/2017,15/01/2017,2017,1,15
2195,Tanzania,Tanzania Coastal Region,Lindi,Lindi,39.4766,-10.2399,ACTLTZ000411,NOT-1,ACPOTZ002838,PK,61.85,2017,11,23,23/11/2017,15/01/2017,2017,1,15
2196,Tanzania,Tanzania Coastal Region,Lindi,Lindi,39.4766,-10.2399,ACTLTZ000411,NOT-1,ACPOTZ002837,NPK,54.89,2017,11,23,23/11/2017,15/01/2017,2017,1,15
2197,Tanzania,Tanzania Coastal Region,Lindi,Lindi,39.4766,-10.2399,ACTLTZ000411,NOT-1,ACPOTZ002836,NPK,58.62,2017,11,23,23/11/2017,15/01/2017,2017,1,15
2198,Tanzania,Tanzania Coastal Region,Lindi,Lindi,39.4766,-10.2399,ACTLTZ000411,NOT-1,ACPOTZ002839,NK,42.66,2017,11,23,23/11/2017,15/01/2017,2017,1,15
2199,Tanzania,Tanzania Coastal Region,Lindi,Lindi,39.472,-10.2461,ACTLTZ000412,NOT-2,ACPOTZ002845,NPK,37.02,2017,11,22,22/11/2017,15/01/2017,2017,1,15
2200,Tanzania,Tanzania Coastal Region,Lindi,Lindi,39.472,-10.2461,ACTLTZ000412,NOT-2,ACPOTZ002844,NPK,32.46,2017,11,22,22/11/2017,15/01/2017,2017,1,15
2201,Tanzania,Tanzania Coastal Region,Lindi,Lindi,39.472,-10.2461,ACTLTZ000412,NOT-2,ACPOTZ002849,NPK_micro,44.54,2017,11,22,22/11/2017,15/01/2017,2017,1,15
2202,Tanzania,Tanzania Coastal Region,Lindi,Lindi,39.472,-10.2461,ACTLTZ000412,NOT-2,ACPOTZ002848,NP,40.39,2017,11,22,22/11/2017,15/01/2017,2017,1,15
2203,Tanzania,Tanzania Coastal Region,Lindi,Lindi,39.472,-10.2461,ACTLTZ000412,NOT-2,ACPOTZ002847,NK,43.8,2017,11,22,22/11/2017,15/01/2017,2017,1,15
2204,Tanzania,Tanzania Coastal Region,Lindi,Lindi,39.472,-10.2461,ACTLTZ000412,NOT-2,ACPOTZ002846,PK,48.86,2017,11,22,22/11/2017,15/01/2017,2017,1,15
2205,Tanzania,Tanzania Coastal Region,Lindi,Lindi,39.472,-10.2461,ACTLTZ000412,NOT-2,ACPOTZ002850,half_NPK,25.44,2017,11,22,22/11/2017,15/01/2017,2017,1,15
2206,Tanzania,Tanzania Coastal Region,Lindi,Lindi,39.472,-10.2461,ACTLTZ000412,NOT-2,ACPOTZ002843,CON,55.39,2017,11,22,22/11/2017,15/01/2017,2017,1,15
2207,Tanzania,Tanzania Coastal Region,Lindi,Lindi,39.449,-10.2314,ACTLTZ000413,NOT-1,ACPOTZ002856,NPK,31.12,2017,11,22,22/11/2017,15/01/2017,2017,1,15
2208,Tanzania,Tanzania Coastal Region,Lindi,Lindi,39.449,-10.2314,ACTLTZ000413,NOT-1,ACPOTZ002857,NPK,23.81,2017,11,22,22/11/2017,15/01/2017,2017,1,15
2209,Tanzania,Tanzania Coastal Region,Lindi,Lindi,39.449,-10.2314,ACTLTZ000413,NOT-1,ACPOTZ002862,half_NPK,18.59,2017,11,22,22/11/2017,15/01/2017,2017,1,15
2210,Tanzania,Tanzania Coastal Region,Lindi,Lindi,39.449,-10.2314,ACTLTZ000413,NOT-1,ACPOTZ002861,NPK_micro,32.55,2017,11,22,22/11/2017,15/01/2017,2017,1,15
2211,Tanzania,Tanzania Coastal Region,Lindi,Lindi,39.449,-10.2314,ACTLTZ000413,NOT-1,ACPOTZ002858,PK,33.03,2017,11,22,22/11/2017,15/01/2017,2017,1,15
2212,Tanzania,Tanzania Coastal Region,Lindi,Lindi,39.449,-10.2314,ACTLTZ000413,NOT-1,ACPOTZ002860,NP,32.91,2017,11,22,22/11/2017,15/01/2017,2017,1,15
2213,Tanzania,Tanzania Coastal Region,Lindi,Lindi,39.449,-10.2314,ACTLTZ000413,NOT-1,ACPOTZ002859,NK,23.47,2017,11,22,22/11/2017,15/01/2017,2017,1,15
2214,Tanzania,Tanzania Coastal Region,Lindi,Lindi,39.449,-10.2314,ACTLTZ000413,NOT-1,ACPOTZ002855,CON,40.36,2017,11,22,22/11/2017,15/01/2017,2017,1,15
2215,Tanzania,Tanzania Coastal Region,Lindi,Lindi,39.416,-10.2693,ACTLTZ000414,NOT-2,ACPOTZ002867,NK,30.04,2017,11,21,21/11/2017,15/01/2017,2017,1,15
2216,Tanzania,Tanzania Coastal Region,Lindi,Lindi,39.416,-10.2693,ACTLTZ000414,NOT-2,ACPOTZ002870,half_NPK,43.4,2017,11,21,21/11/2017,15/01/2017,2017,1,15
2217,Tanzania,Tanzania Coastal Region,Lindi,Lindi,39.416,-10.2693,ACTLTZ000414,NOT-2,ACPOTZ002864,NPK,23.26,2017,11,21,21/11/2017,15/01/2017,2017,1,15
2218,Tanzania,Tanzania Coastal Region,Lindi,Lindi,39.416,-10.2693,ACTLTZ000414,NOT-2,ACPOTZ002866,PK,29.16,2017,11,21,21/11/2017,15/01/2017,2017,1,15
2219,Tanzania,Tanzania Coastal Region,Lindi,Lindi,39.416,-10.2693,ACTLTZ000414,NOT-2,ACPOTZ002869,NPK_micro,29.28,2017,11,21,21/11/2017,15/01/2017,2017,1,15
2220,Tanzania,Tanzania Coastal Region,Lindi,Lindi,39.416,-10.2693,ACTLTZ000414,NOT-2,ACPOTZ002863,CON,29.2,2017,11,21,21/11/2017,15/01/2017,2017,1,15
2221,Tanzania,Tanzania Coastal Region,Lindi,Lindi,39.416,-10.2693,ACTLTZ000414,NOT-2,ACPOTZ002868,NP,39.92,2017,11,21,21/11/2017,15/01/2017,2017,1,15
2222,Tanzania,Tanzania Coastal Region,Lindi,Lindi,39.416,-10.2693,ACTLTZ000414,NOT-2,ACPOTZ002865,NPK,32.86,2017,11,21,21/11/2017,15/01/2017,2017,1,15
2223,Tanzania,Tanzania Coastal Region,Lindi,Lindi,39.362,-10.3168,ACTLTZ000415,NOT-2,ACPOTZ002880,NP,16.44,2017,11,24,24/11/2017,15/01/2017,2017,1,15
2224,Tanzania,Tanzania Coastal Region,Lindi,Lindi,39.362,-10.3168,ACTLTZ000415,NOT-2,ACPOTZ002878,PK,4.87,2017,11,24,24/11/2017,15/01/2017,2017,1,15
2225,Tanzania,Tanzania Coastal Region,Lindi,Lindi,39.362,-10.3168,ACTLTZ000415,NOT-2,ACPOTZ002877,NPK,10.86,2017,11,24,24/11/2017,15/01/2017,2017,1,15
2226,Tanzania,Tanzania Coastal Region,Lindi,Lindi,39.362,-10.3168,ACTLTZ000415,NOT-2,ACPOTZ002875,CON,12.31,2017,11,24,24/11/2017,15/01/2017,2017,1,15
2227,Tanzania,Tanzania Coastal Region,Lindi,Lindi,39.362,-10.3168,ACTLTZ000415,NOT-2,ACPOTZ002882,half_NPK,7.59,2017,11,24,24/11/2017,15/01/2017,2017,1,15
2228,Tanzania,Tanzania Coastal Region,Lindi,Lindi,39.362,-10.3168,ACTLTZ000415,NOT-2,ACPOTZ002876,NPK,14.31,2017,11,24,24/11/2017,15/01/2017,2017,1,15
2229,Tanzania,Tanzania Coastal Region,Lindi,Lindi,39.362,-10.3168,ACTLTZ000415,NOT-2,ACPOTZ002879,NK,13.4,2017,11,24,24/11/2017,15/01/2017,2017,1,15
2230,Tanzania,Tanzania Coastal Region,Lindi,Lindi,39.362,-10.3168,ACTLTZ000415,NOT-2,ACPOTZ002881,NPK_micro,20.55,2017,11,24,24/11/2017,15/01/2017,2017,1,15
2231,Tanzania,Tanzania Coastal Region,Lindi,Lindi,39.362,-10.3168,ACTLTZ000416,NOT-2,ACPOTZ002888,NPK,10.03,2017,11,26,26/11/2017,15/01/2017,2017,1,15
2232,Tanzania,Tanzania Coastal Region,Lindi,Lindi,39.362,-10.3168,ACTLTZ000416,NOT-2,ACPOTZ002890,PK,11.24,2017,11,26,26/11/2017,15/01/2017,2017,1,15
2233,Tanzania,Tanzania Coastal Region,Lindi,Lindi,39.362,-10.3168,ACTLTZ000416,NOT-2,ACPOTZ002893,NPK_micro,3.64,2017,11,26,26/11/2017,15/01/2017,2017,1,15
2234,Tanzania,Tanzania Coastal Region,Lindi,Lindi,39.362,-10.3168,ACTLTZ000416,NOT-2,ACPOTZ002887,CON,12.53,2017,11,26,26/11/2017,15/01/2017,2017,1,15
2235,Tanzania,Tanzania Coastal Region,Lindi,Lindi,39.362,-10.3168,ACTLTZ000416,NOT-2,ACPOTZ002889,NPK,3.1,2017,11,26,26/11/2017,15/01/2017,2017,1,15
2236,Tanzania,Tanzania Coastal Region,Lindi,Lindi,39.362,-10.3168,ACTLTZ000416,NOT-2,ACPOTZ002894,half_NPK,15.97,2017,11,26,26/11/2017,15/01/2017,2017,1,15
2237,Tanzania,Tanzania Coastal Region,Lindi,Lindi,39.362,-10.3168,ACTLTZ000416,NOT-2,ACPOTZ002891,NK,9.76,2017,11,26,26/11/2017,15/01/2017,2017,1,15
2238,Tanzania,Tanzania Coastal Region,Lindi,Lindi,39.362,-10.3168,ACTLTZ000416,NOT-2,ACPOTZ002892,NP,7.1,2017,11,26,26/11/2017,15/01/2017,2017,1,15
2239,Tanzania,Tanzania Coastal Region,Lindi,Lindi Urban,39.5651,-10.1082,ACTLTZ000417,NOT-1,ACPOTZ002901,NPK,20.57333333,2018,11,4,04/11/2018,15/01/2018,2018,1,15
2240,Tanzania,Tanzania Coastal Region,Lindi,Lindi Urban,39.5651,-10.1082,ACTLTZ000417,NOT-1,ACPOTZ002903,NK,20.44,2018,11,4,04/11/2018,15/01/2018,2018,1,15
2241,Tanzania,Tanzania Coastal Region,Lindi,Lindi Urban,39.5651,-10.1082,ACTLTZ000417,NOT-1,ACPOTZ002899,CON,23.06666667,2018,11,4,04/11/2018,15/01/2018,2018,1,15
2242,Tanzania,Tanzania Coastal Region,Lindi,Lindi Urban,39.5651,-10.1082,ACTLTZ000417,NOT-1,ACPOTZ002902,PK,22.55,2018,11,4,04/11/2018,15/01/2018,2018,1,15
2243,Tanzania,Tanzania Coastal Region,Lindi,Lindi Urban,39.5651,-10.1082,ACTLTZ000417,NOT-1,ACPOTZ002906,half_NPK,13.17333333,2018,11,4,04/11/2018,15/01/2018,2018,1,15
2244,Tanzania,Tanzania Coastal Region,Lindi,Lindi Urban,39.5682,-10.1075,ACTLTZ000418,NOT-1,ACPOTZ002910,PK,28.56,NA,NA,NA,,NA,NA,NA,NA
2245,Tanzania,Tanzania Coastal Region,Lindi,Lindi Urban,39.5682,-10.1075,ACTLTZ000418,NOT-1,ACPOTZ002907,CON,49.81333333,NA,NA,NA,,NA,NA,NA,NA
2246,Tanzania,Tanzania Coastal Region,Lindi,Lindi Urban,39.5682,-10.1075,ACTLTZ000418,NOT-1,ACPOTZ002914,half_NPK,44.78666667,NA,NA,NA,,NA,NA,NA,NA
2247,Tanzania,Tanzania Coastal Region,Lindi,Lindi Urban,39.5682,-10.1075,ACTLTZ000418,NOT-1,ACPOTZ002912,NP,54.66,NA,NA,NA,,NA,NA,NA,NA
2248,Tanzania,Tanzania Coastal Region,Lindi,Lindi Urban,39.5682,-10.1075,ACTLTZ000418,NOT-1,ACPOTZ002909,NPK,42.55333333,NA,NA,NA,,NA,NA,NA,NA
2249,Tanzania,Tanzania Coastal Region,Lindi,Lindi Urban,39.5776,-10.1062,ACTLTZ000419,NOT-2,ACPOTZ002919,NK,22.04666667,2018,11,5,05/11/2018,15/01/2018,2018,1,15
2250,Tanzania,Tanzania Coastal Region,Lindi,Lindi Urban,39.5776,-10.1062,ACTLTZ000419,NOT-3,ACPOTZ019274,NPK,29.64333333,2018,11,5,05/11/2018,15/01/2018,2018,1,15
2251,Tanzania,Tanzania Coastal Region,Lindi,Lindi Urban,39.5776,-10.1062,ACTLTZ000419,NOT-2,ACPOTZ002920,NP,20.77,2018,11,5,05/11/2018,15/01/2018,2018,1,15
2252,Tanzania,Tanzania Coastal Region,Lindi,Lindi Urban,39.5776,-10.1062,ACTLTZ000419,NOT-2,ACPOTZ002921,NPK_micro,21.26,2018,11,5,05/11/2018,15/01/2018,2018,1,15
2253,Tanzania,Tanzania Coastal Region,Lindi,Lindi Urban,39.5776,-10.1062,ACTLTZ000419,NOT-2,ACPOTZ002918,PK,21.46666667,2018,11,5,05/11/2018,15/01/2018,2018,1,15
2254,Tanzania,Tanzania Coastal Region,Lindi,Lindi Urban,39.5776,-10.1062,ACTLTZ000419,NOT-2,ACPOTZ002916,NPK,20.74666667,2018,11,5,05/11/2018,15/01/2018,2018,1,15
2255,Tanzania,Tanzania Coastal Region,Lindi,Lindi Urban,39.5776,-10.1062,ACTLTZ000419,NOT-3,ACPOTZ019271,CON,14.86,2018,11,5,05/11/2018,15/01/2018,2018,1,15
2256,Tanzania,Tanzania Coastal Region,Mtwara,Mtwara,40.1193,-10.4444,ACTLTZ000453,NOT-2,ACPOTZ004246,NPK,13.46,2017,11,17,17/11/2017,15/01/2017,2017,1,15
2257,Tanzania,Tanzania Coastal Region,Mtwara,Mtwara,40.1193,-10.4444,ACTLTZ000453,NOT-2,ACPOTZ004248,PK,39.55,2017,11,17,17/11/2017,15/01/2017,2017,1,15
2258,Tanzania,Tanzania Coastal Region,Mtwara,Mtwara,40.1193,-10.4444,ACTLTZ000453,NOT-2,ACPOTZ004249,NK,17.65,2017,11,17,17/11/2017,15/01/2017,2017,1,15
2259,Tanzania,Tanzania Coastal Region,Mtwara,Mtwara,40.1193,-10.4444,ACTLTZ000453,NOT-2,ACPOTZ004247,NPK,6.46,2017,11,17,17/11/2017,15/01/2017,2017,1,15
2260,Tanzania,Tanzania Coastal Region,Mtwara,Mtwara,40.1193,-10.4444,ACTLTZ000453,NOT-2,ACPOTZ004250,NP,46.525,2017,11,17,17/11/2017,15/01/2017,2017,1,15
2261,Tanzania,Tanzania Coastal Region,Mtwara,Mtwara,40.1193,-10.4444,ACTLTZ000453,NOT-2,ACPOTZ004252,half_NPK,21.7,2017,11,17,17/11/2017,15/01/2017,2017,1,15
2262,Tanzania,Tanzania Coastal Region,Mtwara,Mtwara,40.1193,-10.4444,ACTLTZ000453,NOT-2,ACPOTZ004245,CON,20.96,2017,11,17,17/11/2017,15/01/2017,2017,1,15
2263,Tanzania,Tanzania Coastal Region,Mtwara,Mtwara,40.1193,-10.4444,ACTLTZ000453,NOT-2,ACPOTZ004251,NPK_micro,8.275,2017,11,17,17/11/2017,15/01/2017,2017,1,15
2264,Tanzania,Tanzania Coastal Region,Mtwara,Mtwara,39.734,-10.3797,ACTLTZ000456,NOT-2,ACPOTZ004174,NPK,3.18,2017,11,28,28/11/2017,15/01/2017,2017,1,15
2265,Tanzania,Tanzania Coastal Region,Mtwara,Mtwara,39.734,-10.3797,ACTLTZ000456,NOT-2,ACPOTZ004173,CON,0,2017,11,28,28/11/2017,15/01/2017,2017,1,15
2266,Tanzania,Tanzania Coastal Region,Mtwara,Mtwara,39.734,-10.3797,ACTLTZ000456,NOT-2,ACPOTZ004175,NPK,3,2017,11,28,28/11/2017,15/01/2017,2017,1,15
2267,Tanzania,Tanzania Coastal Region,Lindi,Lindi,39.362,-10.3168,ACTLTZ000509,NOT-2,ACPOTZ003293,CON,0.13,2017,11,27,27/11/2017,15/01/2017,2017,1,15
2268,Tanzania,Tanzania Coastal Region,Lindi,Lindi,39.362,-10.3168,ACTLTZ000509,NOT-2,ACPOTZ003296,PK,3.73,2017,11,27,27/11/2017,15/01/2017,2017,1,15
2269,Tanzania,Tanzania Coastal Region,Lindi,Lindi,39.362,-10.3168,ACTLTZ000509,NOT-2,ACPOTZ003295,NPK,4.225,2017,11,27,27/11/2017,15/01/2017,2017,1,15
2270,Tanzania,Tanzania Coastal Region,Lindi,Lindi,39.362,-10.3168,ACTLTZ000509,NOT-2,ACPOTZ003298,NP,2.76,2017,11,27,27/11/2017,15/01/2017,2017,1,15
2271,Tanzania,Tanzania Coastal Region,Lindi,Lindi,39.362,-10.3168,ACTLTZ000509,NOT-2,ACPOTZ003297,NK,2.34,2017,11,27,27/11/2017,15/01/2017,2017,1,15
2272,Tanzania,Tanzania Coastal Region,Lindi,Lindi,39.362,-10.3168,ACTLTZ000509,NOT-2,ACPOTZ003294,NPK,9.19,2017,11,27,27/11/2017,15/01/2017,2017,1,15
2273,Tanzania,Tanzania Coastal Region,Lindi,Lindi,39.362,-10.3168,ACTLTZ000509,NOT-2,ACPOTZ003300,half_NPK,2.43,2017,11,27,27/11/2017,15/01/2017,2017,1,15
2274,Tanzania,Tanzania Coastal Region,Lindi,Lindi,39.362,-10.3168,ACTLTZ000509,NOT-2,ACPOTZ003299,NPK_micro,0.4,2017,11,27,27/11/2017,15/01/2017,2017,1,15
2275,Tanzania,Tanzania Coastal Region,Lindi,Lindi,NA,NA,ACTLTZ000510,NOT-2,ACPOTZ003305,CON,2.44,NA,NA,NA,,NA,NA,NA,NA
2276,Tanzania,Tanzania Coastal Region,Lindi,Lindi,NA,NA,ACTLTZ000510,NOT-2,ACPOTZ003322,half_NPK,24.44,NA,NA,NA,,NA,NA,NA,NA
2277,Tanzania,Tanzania Coastal Region,Lindi,Lindi,NA,NA,ACTLTZ000510,NOT-2,ACPOTZ003309,NK,8.69,NA,NA,NA,,NA,NA,NA,NA
2278,Tanzania,Tanzania Coastal Region,Lindi,Lindi,NA,NA,ACTLTZ000510,NOT-2,ACPOTZ003306,NPK,2.22,NA,NA,NA,,NA,NA,NA,NA
2279,Tanzania,Tanzania Coastal Region,Lindi,Lindi,NA,NA,ACTLTZ000510,NOT-2,ACPOTZ003307,NPK,6.08,NA,NA,NA,,NA,NA,NA,NA
2280,Tanzania,Tanzania Coastal Region,Lindi,Lindi,NA,NA,ACTLTZ000510,NOT-2,ACPOTZ003321,NPK_micro,14.95,NA,NA,NA,,NA,NA,NA,NA
2281,Tanzania,Tanzania Coastal Region,Lindi,Lindi,NA,NA,ACTLTZ000510,NOT-2,ACPOTZ003308,PK,14.74,NA,NA,NA,,NA,NA,NA,NA
2282,Tanzania,Tanzania Coastal Region,Mtwara,Newala,39.3224,-10.5981,ACTLTZ000512,NOT-1,ACPOTZ003333,half_NPK,6.35,2017,12,16,16/12/2017,15/01/2017,2017,1,15
2283,Tanzania,Tanzania Coastal Region,Mtwara,Newala,39.3224,-10.5981,ACTLTZ000512,NOT-1,ACPOTZ003331,NP,7.01,2017,12,16,16/12/2017,15/01/2017,2017,1,15
2284,Tanzania,Tanzania Coastal Region,Mtwara,Newala,39.3224,-10.5981,ACTLTZ000512,NOT-1,ACPOTZ003329,NPK,6.63,2017,12,16,16/12/2017,15/01/2017,2017,1,15
2285,Tanzania,Tanzania Coastal Region,Mtwara,Newala,39.3224,-10.5981,ACTLTZ000512,NOT-1,ACPOTZ003328,NPK,1.77,2017,12,16,16/12/2017,15/01/2017,2017,1,15
2286,Tanzania,Tanzania Coastal Region,Mtwara,Newala,39.3224,-10.5981,ACTLTZ000512,NOT-1,ACPOTZ003327,CON,5.35,2017,12,16,16/12/2017,15/01/2017,2017,1,15
2287,Tanzania,Tanzania Coastal Region,Mtwara,Newala,39.3224,-10.5981,ACTLTZ000512,NOT-1,ACPOTZ003332,NPK_micro,11.38,2017,12,16,16/12/2017,15/01/2017,2017,1,15
2288,Tanzania,Tanzania Coastal Region,Mtwara,Newala,39.3439,-10.5958,ACTLTZ000513,NOT-2,ACPOTZ003345,NPK_micro,32.14666667,2018,10,3,03/10/2018,06/01/2018,2018,1,6
2289,Tanzania,Tanzania Coastal Region,Mtwara,Newala,39.3439,-10.5958,ACTLTZ000513,NOT-2,ACPOTZ003340,NPK,38.78,2018,10,3,03/10/2018,06/01/2018,2018,1,6
2290,Tanzania,Tanzania Coastal Region,Mtwara,Newala,39.3439,-10.5958,ACTLTZ000513,NOT-2,ACPOTZ003344,NP,30.56666667,2018,10,3,03/10/2018,06/01/2018,2018,1,6
2291,Tanzania,Tanzania Coastal Region,Mtwara,Newala,39.3439,-10.5958,ACTLTZ000513,NOT-2,ACPOTZ003339,NPK,37.94666667,2018,10,3,03/10/2018,06/01/2018,2018,1,6
2292,Tanzania,Tanzania Coastal Region,Mtwara,Newala,39.3439,-10.5958,ACTLTZ000513,NOT-2,ACPOTZ003338,CON,34.12666667,2018,10,3,03/10/2018,06/01/2018,2018,1,6
2293,Tanzania,Tanzania Coastal Region,Mtwara,Newala,39.3439,-10.5958,ACTLTZ000513,NOT-2,ACPOTZ003342,PK,33.50666667,2018,10,3,03/10/2018,06/01/2018,2018,1,6
2294,Tanzania,Tanzania Coastal Region,Mtwara,Newala,39.3439,-10.5958,ACTLTZ000513,NOT-2,ACPOTZ003343,NK,37.93333333,2018,10,3,03/10/2018,06/01/2018,2018,1,6
2295,Tanzania,Tanzania Coastal Region,Mtwara,Newala,39.3439,-10.5958,ACTLTZ000513,NOT-2,ACPOTZ003346,half_NPK,26.79333333,2018,10,3,03/10/2018,06/01/2018,2018,1,6
2296,Tanzania,Tanzania Coastal Region,Mtwara,Newala,39.4174,-10.6908,ACTLTZ000516,NOT-2,ACPOTZ003352,NPK,13.46,2018,10,2,02/10/2018,06/01/2018,2018,1,6
2297,Tanzania,Tanzania Coastal Region,Mtwara,Newala,39.4174,-10.6908,ACTLTZ000516,NOT-2,ACPOTZ003353,NPK,26.06666667,2018,10,2,02/10/2018,06/01/2018,2018,1,6
2298,Tanzania,Tanzania Coastal Region,Mtwara,Newala,39.4174,-10.6908,ACTLTZ000516,NOT-2,ACPOTZ003356,NP,14.74666667,2018,10,2,02/10/2018,06/01/2018,2018,1,6
2299,Tanzania,Tanzania Coastal Region,Mtwara,Newala,39.4174,-10.6908,ACTLTZ000516,NOT-2,ACPOTZ003351,CON,21.58666667,2018,10,2,02/10/2018,06/01/2018,2018,1,6
2300,Tanzania,Tanzania Coastal Region,Mtwara,Newala,39.4174,-10.6908,ACTLTZ000516,NOT-2,ACPOTZ003355,NK,28.92,2018,10,2,02/10/2018,06/01/2018,2018,1,6
2301,Tanzania,Tanzania Coastal Region,Mtwara,Newala,39.4174,-10.6908,ACTLTZ000516,NOT-2,ACPOTZ003354,PK,18.63333333,2018,10,2,02/10/2018,06/01/2018,2018,1,6
2302,Tanzania,Tanzania Coastal Region,Mtwara,Newala,39.4174,-10.6908,ACTLTZ000516,NOT-2,ACPOTZ003358,half_NPK,14.44,2018,10,2,02/10/2018,06/01/2018,2018,1,6
2303,Tanzania,Tanzania Coastal Region,Mtwara,Newala,39.4174,-10.6908,ACTLTZ000516,NOT-2,ACPOTZ003357,NPK_micro,27.22666667,2018,10,2,02/10/2018,06/01/2018,2018,1,6
2304,Tanzania,Tanzania Coastal Region,Mtwara,Newala,39.4114,-10.7019,ACTLTZ000517,NOT-2,ACPOTZ003373,half_NPK,4.526666667,2018,10,4,04/10/2018,06/01/2018,2018,1,6
2305,Tanzania,Tanzania Coastal Region,Mtwara,Newala,39.4114,-10.7019,ACTLTZ000517,NOT-2,ACPOTZ003370,NK,2.413333333,2018,10,4,04/10/2018,06/01/2018,2018,1,6
2306,Tanzania,Tanzania Coastal Region,Mtwara,Newala,39.4114,-10.7019,ACTLTZ000517,NOT-2,ACPOTZ003366,CON,3.126666667,2018,10,4,04/10/2018,06/01/2018,2018,1,6
2307,Tanzania,Tanzania Coastal Region,Mtwara,Newala,39.4114,-10.7019,ACTLTZ000517,NOT-2,ACPOTZ003369,PK,13.07,2018,10,4,04/10/2018,06/01/2018,2018,1,6
2308,Tanzania,Tanzania Coastal Region,Mtwara,Newala,39.4114,-10.7019,ACTLTZ000517,NOT-2,ACPOTZ003368,NPK,8.066666667,2018,10,4,04/10/2018,06/01/2018,2018,1,6
2309,Tanzania,Tanzania Coastal Region,Mtwara,Newala,39.4114,-10.7019,ACTLTZ000517,NOT-2,ACPOTZ003372,NPK_micro,1.54,2018,10,4,04/10/2018,06/01/2018,2018,1,6
2310,Tanzania,Tanzania Coastal Region,Mtwara,Newala,39.4114,-10.7019,ACTLTZ000517,NOT-2,ACPOTZ003367,NPK,3.466666667,2018,10,4,04/10/2018,06/01/2018,2018,1,6
2311,Tanzania,Tanzania Coastal Region,Mtwara,Newala,39.3975,-10.6894,ACTLTZ000520,NOT-2,ACPOTZ003388,half_NPK,7.03,2017,12,17,17/12/2017,15/01/2017,2017,1,15
2312,Tanzania,Tanzania Coastal Region,Mtwara,Newala,39.3975,-10.6894,ACTLTZ000520,NOT-2,ACPOTZ003385,NK,5.16,2017,12,17,17/12/2017,15/01/2017,2017,1,15
2313,Tanzania,Tanzania Coastal Region,Mtwara,Newala,39.3975,-10.6894,ACTLTZ000520,NOT-2,ACPOTZ003384,PK,5.85,2017,12,17,17/12/2017,15/01/2017,2017,1,15
2314,Tanzania,Tanzania Coastal Region,Mtwara,Newala,39.3975,-10.6894,ACTLTZ000520,NOT-2,ACPOTZ003381,CON,5.685,2017,12,17,17/12/2017,15/01/2017,2017,1,15
2315,Tanzania,Tanzania Coastal Region,Mtwara,Newala,39.3975,-10.6894,ACTLTZ000520,NOT-2,ACPOTZ003386,NP,6.28,2017,12,17,17/12/2017,15/01/2017,2017,1,15
2316,Tanzania,Tanzania Coastal Region,Mtwara,Newala,39.3975,-10.6894,ACTLTZ000520,NOT-2,ACPOTZ003387,NPK_micro,7.27,2017,12,17,17/12/2017,15/01/2017,2017,1,15
2317,Tanzania,Tanzania Coastal Region,Mtwara,Newala,39.3975,-10.6894,ACTLTZ000520,NOT-2,ACPOTZ003383,NPK,6.71,2017,12,17,17/12/2017,15/01/2017,2017,1,15
2318,Tanzania,Tanzania Coastal Region,Mtwara,Newala,39.3975,-10.6894,ACTLTZ000520,NOT-2,ACPOTZ003382,NPK,5.42,2017,12,17,17/12/2017,15/01/2017,2017,1,15
2319,Tanzania,Tanzania Coastal Region,Mtwara,Newala,NA,NA,ACTLTZ000522,NOT-1,ACPOTZ003405,NPK,7.01,NA,NA,NA,,NA,NA,NA,NA
2320,Tanzania,Tanzania Coastal Region,Mtwara,Newala,NA,NA,ACTLTZ000522,NOT-1,ACPOTZ003410,NPK_micro,6.42,NA,NA,NA,,NA,NA,NA,NA
2321,Tanzania,Tanzania Coastal Region,Mtwara,Newala,NA,NA,ACTLTZ000522,NOT-1,ACPOTZ003407,PK,7.04,NA,NA,NA,,NA,NA,NA,NA
2322,Tanzania,Tanzania Coastal Region,Mtwara,Newala,NA,NA,ACTLTZ000522,NOT-1,ACPOTZ003406,NPK,6.96,NA,NA,NA,,NA,NA,NA,NA
2323,Tanzania,Tanzania Coastal Region,Mtwara,Newala,NA,NA,ACTLTZ000522,NOT-1,ACPOTZ003404,CON,11.45,NA,NA,NA,,NA,NA,NA,NA
2324,Tanzania,Tanzania Coastal Region,Mtwara,Newala,NA,NA,ACTLTZ000522,NOT-1,ACPOTZ003411,half_NPK,6.09,NA,NA,NA,,NA,NA,NA,NA
2325,Tanzania,Tanzania Coastal Region,Mtwara,Newala,NA,NA,ACTLTZ000522,NOT-1,ACPOTZ003408,NK,6.88,NA,NA,NA,,NA,NA,NA,NA
2326,Tanzania,Tanzania Coastal Region,Mtwara,Newala,NA,NA,ACTLTZ000522,NOT-1,ACPOTZ003409,NP,9.28,NA,NA,NA,,NA,NA,NA,NA
2327,Tanzania,Tanzania Coastal Region,Mtwara,Mtwara,39.736,-10.5887,ACTLTZ000528,NOT-1,ACPOTZ003712,NPK,30.36666667,2018,10,30,30/10/2018,09/01/2018,2018,1,9
2328,Tanzania,Tanzania Coastal Region,Mtwara,Mtwara,39.736,-10.5887,ACTLTZ000528,NOT-1,ACPOTZ019257,PK,29.57333333,2018,10,30,30/10/2018,09/01/2018,2018,1,9
2329,Tanzania,Tanzania Coastal Region,Mtwara,Mtwara,39.736,-10.5887,ACTLTZ000528,NOT-1,ACPOTZ003715,NK,36.87666667,2018,10,30,30/10/2018,09/01/2018,2018,1,9
2330,Tanzania,Tanzania Coastal Region,Mtwara,Mtwara,39.736,-10.5887,ACTLTZ000528,NOT-1,ACPOTZ003713,NPK,32.7,2018,10,30,30/10/2018,09/01/2018,2018,1,9
2331,Tanzania,Tanzania Coastal Region,Mtwara,Mtwara,39.736,-10.5887,ACTLTZ000528,NOT-1,ACPOTZ003718,half_NPK,36.83333333,2018,10,30,30/10/2018,09/01/2018,2018,1,9
2332,Tanzania,Tanzania Coastal Region,Mtwara,Mtwara,39.736,-10.5887,ACTLTZ000528,NOT-1,ACPOTZ003711,CON,27,2018,10,30,30/10/2018,09/01/2018,2018,1,9
2333,Tanzania,Tanzania Coastal Region,Mtwara,Mtwara,39.736,-10.5887,ACTLTZ000528,NOT-1,ACPOTZ003716,NP,58.49666667,2018,10,30,30/10/2018,09/01/2018,2018,1,9
2334,Tanzania,Tanzania Coastal Region,Mtwara,Newala,39.3117,-10.6176,ACTLTZ000532,NOT-2,ACPOTZ003621,CON,12.99,2017,12,15,15/12/2017,15/01/2017,2017,1,15
2335,Tanzania,Tanzania Coastal Region,Mtwara,Newala,39.3117,-10.6176,ACTLTZ000532,NOT-2,ACPOTZ003625,NK,10.62,2017,12,15,15/12/2017,15/01/2017,2017,1,15
2336,Tanzania,Tanzania Coastal Region,Mtwara,Newala,39.3117,-10.6176,ACTLTZ000532,NOT-2,ACPOTZ003623,NPK,9.56,2017,12,15,15/12/2017,15/01/2017,2017,1,15
2337,Tanzania,Tanzania Coastal Region,Mtwara,Newala,39.3117,-10.6176,ACTLTZ000532,NOT-2,ACPOTZ003626,NP,10.62,2017,12,15,15/12/2017,15/01/2017,2017,1,15
2338,Tanzania,Tanzania Coastal Region,Mtwara,Newala,39.3117,-10.6176,ACTLTZ000532,NOT-2,ACPOTZ003624,PK,11.78,2017,12,15,15/12/2017,15/01/2017,2017,1,15
2339,Tanzania,Tanzania Coastal Region,Mtwara,Newala,39.3117,-10.6176,ACTLTZ000532,NOT-2,ACPOTZ003628,half_NPK,6.01,2017,12,15,15/12/2017,15/01/2017,2017,1,15
2340,Tanzania,Tanzania Coastal Region,Mtwara,Newala,39.3117,-10.6176,ACTLTZ000532,NOT-2,ACPOTZ003627,NPK_micro,5.88,2017,12,15,15/12/2017,15/01/2017,2017,1,15
2341,Tanzania,Tanzania Coastal Region,Mtwara,Newala,39.3117,-10.6176,ACTLTZ000532,NOT-2,ACPOTZ003622,NPK,14.08,2017,12,15,15/12/2017,15/01/2017,2017,1,15
2342,Tanzania,Tanzania Coastal Region,Mtwara,Newala,39.3126,-10.6208,ACTLTZ000535,NOT-2,ACPOTZ003637,NPK_micro,6.02,2017,12,15,15/12/2017,15/01/2017,2017,1,15
2343,Tanzania,Tanzania Coastal Region,Mtwara,Newala,39.3126,-10.6208,ACTLTZ000535,NOT-2,ACPOTZ003633,NPK,4.39,2017,12,15,15/12/2017,15/01/2017,2017,1,15
2344,Tanzania,Tanzania Coastal Region,Mtwara,Newala,39.3126,-10.6208,ACTLTZ000535,NOT-2,ACPOTZ003634,PK,10.08,2017,12,15,15/12/2017,15/01/2017,2017,1,15
2345,Tanzania,Tanzania Coastal Region,Mtwara,Newala,39.3126,-10.6208,ACTLTZ000535,NOT-2,ACPOTZ003632,NPK,9.3,2017,12,15,15/12/2017,15/01/2017,2017,1,15
2346,Tanzania,Tanzania Coastal Region,Mtwara,Newala,39.3126,-10.6208,ACTLTZ000535,NOT-2,ACPOTZ003636,NP,2.44,2017,12,15,15/12/2017,15/01/2017,2017,1,15
2347,Tanzania,Tanzania Coastal Region,Mtwara,Newala,39.3126,-10.6208,ACTLTZ000535,NOT-2,ACPOTZ003638,half_NPK,6,2017,12,15,15/12/2017,15/01/2017,2017,1,15
2348,Tanzania,Tanzania Coastal Region,Mtwara,Newala,39.3126,-10.6208,ACTLTZ000535,NOT-2,ACPOTZ003635,NK,2.94,2017,12,15,15/12/2017,15/01/2017,2017,1,15
2349,Tanzania,Tanzania Coastal Region,Mtwara,Newala,39.3126,-10.6208,ACTLTZ000535,NOT-2,ACPOTZ003631,CON,3.99,2017,12,15,15/12/2017,15/01/2017,2017,1,15
2350,Tanzania,Tanzania Coastal Region,Mtwara,Newala,39.3146,-10.6158,ACTLTZ000536,NOT-3,ACPOTZ019232,NPK,4.313333333,2018,10,6,06/10/2018,20/12/2017,2017,12,20
2351,Tanzania,Tanzania Coastal Region,Mtwara,Newala,39.3146,-10.6158,ACTLTZ000536,NOT-2,ACPOTZ003651,NP,2.54,2018,10,6,06/10/2018,20/12/2017,2017,12,20
2352,Tanzania,Tanzania Coastal Region,Mtwara,Newala,39.3146,-10.6158,ACTLTZ000536,NOT-2,ACPOTZ003649,PK,5.006666667,2018,10,6,06/10/2018,20/12/2017,2017,12,20
2353,Tanzania,Tanzania Coastal Region,Mtwara,Newala,39.3146,-10.6158,ACTLTZ000536,NOT-2,ACPOTZ003653,half_NPK,6.086666667,2018,10,6,06/10/2018,20/12/2017,2017,12,20
2354,Tanzania,Tanzania Coastal Region,Mtwara,Newala,39.3146,-10.6158,ACTLTZ000536,NOT-2,ACPOTZ003652,NPK_micro,1.226666667,2018,10,6,06/10/2018,20/12/2017,2017,12,20
2355,Tanzania,Tanzania Coastal Region,Mtwara,Newala,39.3146,-10.6158,ACTLTZ000536,NOT-2,ACPOTZ003647,NPK,7.333333333,2018,10,6,06/10/2018,20/12/2017,2017,12,20
2356,Tanzania,Tanzania Coastal Region,Mtwara,Newala,39.3146,-10.6158,ACTLTZ000536,NOT-2,ACPOTZ003650,NK,3.953333333,2018,10,6,06/10/2018,20/12/2017,2017,12,20
2357,Tanzania,Tanzania Coastal Region,Mtwara,Newala,39.3146,-10.6158,ACTLTZ000536,NOT-2,ACPOTZ003646,CON,5.34,2018,10,6,06/10/2018,20/12/2017,2017,12,20
2358,Tanzania,Tanzania Coastal Region,Mtwara,Newala,39.3145,-10.6158,ACTLTZ000537,NOT-2,ACPOTZ003662,NK,3.926666667,2018,10,10,10/10/2018,19/01/2018,2018,1,19
2359,Tanzania,Tanzania Coastal Region,Mtwara,Newala,39.3145,-10.6158,ACTLTZ000537,NOT-2,ACPOTZ003658,CON,3.94,2018,10,10,10/10/2018,19/01/2018,2018,1,19
2360,Tanzania,Tanzania Coastal Region,Mtwara,Newala,39.3145,-10.6158,ACTLTZ000537,NOT-2,ACPOTZ003663,NP,0.646666667,2018,10,10,10/10/2018,19/01/2018,2018,1,19
2361,Tanzania,Tanzania Coastal Region,Mtwara,Newala,39.3145,-10.6158,ACTLTZ000537,NOT-3,ACPOTZ019790,PK,2.04,2018,10,10,10/10/2018,19/01/2018,2018,1,19
2362,Tanzania,Tanzania Coastal Region,Mtwara,Newala,39.3145,-10.6158,ACTLTZ000537,NOT-2,ACPOTZ003664,NPK_micro,2.773333333,2018,10,10,10/10/2018,19/01/2018,2018,1,19
2363,Tanzania,Tanzania Coastal Region,Mtwara,Newala,39.3145,-10.6158,ACTLTZ000537,NOT-2,ACPOTZ003659,NPK,6.34,2018,10,10,10/10/2018,19/01/2018,2018,1,19
2364,Tanzania,Tanzania Coastal Region,Mtwara,Newala,39.3145,-10.6157,ACTLTZ000538,NOT-2,ACPOTZ003675,NP,0.146666667,2018,10,9,09/10/2018,20/12/2017,2017,12,20
2365,Tanzania,Tanzania Coastal Region,Mtwara,Newala,39.3145,-10.6157,ACTLTZ000538,NOT-2,ACPOTZ003670,CON,1.426666667,2018,10,9,09/10/2018,20/12/2017,2017,12,20
2366,Tanzania,Tanzania Coastal Region,Mtwara,Newala,39.3145,-10.6157,ACTLTZ000538,NOT-2,ACPOTZ003674,NK,3.62,2018,10,9,09/10/2018,20/12/2017,2017,12,20
2367,Tanzania,Tanzania Coastal Region,Mtwara,Newala,39.3145,-10.6157,ACTLTZ000538,NOT-2,ACPOTZ003673,PK,1.94,2018,10,9,09/10/2018,20/12/2017,2017,12,20
2368,Tanzania,Tanzania Coastal Region,Mtwara,Newala,39.3145,-10.6157,ACTLTZ000538,NOT-2,ACPOTZ003677,half_NPK,2.026666667,2018,10,9,09/10/2018,20/12/2017,2017,12,20
2369,Tanzania,Tanzania Coastal Region,Mtwara,Newala,39.3146,-10.6157,ACTLTZ000539,NOT-2,ACPOTZ003685,PK,4.96,2018,10,9,09/10/2018,20/12/2017,2017,12,20
2370,Tanzania,Tanzania Coastal Region,Mtwara,Newala,39.3146,-10.6157,ACTLTZ000539,NOT-3,ACPOTZ019786,NK,6.353333333,2018,10,9,09/10/2018,20/12/2017,2017,12,20
2371,Tanzania,Tanzania Coastal Region,Mtwara,Newala,39.3146,-10.6157,ACTLTZ000539,NOT-3,ACPOTZ019785,NP,2.006666667,2018,10,9,09/10/2018,20/12/2017,2017,12,20
2372,Tanzania,Tanzania Coastal Region,Mtwara,Newala,39.3146,-10.6157,ACTLTZ000539,NOT-2,ACPOTZ003684,NPK,3.539333333,2018,10,9,09/10/2018,20/12/2017,2017,12,20
2373,Tanzania,Tanzania Coastal Region,Mtwara,Newala,39.3146,-10.6157,ACTLTZ000539,NOT-2,ACPOTZ003683,NPK,4.253333333,2018,10,9,09/10/2018,20/12/2017,2017,12,20
2374,Tanzania,Tanzania Coastal Region,Mtwara,Newala,39.3146,-10.6157,ACTLTZ000539,NOT-3,ACPOTZ019788,half_NPK,1.226666667,2018,10,9,09/10/2018,20/12/2017,2017,12,20
2375,Tanzania,Tanzania Coastal Region,Mtwara,Newala,39.3146,-10.6157,ACTLTZ000539,NOT-2,ACPOTZ003682,CON,0.363333333,2018,10,9,09/10/2018,20/12/2017,2017,12,20
2376,Tanzania,Tanzania Coastal Region,Mtwara,Mtwara,39.7025,-10.5631,ACTLTZ000542,NOT-2,ACPOTZ003702,NP,12.31333333,2018,10,31,31/10/2018,09/01/2018,2018,1,9
2377,Tanzania,Tanzania Coastal Region,Mtwara,Mtwara,39.7025,-10.5631,ACTLTZ000542,NOT-2,ACPOTZ003700,PK,24.91333333,2018,10,31,31/10/2018,09/01/2018,2018,1,9
2378,Tanzania,Tanzania Coastal Region,Mtwara,Mtwara,39.7025,-10.5631,ACTLTZ000542,NOT-2,ACPOTZ003701,NK,17.17333333,2018,10,31,31/10/2018,09/01/2018,2018,1,9
2379,Tanzania,Tanzania Coastal Region,Mtwara,Mtwara,39.7025,-10.5631,ACTLTZ000542,NOT-2,ACPOTZ003703,NPK_micro,18.70666667,2018,10,31,31/10/2018,09/01/2018,2018,1,9
2380,Tanzania,Tanzania Coastal Region,Mtwara,Mtwara,39.7025,-10.5631,ACTLTZ000542,NOT-2,ACPOTZ003704,half_NPK,37.68666667,2018,10,31,31/10/2018,09/01/2018,2018,1,9
2381,Tanzania,Tanzania Coastal Region,Mtwara,Mtwara,39.7025,-10.5631,ACTLTZ000542,NOT-2,ACPOTZ003698,NPK,19.44,2018,10,31,31/10/2018,09/01/2018,2018,1,9
2382,Tanzania,Tanzania Coastal Region,Mtwara,Mtwara,39.7025,-10.5631,ACTLTZ000542,NOT-2,ACPOTZ003699,NPK,13.53333333,2018,10,31,31/10/2018,09/01/2018,2018,1,9
2383,Tanzania,Tanzania Coastal Region,Mtwara,Mtwara,39.7517,-10.5466,ACTLTZ000543,NOT-2,ACPOTZ003726,NK,6.77,2018,11,9,09/11/2018,16/01/2018,2018,1,16
2384,Tanzania,Tanzania Coastal Region,Mtwara,Mtwara,39.7517,-10.5466,ACTLTZ000543,NOT-2,ACPOTZ003728,NPK_micro,14.17,2018,11,9,09/11/2018,16/01/2018,2018,1,16
2385,Tanzania,Tanzania Coastal Region,Mtwara,Mtwara,39.7517,-10.5466,ACTLTZ000543,NOT-2,ACPOTZ003725,PK,20.11,2018,11,9,09/11/2018,16/01/2018,2018,1,16
2386,Tanzania,Tanzania Coastal Region,Mtwara,Mtwara,39.7517,-10.5466,ACTLTZ000543,NOT-2,ACPOTZ003724,NPK,20.73333333,2018,11,9,09/11/2018,16/01/2018,2018,1,16
2387,Tanzania,Tanzania Coastal Region,Mtwara,Mtwara,39.7517,-10.5466,ACTLTZ000543,NOT-2,ACPOTZ003727,NP,15.69666667,2018,11,9,09/11/2018,16/01/2018,2018,1,16
2388,Tanzania,Tanzania Coastal Region,Mtwara,Mtwara,39.7517,-10.5466,ACTLTZ000543,NOT-2,ACPOTZ019262,CON,7.493333333,2018,11,9,09/11/2018,16/01/2018,2018,1,16
2389,Tanzania,Tanzania Coastal Region,Mtwara,Mtwara,39.7517,-10.5466,ACTLTZ000543,NOT-2,ACPOTZ003723,NPK,12.64,2018,11,9,09/11/2018,16/01/2018,2018,1,16
2390,Tanzania,Tanzania Coastal Region,Mtwara,Mtwara,39.7517,-10.5466,ACTLTZ000543,NOT-2,ACPOTZ003729,half_NPK,8.61,2018,11,9,09/11/2018,16/01/2018,2018,1,16
2391,Tanzania,Tanzania Coastal Region,Mtwara,Mtwara,39.7816,-10.5438,ACTLTZ000551,NOT-1,ACPOTZ003788,NPK_micro,16.35333333,2018,10,30,30/10/2018,09/01/2018,2018,1,9
2392,Tanzania,Tanzania Coastal Region,Mtwara,Mtwara,39.7816,-10.5438,ACTLTZ000551,NOT-1,ACPOTZ003782,CON,13.87666667,2018,10,30,30/10/2018,09/01/2018,2018,1,9
2393,Tanzania,Tanzania Coastal Region,Mtwara,Mtwara,39.7816,-10.5438,ACTLTZ000551,NOT-1,ACPOTZ003786,NK,24.35333333,2018,10,30,30/10/2018,09/01/2018,2018,1,9
2394,Tanzania,Tanzania Coastal Region,Mtwara,Newala,39.4116,-10.836,ACTLTZ000574,NOT-1,ACPOTZ003959,NPK,15.86,2018,10,13,13/10/2018,22/01/2018,2018,1,22
2395,Tanzania,Tanzania Coastal Region,Mtwara,Newala,39.4116,-10.836,ACTLTZ000574,NOT-1,ACPOTZ003954,NP,19.01333333,2018,10,13,13/10/2018,22/01/2018,2018,1,22
2396,Tanzania,Tanzania Coastal Region,Mtwara,Newala,39.4116,-10.836,ACTLTZ000574,NOT-1,ACPOTZ003957,CON,13.32666667,2018,10,13,13/10/2018,22/01/2018,2018,1,22
2397,Tanzania,Tanzania Coastal Region,Mtwara,Newala,39.4116,-10.836,ACTLTZ000574,NOT-1,ACPOTZ003953,NK,18.41,2018,10,13,13/10/2018,22/01/2018,2018,1,22
2398,Tanzania,Tanzania Coastal Region,Mtwara,Newala,39.4116,-10.836,ACTLTZ000574,NOT-1,ACPOTZ003952,PK,16.92666667,2018,10,13,13/10/2018,22/01/2018,2018,1,22
2399,Tanzania,Tanzania Coastal Region,Mtwara,Newala,39.4116,-10.836,ACTLTZ000574,NOT-1,ACPOTZ019247,half_NPK,7.193333333,2018,10,13,13/10/2018,22/01/2018,2018,1,22
2400,Tanzania,Tanzania Coastal Region,Mtwara,Newala,39.4116,-10.836,ACTLTZ000574,NOT-1,ACPOTZ003958,NPK,7.133333333,2018,10,13,13/10/2018,22/01/2018,2018,1,22
2401,Tanzania,Tanzania Coastal Region,Mtwara,Tandahimba,39.4544,-10.8694,ACTLTZ000576,NOT-2,ACPOTZ003964,NPK,9.14,2018,10,15,15/10/2018,22/01/2018,2018,1,22
2402,Tanzania,Tanzania Coastal Region,Mtwara,Tandahimba,39.4544,-10.8694,ACTLTZ000576,NOT-2,ACPOTZ003965,NPK,17.52,2018,10,15,15/10/2018,22/01/2018,2018,1,22
2403,Tanzania,Tanzania Coastal Region,Mtwara,Tandahimba,39.485,-10.8788,ACTLTZ000578,NOT-2,ACPOTZ003984,NPK_micro,3.393333333,2018,10,14,14/10/2018,22/01/2018,2018,1,22
2404,Tanzania,Tanzania Coastal Region,Mtwara,Tandahimba,39.485,-10.8788,ACTLTZ000578,NOT-2,ACPOTZ003981,PK,11.03333333,2018,10,14,14/10/2018,22/01/2018,2018,1,22
2405,Tanzania,Tanzania Coastal Region,Mtwara,Tandahimba,39.485,-10.8788,ACTLTZ000578,NOT-2,ACPOTZ003979,NPK,12.08666667,2018,10,14,14/10/2018,22/01/2018,2018,1,22
2406,Tanzania,Tanzania Coastal Region,Mtwara,Tandahimba,39.485,-10.8788,ACTLTZ000578,NOT-2,ACPOTZ003983,NP,10.34666667,2018,10,14,14/10/2018,22/01/2018,2018,1,22
2407,Tanzania,Tanzania Coastal Region,Mtwara,Tandahimba,39.485,-10.8788,ACTLTZ000578,NOT-2,ACPOTZ003985,half_NPK,10.5,2018,10,14,14/10/2018,22/01/2018,2018,1,22
2408,Tanzania,Tanzania Coastal Region,Mtwara,Tandahimba,39.485,-10.8788,ACTLTZ000578,NOT-2,ACPOTZ003978,CON,1.786666667,2018,10,14,14/10/2018,22/01/2018,2018,1,22
2409,Tanzania,Tanzania Coastal Region,Mtwara,Tandahimba,39.485,-10.8788,ACTLTZ000578,NOT-2,ACPOTZ003982,NK,10.18,2018,10,14,14/10/2018,22/01/2018,2018,1,22
2410,Tanzania,Tanzania Coastal Region,Mtwara,Tandahimba,39.4851,-10.8788,ACTLTZ000579,NOT-3,ACPOTZ019798,NPK,11.95333333,2018,10,14,14/10/2018,24/01/2018,2018,1,24
2411,Tanzania,Tanzania Coastal Region,Mtwara,Tandahimba,39.4589,-10.8956,ACTLTZ000580,NOT-1,ACPOTZ003994,NPK,19.35333333,2018,10,14,14/10/2018,24/01/2018,2018,1,24
2412,Tanzania,Tanzania Coastal Region,Mtwara,Tandahimba,39.4589,-10.8956,ACTLTZ000580,NOT-1,ACPOTZ003999,NPK_micro,20.06666667,2018,10,14,14/10/2018,24/01/2018,2018,1,24
2413,Tanzania,Tanzania Coastal Region,Mtwara,Tandahimba,39.4589,-10.8956,ACTLTZ000580,NOT-1,ACPOTZ003995,NPK,19.18,2018,10,14,14/10/2018,24/01/2018,2018,1,24
2414,Tanzania,Tanzania Coastal Region,Mtwara,Tandahimba,39.4589,-10.8956,ACTLTZ000580,NOT-1,ACPOTZ003996,PK,9.376666667,2018,10,14,14/10/2018,24/01/2018,2018,1,24
2415,Tanzania,Tanzania Coastal Region,Mtwara,Tandahimba,39.4589,-10.8956,ACTLTZ000580,NOT-1,ACPOTZ003993,CON,14.15333333,2018,10,14,14/10/2018,24/01/2018,2018,1,24
2416,Tanzania,Tanzania Coastal Region,Mtwara,Tandahimba,39.4589,-10.8956,ACTLTZ000580,NOT-1,ACPOTZ003997,NK,23.59666667,2018,10,14,14/10/2018,24/01/2018,2018,1,24
2417,Tanzania,Tanzania Coastal Region,Mtwara,Newala,39.397,-10.8161,ACTLTZ000590,NOT-1,ACPOTZ004083,CON,7.7,2018,10,11,11/10/2018,17/01/2018,2018,1,17
2418,Tanzania,Tanzania Coastal Region,Mtwara,Newala,39.397,-10.8161,ACTLTZ000590,NOT-1,ACPOTZ004090,half_NPK,16.04,2018,10,11,11/10/2018,17/01/2018,2018,1,17
2419,Tanzania,Tanzania Coastal Region,Mtwara,Newala,39.397,-10.8161,ACTLTZ000590,NOT-1,ACPOTZ004087,NK,18.15333333,2018,10,11,11/10/2018,17/01/2018,2018,1,17
2420,Tanzania,Tanzania Coastal Region,Mtwara,Newala,39.397,-10.8161,ACTLTZ000590,NOT-1,ACPOTZ019235,NPK,19.02,2018,10,11,11/10/2018,17/01/2018,2018,1,17
2421,Tanzania,Tanzania Coastal Region,Mtwara,Newala,39.397,-10.8161,ACTLTZ000590,NOT-1,ACPOTZ004089,NPK_micro,22.68666667,2018,10,11,11/10/2018,17/01/2018,2018,1,17
2422,Tanzania,Tanzania Coastal Region,Mtwara,Newala,39.397,-10.8161,ACTLTZ000590,NOT-1,ACPOTZ019234,NPK,10.26,2018,10,11,11/10/2018,17/01/2018,2018,1,17
2423,Tanzania,Tanzania Coastal Region,Mtwara,Newala,39.397,-10.8161,ACTLTZ000590,NOT-1,ACPOTZ004086,PK,14.52666667,2018,10,11,11/10/2018,17/01/2018,2018,1,17
2424,Tanzania,Tanzania Coastal Region,Mtwara,Newala,39.3983,-10.8257,ACTLTZ000592,NOT-2,ACPOTZ004077,NPK_micro,16.48666667,2018,10,12,12/10/2018,17/01/2018,2018,1,17
2425,Tanzania,Tanzania Coastal Region,Mtwara,Newala,39.3983,-10.8257,ACTLTZ000592,NOT-3,ACPOTZ019240,NK,17.44,2018,10,12,12/10/2018,17/01/2018,2018,1,17
2426,Tanzania,Tanzania Coastal Region,Mtwara,Newala,39.3983,-10.8257,ACTLTZ000592,NOT-3,ACPOTZ019239,PK,9.986666667,2018,10,12,12/10/2018,17/01/2018,2018,1,17
2427,Tanzania,Tanzania Coastal Region,Mtwara,Newala,39.3983,-10.8257,ACTLTZ000592,NOT-2,ACPOTZ004076,NP,5.093333333,2018,10,12,12/10/2018,17/01/2018,2018,1,17
2428,Tanzania,Tanzania Coastal Region,Mtwara,Newala,39.3983,-10.8257,ACTLTZ000592,NOT-3,ACPOTZ019238,half_NPK,7.403333333,2018,10,12,12/10/2018,17/01/2018,2018,1,17
2429,Tanzania,Tanzania Coastal Region,Mtwara,Newala,39.4115,-10.7019,ACTLTZ000597,NOT-3,ACPOTZ019226,NP,4.726666667,2018,10,4,04/10/2018,07/01/2018,2018,1,7
2430,Tanzania,Tanzania Coastal Region,Lindi,Nachingwea,38.8503,-10.5332,ACTLTZ000625,NOT-1,ACPOTZ019835,CON,6.36,2018,11,8,08/11/2018,20/01/2018,2018,1,20
2431,Tanzania,Tanzania Coastal Region,Lindi,Nachingwea,38.8503,-10.5332,ACTLTZ000625,NOT-1,ACPOTZ019838,NP,1.973333333,2018,11,8,08/11/2018,20/01/2018,2018,1,20
2432,Tanzania,Tanzania Coastal Region,Lindi,Nachingwea,38.8503,-10.5332,ACTLTZ000625,NOT-1,ACPOTZ019841,half_NPK,14.84666667,2018,11,8,08/11/2018,20/01/2018,2018,1,20
2433,Tanzania,Tanzania Coastal Region,Lindi,Nachingwea,38.8503,-10.5332,ACTLTZ000625,NOT-1,ACPOTZ019839,PK,8.733333333,2018,11,8,08/11/2018,20/01/2018,2018,1,20
2434,Tanzania,Tanzania Coastal Region,Lindi,Nachingwea,38.8503,-10.5332,ACTLTZ000625,NOT-1,ACPOTZ019837,NK,0,2018,11,8,08/11/2018,20/01/2018,2018,1,20
2435,Tanzania,Tanzania Coastal Region,Lindi,Nachingwea,38.8503,-10.5332,ACTLTZ000625,NOT-1,ACPOTZ019840,NPK_micro,13.52,2018,11,8,08/11/2018,20/01/2018,2018,1,20
2436,Tanzania,Tanzania Lake Region,Kagera,Biharamulo,31.6874,-2.8147,ACTLTZ000642,NOT-1,ACPOTZ005171,NK,6.66,2017,11,20,20/11/2017,31/10/2016,2016,10,31
2437,Tanzania,Tanzania Lake Region,Kagera,Biharamulo,31.6874,-2.8147,ACTLTZ000642,NOT-1,ACPOTZ005164,half_NPK,9.71,2017,11,20,20/11/2017,31/10/2016,2016,10,31
2438,Tanzania,Tanzania Lake Region,Kagera,Biharamulo,31.6874,-2.8147,ACTLTZ000642,NOT-1,ACPOTZ005182,NPK,8.27,2017,11,20,20/11/2017,31/10/2016,2016,10,31
2439,Tanzania,Tanzania Lake Region,Kagera,Biharamulo,31.6874,-2.8147,ACTLTZ000642,NOT-1,ACPOTZ005161,NPK_micro,8.915,2017,11,20,20/11/2017,31/10/2016,2016,10,31
2440,Tanzania,Tanzania Lake Region,Kagera,Biharamulo,31.6874,-2.8147,ACTLTZ000642,NOT-1,ACPOTZ005658,PK,6.2,2017,11,20,20/11/2017,31/10/2016,2016,10,31
2441,Tanzania,Tanzania Lake Region,Kagera,Biharamulo,31.6874,-2.8147,ACTLTZ000642,NOT-1,ACPOTZ005181,NPK,12.095,2017,11,20,20/11/2017,31/10/2016,2016,10,31
2442,Tanzania,Tanzania Lake Region,Kagera,Biharamulo,31.6874,-2.8147,ACTLTZ000642,NOT-1,ACPOTZ005162,NP,11.485,2017,11,20,20/11/2017,31/10/2016,2016,10,31
2443,Tanzania,Tanzania Lake Region,Kagera,Biharamulo,31.6874,-2.8147,ACTLTZ000642,NOT-1,ACPOTZ005677,CON,14.04,2017,11,20,20/11/2017,31/10/2016,2016,10,31
2444,Tanzania,Tanzania Lake Region,Mwanza,Sengerema,32.8051,-2.8391,ACTLTZ000643,NOT-2,ACPOTZ005755,NP,9.94,2017,12,4,04/12/2017,31/10/2016,2016,10,31
2445,Tanzania,Tanzania Lake Region,Kagera,Biharamulo,31.556,-2.8786,ACTLTZ000645,NOT-2,ACPOTZ005283,NPK,18,2017,11,23,23/11/2017,31/10/2016,2016,10,31
2446,Tanzania,Tanzania Lake Region,Kagera,Biharamulo,31.556,-2.8786,ACTLTZ000645,NOT-2,ACPOTZ004946,NPK,13.57,2017,11,23,23/11/2017,31/10/2016,2016,10,31
2447,Tanzania,Tanzania Lake Region,Kagera,Biharamulo,31.556,-2.8786,ACTLTZ000645,NOT-2,ACPOTZ005183,NP,6.855,2017,11,23,23/11/2017,31/10/2016,2016,10,31
2448,Tanzania,Tanzania Lake Region,Kagera,Biharamulo,31.556,-2.8786,ACTLTZ000645,NOT-2,ACPOTZ005193,half_NPK,8.305,2017,11,23,23/11/2017,31/10/2016,2016,10,31
2449,Tanzania,Tanzania Lake Region,Kagera,Biharamulo,31.556,-2.8786,ACTLTZ000645,NOT-2,ACPOTZ005191,NPK_micro,4.33,2017,11,23,23/11/2017,31/10/2016,2016,10,31
2450,Tanzania,Tanzania Lake Region,Kagera,Biharamulo,31.556,-2.8786,ACTLTZ000645,NOT-2,ACPOTZ005155,NK,6.16,2017,11,23,23/11/2017,31/10/2016,2016,10,31
2451,Tanzania,Tanzania Lake Region,Kagera,Biharamulo,31.556,-2.8786,ACTLTZ000645,NOT-2,ACPOTZ004885,PK,6.13,2017,11,23,23/11/2017,31/10/2016,2016,10,31
2452,Tanzania,Tanzania Lake Region,Kagera,Biharamulo,31.556,-2.8786,ACTLTZ000645,NOT-2,ACPOTZ004875,CON,5.65,2017,11,23,23/11/2017,31/10/2016,2016,10,31
2453,Tanzania,Tanzania Lake Region,Mwanza,Sengerema,32.1129,-2.447,ACTLTZ000646,NOT-2,ACPOTZ005655,half_NPK,15.65,2017,11,27,27/11/2017,31/10/2016,2016,10,31
2454,Tanzania,Tanzania Lake Region,Mwanza,Sengerema,32.1129,-2.447,ACTLTZ000646,NOT-2,ACPOTZ005180,PK,15.1,2017,11,27,27/11/2017,31/10/2016,2016,10,31
2455,Tanzania,Tanzania Lake Region,Mwanza,Sengerema,32.1129,-2.447,ACTLTZ000646,NOT-2,ACPOTZ005675,NPK,7.65,2017,11,27,27/11/2017,31/10/2016,2016,10,31
2456,Tanzania,Tanzania Lake Region,Mwanza,Sengerema,32.1129,-2.447,ACTLTZ000646,NOT-2,ACPOTZ005187,NPK_micro,16.5,2017,11,27,27/11/2017,31/10/2016,2016,10,31
2457,Tanzania,Tanzania Lake Region,Mwanza,Sengerema,32.1129,-2.447,ACTLTZ000646,NOT-2,ACPOTZ005216,NPK,7.35,2017,11,27,27/11/2017,31/10/2016,2016,10,31
2458,Tanzania,Tanzania Lake Region,Mwanza,Sengerema,32.1129,-2.447,ACTLTZ000646,NOT-2,ACPOTZ005663,NK,12.4,2017,11,27,27/11/2017,31/10/2016,2016,10,31
2459,Tanzania,Tanzania Lake Region,Mwanza,Sengerema,32.1129,-2.447,ACTLTZ000646,NOT-2,ACPOTZ005157,NP,12.95,2017,11,27,27/11/2017,31/10/2016,2016,10,31
2460,Tanzania,Tanzania Lake Region,Mwanza,Sengerema,32.1129,-2.447,ACTLTZ000646,NOT-2,ACPOTZ005664,CON,11.47,2017,11,27,27/11/2017,31/10/2016,2016,10,31
2461,Tanzania,Tanzania Lake Region,Kagera,Biharamulo,31.4677,-2.7881,ACTLTZ000647,NOT-2,ACPOTZ005205,PK,7.01,2017,11,26,26/11/2017,31/10/2016,2016,10,31
2462,Tanzania,Tanzania Lake Region,Kagera,Biharamulo,31.4677,-2.7881,ACTLTZ000647,NOT-2,ACPOTZ005206,NPK,8.035,2017,11,26,26/11/2017,31/10/2016,2016,10,31
2463,Tanzania,Tanzania Lake Region,Kagera,Biharamulo,31.4677,-2.7881,ACTLTZ000647,NOT-2,ACPOTZ005170,half_NPK,4.595,2017,11,26,26/11/2017,31/10/2016,2016,10,31
2464,Tanzania,Tanzania Lake Region,Kagera,Biharamulo,31.4677,-2.7881,ACTLTZ000647,NOT-2,ACPOTZ005197,NPK_micro,4.65,2017,11,26,26/11/2017,31/10/2016,2016,10,31
2465,Tanzania,Tanzania Lake Region,Kagera,Biharamulo,31.4677,-2.7881,ACTLTZ000647,NOT-2,ACPOTZ005666,CON,4.67,2017,11,26,26/11/2017,31/10/2016,2016,10,31
2466,Tanzania,Tanzania Lake Region,Kagera,Biharamulo,31.4677,-2.7881,ACTLTZ000647,NOT-2,ACPOTZ005190,NP,4.0175,2017,11,26,26/11/2017,31/10/2016,2016,10,31
2467,Tanzania,Tanzania Lake Region,Kagera,Biharamulo,31.4677,-2.7881,ACTLTZ000647,NOT-2,ACPOTZ005160,NK,7.32,2017,11,26,26/11/2017,31/10/2016,2016,10,31
2468,Tanzania,Tanzania Lake Region,Kagera,Biharamulo,31.4678,-2.7883,ACTLTZ000648,NOT-2,ACPOTZ005167,NPK,2.58,2017,11,26,26/11/2017,31/10/2016,2016,10,31
2469,Tanzania,Tanzania Lake Region,Kagera,Biharamulo,31.4678,-2.7883,ACTLTZ000648,NOT-2,ACPOTZ005159,half_NPK,4.57,2017,11,26,26/11/2017,31/10/2016,2016,10,31
2470,Tanzania,Tanzania Lake Region,Kagera,Biharamulo,31.4678,-2.7883,ACTLTZ000648,NOT-2,ACPOTZ005652,NPK,4.3725,2017,11,26,26/11/2017,31/10/2016,2016,10,31
2471,Tanzania,Tanzania Lake Region,Kagera,Biharamulo,31.4678,-2.7883,ACTLTZ000648,NOT-2,ACPOTZ005654,NK,2.0275,2017,11,26,26/11/2017,31/10/2016,2016,10,31
2472,Tanzania,Tanzania Lake Region,Kagera,Biharamulo,31.4678,-2.7883,ACTLTZ000648,NOT-2,ACPOTZ005177,CON,2.815,2017,11,26,26/11/2017,31/10/2016,2016,10,31
2473,Tanzania,Tanzania Lake Region,Kagera,Biharamulo,31.4678,-2.7883,ACTLTZ000648,NOT-2,ACPOTZ005198,NPK_micro,3.3325,2017,11,26,26/11/2017,31/10/2016,2016,10,31
2474,Tanzania,Tanzania Lake Region,Kagera,Biharamulo,31.4678,-2.7883,ACTLTZ000648,NOT-2,ACPOTZ005163,NP,4.93,2017,11,26,26/11/2017,31/10/2016,2016,10,31
2475,Tanzania,Tanzania Lake Region,Kagera,Biharamulo,31.4678,-2.7883,ACTLTZ000648,NOT-2,ACPOTZ005203,PK,4.055,2017,11,26,26/11/2017,31/10/2016,2016,10,31
2476,Tanzania,Tanzania Lake Region,Geita,Chato,31.5766,-2.9142,ACTLTZ000649,NOT-1,ACPOTZ005743,half_NPK,4.15,2017,11,21,21/11/2017,31/10/2016,2016,10,31
2477,Tanzania,Tanzania Lake Region,Geita,Chato,31.5766,-2.9142,ACTLTZ000649,NOT-1,ACPOTZ005771,NPK,4.09,2017,11,21,21/11/2017,31/10/2016,2016,10,31
2478,Tanzania,Tanzania Lake Region,Geita,Chato,31.5766,-2.9142,ACTLTZ000649,NOT-1,ACPOTZ005752,CON,2.635,2017,11,21,21/11/2017,31/10/2016,2016,10,31
2479,Tanzania,Tanzania Lake Region,Geita,Chato,31.5766,-2.9142,ACTLTZ000649,NOT-1,ACPOTZ005742,PK,13.14,2017,11,21,21/11/2017,31/10/2016,2016,10,31
2480,Tanzania,Tanzania Lake Region,Geita,Chato,31.5766,-2.9142,ACTLTZ000649,NOT-1,ACPOTZ005781,NPK,3.29,2017,11,21,21/11/2017,31/10/2016,2016,10,31
2481,Tanzania,Tanzania Lake Region,Geita,Chato,31.5766,-2.9142,ACTLTZ000649,NOT-1,ACPOTZ005759,NP,3.8,2017,11,21,21/11/2017,31/10/2016,2016,10,31
2482,Tanzania,Tanzania Lake Region,Kagera,Biharamulo,31.5561,-2.8785,ACTLTZ000653,NOT-2,ACPOTZ005798,NP,6.24,2017,11,24,24/11/2017,31/10/2016,2016,10,31
2483,Tanzania,Tanzania Lake Region,Kagera,Biharamulo,31.5561,-2.8785,ACTLTZ000653,NOT-2,ACPOTZ004940,NPK,5.815,2017,11,24,24/11/2017,31/10/2016,2016,10,31
2484,Tanzania,Tanzania Lake Region,Kagera,Biharamulo,31.5561,-2.8785,ACTLTZ000653,NOT-2,ACPOTZ004942,PK,5.325,2017,11,24,24/11/2017,31/10/2016,2016,10,31
2485,Tanzania,Tanzania Lake Region,Kagera,Biharamulo,31.5561,-2.8785,ACTLTZ000653,NOT-2,ACPOTZ005711,NPK,17.215,2017,11,24,24/11/2017,31/10/2016,2016,10,31
2486,Tanzania,Tanzania Lake Region,Kagera,Biharamulo,31.5561,-2.8785,ACTLTZ000653,NOT-2,ACPOTZ004872,CON,3.005,2017,11,24,24/11/2017,31/10/2016,2016,10,31
2487,Tanzania,Tanzania Lake Region,Kagera,Biharamulo,31.5561,-2.8785,ACTLTZ000653,NOT-2,ACPOTZ007050,half_NPK,9.8,2017,11,24,24/11/2017,31/10/2016,2016,10,31
2488,Tanzania,Tanzania Lake Region,Kagera,Biharamulo,31.5561,-2.8785,ACTLTZ000653,NOT-2,ACPOTZ005818,NK,4.09,2017,11,24,24/11/2017,31/10/2016,2016,10,31
2489,Tanzania,Tanzania Lake Region,Kagera,Biharamulo,31.5561,-2.8785,ACTLTZ000653,NOT-2,ACPOTZ005745,NPK_micro,11.85,2017,11,24,24/11/2017,31/10/2016,2016,10,31
2490,Tanzania,Tanzania Lake Region,Mwanza,Sengerema,32.5909,-2.5634,ACTLTZ000660,NOT-2,ACPOTZ005712,NPK,32.715,2017,12,3,03/12/2017,31/10/2016,2016,10,31
2491,Tanzania,Tanzania Lake Region,Mwanza,Sengerema,32.5909,-2.5634,ACTLTZ000660,NOT-2,ACPOTZ005703,NPK,10.435,2017,12,3,03/12/2017,31/10/2016,2016,10,31
2492,Tanzania,Tanzania Lake Region,Mwanza,Sengerema,32.5909,-2.5634,ACTLTZ000660,NOT-2,ACPOTZ005705,NPK_micro,12.4,2017,12,3,03/12/2017,31/10/2016,2016,10,31
2493,Tanzania,Tanzania Lake Region,Mwanza,Sengerema,32.5909,-2.5634,ACTLTZ000660,NOT-2,ACPOTZ005192,half_NPK,17.7,2017,12,3,03/12/2017,31/10/2016,2016,10,31
2494,Tanzania,Tanzania Lake Region,Mwanza,Sengerema,32.5909,-2.5634,ACTLTZ000660,NOT-2,ACPOTZ005694,NP,32.755,2017,12,3,03/12/2017,31/10/2016,2016,10,31
2495,Tanzania,Tanzania Lake Region,Mwanza,Sengerema,32.5909,-2.5634,ACTLTZ000660,NOT-2,ACPOTZ005152,CON,21.215,2017,12,3,03/12/2017,31/10/2016,2016,10,31
2496,Tanzania,Tanzania Lake Region,Mwanza,Sengerema,32.1093,-2.4597,ACTLTZ000663,NOT-2,ACPOTZ005720,NPK_micro,14.62,2017,11,28,28/11/2017,31/10/2016,2016,10,31
2497,Tanzania,Tanzania Lake Region,Mwanza,Sengerema,32.1093,-2.4597,ACTLTZ000663,NOT-2,ACPOTZ005692,NP,15.64,2017,11,28,28/11/2017,31/10/2016,2016,10,31
2498,Tanzania,Tanzania Lake Region,Mwanza,Sengerema,32.1093,-2.4597,ACTLTZ000663,NOT-2,ACPOTZ005766,NK,22.13,2017,11,28,28/11/2017,31/10/2016,2016,10,31
2499,Tanzania,Tanzania Lake Region,Mwanza,Sengerema,32.1093,-2.4597,ACTLTZ000663,NOT-2,ACPOTZ005767,NPK,15.31,2017,11,28,28/11/2017,31/10/2016,2016,10,31
2500,Tanzania,Tanzania Lake Region,Mwanza,Sengerema,32.1093,-2.4597,ACTLTZ000663,NOT-2,ACPOTZ004421,half_NPK,12.87,2017,11,28,28/11/2017,31/10/2016,2016,10,31
2501,Tanzania,Tanzania Lake Region,Mwanza,Sengerema,32.1093,-2.4597,ACTLTZ000663,NOT-2,ACPOTZ005790,CON,12.93,2017,11,28,28/11/2017,31/10/2016,2016,10,31
2502,Tanzania,Tanzania Lake Region,Mwanza,Sengerema,32.1093,-2.4597,ACTLTZ000663,NOT-2,ACPOTZ005776,PK,20.76,2017,11,28,28/11/2017,31/10/2016,2016,10,31
2503,Tanzania,Tanzania Lake Region,Mwanza,Sengerema,32.8008,-2.8396,ACTLTZ000664,NOT-2,ACPOTZ005768,CON,12.1,2017,12,6,06/12/2017,31/10/2016,2016,10,31
2504,Tanzania,Tanzania Lake Region,Mwanza,Sengerema,32.8008,-2.8396,ACTLTZ000664,NOT-2,ACPOTZ005747,NPK_micro,13.125,2017,12,6,06/12/2017,31/10/2016,2016,10,31
2505,Tanzania,Tanzania Lake Region,Mwanza,Sengerema,32.8008,-2.8396,ACTLTZ000664,NOT-2,ACPOTZ005786,half_NPK,7.415,2017,12,6,06/12/2017,31/10/2016,2016,10,31
2506,Tanzania,Tanzania Lake Region,Mwanza,Sengerema,32.8008,-2.8396,ACTLTZ000664,NOT-2,ACPOTZ005753,NK,7.75,2017,12,6,06/12/2017,31/10/2016,2016,10,31
2507,Tanzania,Tanzania Lake Region,Mwanza,Sengerema,32.8008,-2.8396,ACTLTZ000664,NOT-2,ACPOTZ005758,NPK,7.14,2017,12,6,06/12/2017,31/10/2016,2016,10,31
2508,Tanzania,Tanzania Lake Region,Mwanza,Sengerema,32.8008,-2.8396,ACTLTZ000664,NOT-2,ACPOTZ005749,PK,9,2017,12,6,06/12/2017,31/10/2016,2016,10,31
2509,Tanzania,Tanzania Lake Region,Mwanza,Sengerema,32.8008,-2.8396,ACTLTZ000664,NOT-2,ACPOTZ005788,NP,14.2,2017,12,6,06/12/2017,31/10/2016,2016,10,31
2510,Tanzania,Tanzania Lake Region,Kagera,Biharamulo,31.5688,-2.9165,ACTLTZ000669,NOT-2,ACPOTZ007094,NPK_micro,5.95,2017,11,21,21/11/2017,31/10/2016,2016,10,31
2511,Tanzania,Tanzania Lake Region,Kagera,Biharamulo,31.5688,-2.9165,ACTLTZ000669,NOT-2,ACPOTZ007079,NK,2.895,2017,11,21,21/11/2017,31/10/2016,2016,10,31
2512,Tanzania,Tanzania Lake Region,Kagera,Biharamulo,31.5688,-2.9165,ACTLTZ000669,NOT-2,ACPOTZ007055,half_NPK,4.2,2017,11,21,21/11/2017,31/10/2016,2016,10,31
2513,Tanzania,Tanzania Lake Region,Kagera,Biharamulo,31.5688,-2.9165,ACTLTZ000669,NOT-2,ACPOTZ007069,NPK,7.45,2017,11,21,21/11/2017,31/10/2016,2016,10,31
2514,Tanzania,Tanzania Lake Region,Kagera,Biharamulo,31.5688,-2.9165,ACTLTZ000669,NOT-2,ACPOTZ007064,CON,10.35,2017,11,21,21/11/2017,31/10/2016,2016,10,31
2515,Tanzania,Tanzania Lake Region,Kagera,Biharamulo,31.5688,-2.9165,ACTLTZ000669,NOT-2,ACPOTZ007089,PK,6.715,2017,11,21,21/11/2017,31/10/2016,2016,10,31
2516,Tanzania,Tanzania Lake Region,Kagera,Biharamulo,31.5688,-2.9165,ACTLTZ000669,NOT-2,ACPOTZ007095,NP,3.935,2017,11,21,21/11/2017,31/10/2016,2016,10,31
2517,Tanzania,Tanzania Lake Region,Mwanza,Sengerema,32.1093,-2.4597,ACTLTZ000670,NOT-2,ACPOTZ007058,NPK,6.955,2017,11,28,28/11/2017,31/10/2016,2016,10,31
2518,Tanzania,Tanzania Lake Region,Mwanza,Sengerema,32.1093,-2.4597,ACTLTZ000670,NOT-2,ACPOTZ007088,NK,7.985,2017,11,28,28/11/2017,31/10/2016,2016,10,31
2519,Tanzania,Tanzania Lake Region,Mwanza,Sengerema,32.1093,-2.4597,ACTLTZ000670,NOT-2,ACPOTZ007068,NPK,10.775,2017,11,28,28/11/2017,31/10/2016,2016,10,31
2520,Tanzania,Tanzania Lake Region,Mwanza,Sengerema,32.1093,-2.4597,ACTLTZ000670,NOT-2,ACPOTZ007097,half_NPK,11.865,2017,11,28,28/11/2017,31/10/2016,2016,10,31
2521,Tanzania,Tanzania Lake Region,Mwanza,Sengerema,32.1093,-2.4597,ACTLTZ000670,NOT-2,ACPOTZ007077,CON,11.165,2017,11,28,28/11/2017,31/10/2016,2016,10,31
2522,Tanzania,Tanzania Lake Region,Mwanza,Sengerema,32.1093,-2.4597,ACTLTZ000670,NOT-2,ACPOTZ007078,PK,19.85,2017,11,28,28/11/2017,31/10/2016,2016,10,31
2523,Tanzania,Tanzania Lake Region,Mwanza,Sengerema,32.1093,-2.4597,ACTLTZ000670,NOT-2,ACPOTZ007076,NPK_micro,20.715,2017,11,28,28/11/2017,31/10/2016,2016,10,31
2524,Tanzania,Tanzania Lake Region,Mwanza,Sengerema,32.1093,-2.4597,ACTLTZ000670,NOT-2,ACPOTZ007086,NP,5.655,2017,11,28,28/11/2017,31/10/2016,2016,10,31
2525,Tanzania,Tanzania Lake Region,Kagera,Biharamulo,31.5515,-2.8694,ACTLTZ000672,NOT-2,ACPOTZ007121,PK,10.36,2017,11,21,21/11/2017,31/10/2016,2016,10,31
2526,Tanzania,Tanzania Lake Region,Kagera,Biharamulo,31.5515,-2.8694,ACTLTZ000672,NOT-2,ACPOTZ007102,NPK,4.15,2017,11,21,21/11/2017,31/10/2016,2016,10,31
2527,Tanzania,Tanzania Lake Region,Kagera,Biharamulo,31.5515,-2.8694,ACTLTZ000672,NOT-2,ACPOTZ007133,CON,5.08,2017,11,21,21/11/2017,31/10/2016,2016,10,31
2528,Tanzania,Tanzania Lake Region,Kagera,Biharamulo,31.5515,-2.8694,ACTLTZ000672,NOT-2,ACPOTZ005811,NPK_micro,9.2,2017,11,21,21/11/2017,31/10/2016,2016,10,31
2529,Tanzania,Tanzania Lake Region,Kagera,Biharamulo,31.5515,-2.8694,ACTLTZ000672,NOT-2,ACPOTZ007112,NPK,12.495,2017,11,21,21/11/2017,31/10/2016,2016,10,31
2530,Tanzania,Tanzania Lake Region,Kagera,Biharamulo,31.5515,-2.8694,ACTLTZ000672,NOT-2,ACPOTZ005821,NP,15.55,2017,11,21,21/11/2017,31/10/2016,2016,10,31
2531,Tanzania,Tanzania Lake Region,Kagera,Biharamulo,31.5515,-2.8694,ACTLTZ000672,NOT-2,ACPOTZ007060,half_NPK,8.75,2017,11,21,21/11/2017,31/10/2016,2016,10,31
2532,Tanzania,Tanzania Lake Region,Kagera,Biharamulo,31.5515,-2.8694,ACTLTZ000672,NOT-2,ACPOTZ007070,NK,7.64,2017,11,21,21/11/2017,31/10/2016,2016,10,31
2533,Tanzania,Tanzania Lake Region,Mwanza,Sengerema,32.5892,-2.5653,ACTLTZ000673,NOT-1,ACPOTZ007156,NPK,32.86,2017,12,3,03/12/2017,31/10/2016,2016,10,31
2534,Tanzania,Tanzania Lake Region,Mwanza,Sengerema,32.5892,-2.5653,ACTLTZ000673,NOT-1,ACPOTZ007247,NPK_micro,19.12,2017,12,3,03/12/2017,31/10/2016,2016,10,31
2535,Tanzania,Tanzania Lake Region,Mwanza,Sengerema,32.5892,-2.5653,ACTLTZ000673,NOT-1,ACPOTZ007237,half_NPK,20.2,2017,12,3,03/12/2017,31/10/2016,2016,10,31
2536,Tanzania,Tanzania Lake Region,Mwanza,Sengerema,32.5892,-2.5653,ACTLTZ000673,NOT-1,ACPOTZ007195,NP,33.15,2017,12,3,03/12/2017,31/10/2016,2016,10,31
2537,Tanzania,Tanzania Lake Region,Mwanza,Sengerema,32.5892,-2.5653,ACTLTZ000673,NOT-1,ACPOTZ007176,PK,29,2017,12,3,03/12/2017,31/10/2016,2016,10,31
2538,Tanzania,Tanzania Lake Region,Mwanza,Sengerema,32.5892,-2.5653,ACTLTZ000673,NOT-1,ACPOTZ007196,NPK,32.25,2017,12,3,03/12/2017,31/10/2016,2016,10,31
2539,Tanzania,Tanzania Lake Region,Mwanza,Sengerema,32.5892,-2.5653,ACTLTZ000673,NOT-1,ACPOTZ007166,CON,26.815,2017,12,3,03/12/2017,31/10/2016,2016,10,31
2540,Tanzania,Tanzania Lake Region,Mwanza,Sengerema,32.5892,-2.5653,ACTLTZ000673,NOT-1,ACPOTZ007186,NK,12.95,2017,12,3,03/12/2017,31/10/2016,2016,10,31
2541,Tanzania,Tanzania Lake Region,Mwanza,Sengerema,32.1109,-2.4639,ACTLTZ000676,NOT-1,ACPOTZ007233,PK,25.1,2017,11,27,27/11/2017,31/10/2016,2016,10,31
2542,Tanzania,Tanzania Lake Region,Mwanza,Sengerema,32.1109,-2.4639,ACTLTZ000676,NOT-1,ACPOTZ007222,NPK_micro,29.8,2017,11,27,27/11/2017,31/10/2016,2016,10,31
2543,Tanzania,Tanzania Lake Region,Mwanza,Sengerema,32.1109,-2.4639,ACTLTZ000676,NOT-1,ACPOTZ007174,NPK,60.8,2017,11,27,27/11/2017,31/10/2016,2016,10,31
2544,Tanzania,Tanzania Lake Region,Mwanza,Sengerema,32.1109,-2.4639,ACTLTZ000676,NOT-1,ACPOTZ007184,CON,35,2017,11,27,27/11/2017,31/10/2016,2016,10,31
2545,Tanzania,Tanzania Lake Region,Mwanza,Sengerema,32.1109,-2.4639,ACTLTZ000676,NOT-1,ACPOTZ007164,NPK,19.9,2017,11,27,27/11/2017,31/10/2016,2016,10,31
2546,Tanzania,Tanzania Lake Region,Mwanza,Sengerema,32.1109,-2.4639,ACTLTZ000676,NOT-1,ACPOTZ007232,NP,31,2017,11,27,27/11/2017,31/10/2016,2016,10,31
2547,Tanzania,Tanzania Lake Region,Mwanza,Sengerema,32.1109,-2.4639,ACTLTZ000676,NOT-1,ACPOTZ007244,NK,35.55,2017,11,27,27/11/2017,31/10/2016,2016,10,31
2548,Tanzania,Tanzania Lake Region,Mwanza,Sengerema,32.1109,-2.4639,ACTLTZ000676,NOT-1,ACPOTZ007212,half_NPK,47.5,2017,11,27,27/11/2017,31/10/2016,2016,10,31
2549,Tanzania,Tanzania Lake Region,Kagera,Biharamulo,31.4829,-2.7471,ACTLTZ000680,NOT-2,ACPOTZ007206,NPK_micro,5.535,2017,11,20,20/11/2017,31/10/2016,2016,10,31
2550,Tanzania,Tanzania Lake Region,Kagera,Biharamulo,31.4829,-2.7471,ACTLTZ000680,NOT-2,ACPOTZ007187,NP,6.5,2017,11,20,20/11/2017,31/10/2016,2016,10,31
2551,Tanzania,Tanzania Lake Region,Kagera,Biharamulo,31.4829,-2.7471,ACTLTZ000680,NOT-2,ACPOTZ007205,NPK,6.52,2017,11,20,20/11/2017,31/10/2016,2016,10,31
2552,Tanzania,Tanzania Lake Region,Kagera,Biharamulo,31.4829,-2.7471,ACTLTZ000680,NOT-2,ACPOTZ007165,NPK,6.08,2017,11,20,20/11/2017,31/10/2016,2016,10,31
2553,Tanzania,Tanzania Lake Region,Kagera,Biharamulo,31.4829,-2.7471,ACTLTZ000680,NOT-2,ACPOTZ007216,half_NPK,5.355,2017,11,20,20/11/2017,31/10/2016,2016,10,31
2554,Tanzania,Tanzania Lake Region,Kagera,Biharamulo,31.4829,-2.7471,ACTLTZ000680,NOT-2,ACPOTZ007155,NK,6.51,2017,11,20,20/11/2017,31/10/2016,2016,10,31
2555,Tanzania,Tanzania Lake Region,Kagera,Biharamulo,31.4829,-2.7471,ACTLTZ000680,NOT-2,ACPOTZ007246,CON,9.86,2017,11,20,20/11/2017,31/10/2016,2016,10,31
2556,Tanzania,Tanzania Lake Region,Mwanza,Sengerema,32.5911,-2.562,ACTLTZ000681,NOT-2,ACPOTZ007146,NP,14.66,2017,12,5,05/12/2017,31/10/2016,2016,10,31
2557,Tanzania,Tanzania Lake Region,Mwanza,Sengerema,32.5911,-2.562,ACTLTZ000681,NOT-2,ACPOTZ005151,NPK_micro,14.53,2017,12,5,05/12/2017,31/10/2016,2016,10,31
2558,Tanzania,Tanzania Lake Region,Mwanza,Sengerema,32.5911,-2.562,ACTLTZ000681,NOT-2,ACPOTZ007330,PK,15.54,2017,12,5,05/12/2017,31/10/2016,2016,10,31
2559,Tanzania,Tanzania Lake Region,Mwanza,Sengerema,32.5911,-2.562,ACTLTZ000681,NOT-2,ACPOTZ007145,NK,12.58,2017,12,5,05/12/2017,31/10/2016,2016,10,31
2560,Tanzania,Tanzania Lake Region,Mwanza,Sengerema,32.5911,-2.562,ACTLTZ000681,NOT-2,ACPOTZ007278,CON,11.92,2017,12,5,05/12/2017,31/10/2016,2016,10,31
2561,Tanzania,Tanzania Lake Region,Mwanza,Sengerema,32.5911,-2.562,ACTLTZ000681,NOT-2,ACPOTZ007257,half_NPK,16.555,2017,12,5,05/12/2017,31/10/2016,2016,10,31
2562,Tanzania,Tanzania Lake Region,Mwanza,Sengerema,32.5911,-2.562,ACTLTZ000681,NOT-2,ACPOTZ007259,NPK,15.195,2017,12,5,05/12/2017,31/10/2016,2016,10,31
2563,Tanzania,Tanzania Lake Region,Mwanza,Sengerema,32.5911,-2.562,ACTLTZ000681,NOT-2,ACPOTZ007288,NPK,17.38,2017,12,5,05/12/2017,31/10/2016,2016,10,31
2564,Tanzania,Tanzania Lake Region,Mwanza,Sengerema,32.5911,-2.562,ACTLTZ000682,NOT-2,ACPOTZ007329,NK,12.84,2017,12,4,04/12/2017,31/10/2016,2016,10,31
2565,Tanzania,Tanzania Lake Region,Mwanza,Sengerema,32.5911,-2.562,ACTLTZ000682,NOT-2,ACPOTZ007275,PK,13.9,2017,12,4,04/12/2017,31/10/2016,2016,10,31
2566,Tanzania,Tanzania Lake Region,Mwanza,Sengerema,32.5911,-2.562,ACTLTZ000682,NOT-2,ACPOTZ007306,CON,24.65,2017,12,4,04/12/2017,31/10/2016,2016,10,31
2567,Tanzania,Tanzania Lake Region,Mwanza,Sengerema,32.5911,-2.562,ACTLTZ000682,NOT-2,ACPOTZ007319,NP,12.435,2017,12,4,04/12/2017,31/10/2016,2016,10,31
2568,Tanzania,Tanzania Lake Region,Mwanza,Sengerema,32.5911,-2.562,ACTLTZ000682,NOT-2,ACPOTZ007326,NPK,10.13,2017,12,4,04/12/2017,31/10/2016,2016,10,31
2569,Tanzania,Tanzania Lake Region,Mwanza,Sengerema,32.5911,-2.562,ACTLTZ000682,NOT-2,ACPOTZ007256,NPK_micro,12.725,2017,12,4,04/12/2017,31/10/2016,2016,10,31
2570,Tanzania,Tanzania Lake Region,Mwanza,Sengerema,32.5911,-2.562,ACTLTZ000682,NOT-2,ACPOTZ007296,NPK,14.745,2017,12,4,04/12/2017,31/10/2016,2016,10,31
2571,Tanzania,Tanzania Lake Region,Mwanza,Sengerema,32.1093,-2.4597,ACTLTZ000684,NOT-2,ACPOTZ007328,NK,11.96,2017,11,29,29/11/2017,31/10/2016,2016,10,31
2572,Tanzania,Tanzania Lake Region,Mwanza,Sengerema,32.1093,-2.4597,ACTLTZ000684,NOT-2,ACPOTZ005930,CON,14.875,2017,11,29,29/11/2017,31/10/2016,2016,10,31
2573,Tanzania,Tanzania Lake Region,Mwanza,Sengerema,32.1093,-2.4597,ACTLTZ000684,NOT-2,ACPOTZ007308,NPK_micro,11.335,2017,11,29,29/11/2017,31/10/2016,2016,10,31
2574,Tanzania,Tanzania Lake Region,Mwanza,Sengerema,32.1093,-2.4597,ACTLTZ000684,NOT-2,ACPOTZ007318,NPK,19.74,2017,11,29,29/11/2017,31/10/2016,2016,10,31
2575,Tanzania,Tanzania Lake Region,Mwanza,Sengerema,32.1093,-2.4597,ACTLTZ000684,NOT-2,ACPOTZ004451,NPK,21.93,2017,11,29,29/11/2017,31/10/2016,2016,10,31
2576,Tanzania,Tanzania Lake Region,Mwanza,Sengerema,32.1093,-2.4597,ACTLTZ000684,NOT-2,ACPOTZ007314,half_NPK,19.33,2017,11,29,29/11/2017,31/10/2016,2016,10,31
2577,Tanzania,Tanzania Lake Region,Mwanza,Sengerema,32.1093,-2.4597,ACTLTZ000684,NOT-2,ACPOTZ007298,NP,15.7,2017,11,29,29/11/2017,31/10/2016,2016,10,31
2578,Tanzania,Tanzania Lake Region,Mwanza,Sengerema,32.1093,-2.4597,ACTLTZ000684,NOT-2,ACPOTZ007277,PK,10.36,2017,11,29,29/11/2017,31/10/2016,2016,10,31
2579,Tanzania,Tanzania Lake Region,Mwanza,Sengerema,32.8004,-2.8397,ACTLTZ000685,NOT-1,ACPOTZ007284,NK,25.465,2017,12,6,06/12/2017,31/10/2016,2016,10,31
2580,Tanzania,Tanzania Lake Region,Mwanza,Sengerema,32.8004,-2.8397,ACTLTZ000685,NOT-1,ACPOTZ007315,NPK_micro,9.95,2017,12,6,06/12/2017,31/10/2016,2016,10,31
2581,Tanzania,Tanzania Lake Region,Mwanza,Sengerema,32.8004,-2.8397,ACTLTZ000685,NOT-1,ACPOTZ005156,NPK,11.05,2017,12,6,06/12/2017,31/10/2016,2016,10,31
2582,Tanzania,Tanzania Lake Region,Mwanza,Sengerema,32.8004,-2.8397,ACTLTZ000685,NOT-1,ACPOTZ007303,NP,2.8,2017,12,6,06/12/2017,31/10/2016,2016,10,31
2583,Tanzania,Tanzania Lake Region,Mwanza,Sengerema,32.8004,-2.8397,ACTLTZ000685,NOT-1,ACPOTZ005166,CON,10.35,2017,12,6,06/12/2017,31/10/2016,2016,10,31
2584,Tanzania,Tanzania Lake Region,Mwanza,Sengerema,32.8004,-2.8397,ACTLTZ000685,NOT-1,ACPOTZ005186,PK,18.78,2017,12,6,06/12/2017,31/10/2016,2016,10,31
2585,Tanzania,Tanzania Lake Region,Mwanza,Sengerema,32.8004,-2.8397,ACTLTZ000685,NOT-1,ACPOTZ005176,NPK,13.595,2017,12,6,06/12/2017,31/10/2016,2016,10,31
2586,Tanzania,Tanzania Lake Region,Kagera,Biharamulo,31.6927,-2.8095,ACTLTZ000687,NOT-2,ACPOTZ005808,NK,7.7,2017,11,15,15/11/2017,31/10/2016,2016,10,31
2587,Tanzania,Tanzania Lake Region,Kagera,Biharamulo,31.6927,-2.8095,ACTLTZ000687,NOT-2,ACPOTZ005817,NPK,9.54,2017,11,15,15/11/2017,31/10/2016,2016,10,31
2588,Tanzania,Tanzania Lake Region,Kagera,Biharamulo,31.6927,-2.8095,ACTLTZ000687,NOT-2,ACPOTZ005797,PK,10.87,2017,11,15,15/11/2017,31/10/2016,2016,10,31
2589,Tanzania,Tanzania Lake Region,Kagera,Biharamulo,31.6927,-2.8095,ACTLTZ000687,NOT-2,ACPOTZ005807,NPK,10.2825,2017,11,15,15/11/2017,31/10/2016,2016,10,31
2590,Tanzania,Tanzania Lake Region,Kagera,Biharamulo,31.6927,-2.8095,ACTLTZ000687,NOT-2,ACPOTZ005816,NP,6.91,2017,11,15,15/11/2017,31/10/2016,2016,10,31
2591,Tanzania,Tanzania Lake Region,Kagera,Biharamulo,31.6927,-2.8095,ACTLTZ000687,NOT-2,ACPOTZ007046,half_NPK,12.1725,2017,11,15,15/11/2017,31/10/2016,2016,10,31
2592,Tanzania,Tanzania Lake Region,Kagera,Biharamulo,31.6927,-2.8095,ACTLTZ000687,NOT-2,ACPOTZ005826,NPK_micro,11.815,2017,11,15,15/11/2017,31/10/2016,2016,10,31
2593,Tanzania,Tanzania Lake Region,Kagera,Biharamulo,31.6927,-2.8095,ACTLTZ000687,NOT-2,ACPOTZ005827,CON,14.37,2017,11,15,15/11/2017,31/10/2016,2016,10,31
2594,Tanzania,Tanzania Lake Region,Kagera,Biharamulo,31.556,-2.8786,ACTLTZ000689,NOT-2,ACPOTZ005034,NK,8.51,2017,11,22,22/11/2017,31/10/2016,2016,10,31
2595,Tanzania,Tanzania Lake Region,Kagera,Biharamulo,31.556,-2.8786,ACTLTZ000689,NOT-2,ACPOTZ005044,NP,4.435,2017,11,22,22/11/2017,31/10/2016,2016,10,31
2596,Tanzania,Tanzania Lake Region,Kagera,Biharamulo,31.556,-2.8786,ACTLTZ000689,NOT-2,ACPOTZ005028,NPK_micro,4.625,2017,11,22,22/11/2017,31/10/2016,2016,10,31
2597,Tanzania,Tanzania Lake Region,Kagera,Biharamulo,31.556,-2.8786,ACTLTZ000689,NOT-2,ACPOTZ005074,half_NPK,1.915,2017,11,22,22/11/2017,31/10/2016,2016,10,31
2598,Tanzania,Tanzania Lake Region,Kagera,Biharamulo,31.556,-2.8786,ACTLTZ000689,NOT-2,ACPOTZ005014,CON,8.5,2017,11,22,22/11/2017,31/10/2016,2016,10,31
2599,Tanzania,Tanzania Lake Region,Kagera,Biharamulo,31.556,-2.8786,ACTLTZ000689,NOT-2,ACPOTZ005093,PK,11.87,2017,11,22,22/11/2017,31/10/2016,2016,10,31
2600,Tanzania,Tanzania Lake Region,Kagera,Biharamulo,31.556,-2.8786,ACTLTZ000689,NOT-2,ACPOTZ005103,NPK,9.91,2017,11,22,22/11/2017,31/10/2016,2016,10,31
2601,Tanzania,Tanzania Lake Region,Kagera,Biharamulo,31.556,-2.8786,ACTLTZ000689,NOT-2,ACPOTZ005024,NPK,3.575,2017,11,22,22/11/2017,31/10/2016,2016,10,31
2602,Tanzania,Tanzania Lake Region,Kagera,Biharamulo,31.5436,-2.8684,ACTLTZ000690,NOT-1,ACPOTZ005234,NPK,16.445,2017,11,21,21/11/2017,31/10/2016,2016,10,31
2603,Tanzania,Tanzania Lake Region,Kagera,Biharamulo,31.5436,-2.8684,ACTLTZ000690,NOT-1,ACPOTZ004760,NP,19.65,2017,11,21,21/11/2017,31/10/2016,2016,10,31
2604,Tanzania,Tanzania Lake Region,Kagera,Biharamulo,31.5436,-2.8684,ACTLTZ000690,NOT-1,ACPOTZ005302,NPK_micro,14.565,2017,11,21,21/11/2017,31/10/2016,2016,10,31
2605,Tanzania,Tanzania Lake Region,Kagera,Biharamulo,31.5436,-2.8684,ACTLTZ000690,NOT-1,ACPOTZ005416,CON,19.545,2017,11,21,21/11/2017,31/10/2016,2016,10,31
2606,Tanzania,Tanzania Lake Region,Kagera,Biharamulo,31.5436,-2.8684,ACTLTZ000690,NOT-1,ACPOTZ004465,NK,11.6,2017,11,21,21/11/2017,31/10/2016,2016,10,31
2607,Tanzania,Tanzania Lake Region,Kagera,Biharamulo,31.5436,-2.8684,ACTLTZ000690,NOT-1,ACPOTZ005286,NPK,17.405,2017,11,21,21/11/2017,31/10/2016,2016,10,31
2608,Tanzania,Tanzania Lake Region,Kagera,Biharamulo,31.5436,-2.8684,ACTLTZ000690,NOT-1,ACPOTZ005233,half_NPK,23.395,2017,11,21,21/11/2017,31/10/2016,2016,10,31
2609,Tanzania,Tanzania Lake Region,Kagera,Biharamulo,31.5436,-2.8684,ACTLTZ000690,NOT-1,ACPOTZ004501,PK,9.21,2017,11,21,21/11/2017,31/10/2016,2016,10,31
2610,Tanzania,Tanzania Lake Region,Kagera,Biharamulo,31.6928,-2.8095,ACTLTZ000691,NOT-2,ACPOTZ004408,PK,4.22,2017,11,18,18/11/2017,31/10/2016,2016,10,31
2611,Tanzania,Tanzania Lake Region,Kagera,Biharamulo,31.6928,-2.8095,ACTLTZ000691,NOT-2,ACPOTZ004447,NP,11.5825,2017,11,18,18/11/2017,31/10/2016,2016,10,31
2612,Tanzania,Tanzania Lake Region,Kagera,Biharamulo,31.6928,-2.8095,ACTLTZ000691,NOT-2,ACPOTZ004452,half_NPK,12.17,2017,11,18,18/11/2017,31/10/2016,2016,10,31
2613,Tanzania,Tanzania Lake Region,Kagera,Biharamulo,31.6928,-2.8095,ACTLTZ000691,NOT-2,ACPOTZ005901,NK,12.8125,2017,11,18,18/11/2017,31/10/2016,2016,10,31
2614,Tanzania,Tanzania Lake Region,Kagera,Biharamulo,31.6928,-2.8095,ACTLTZ000691,NOT-2,ACPOTZ004461,CON,16.5225,2017,11,18,18/11/2017,31/10/2016,2016,10,31
2615,Tanzania,Tanzania Lake Region,Kagera,Biharamulo,31.6928,-2.8095,ACTLTZ000691,NOT-2,ACPOTZ004428,NPK,9.4475,2017,11,18,18/11/2017,31/10/2016,2016,10,31
2616,Tanzania,Tanzania Lake Region,Kagera,Biharamulo,31.6928,-2.8095,ACTLTZ000691,NOT-2,ACPOTZ004444,NPK_micro,6.28,2017,11,18,18/11/2017,31/10/2016,2016,10,31
2617,Tanzania,Tanzania Lake Region,Kagera,Biharamulo,31.506,-2.7294,ACTLTZ000692,NOT-2,ACPOTZ004412,NPK,5.53,2017,11,20,20/11/2017,31/10/2016,2016,10,31
2618,Tanzania,Tanzania Lake Region,Kagera,Biharamulo,31.506,-2.7294,ACTLTZ000692,NOT-2,ACPOTZ004513,NP,4.16,2017,11,20,20/11/2017,31/10/2016,2016,10,31
2619,Tanzania,Tanzania Lake Region,Kagera,Biharamulo,31.506,-2.7294,ACTLTZ000692,NOT-2,ACPOTZ005271,CON,3.06,2017,11,20,20/11/2017,31/10/2016,2016,10,31
2620,Tanzania,Tanzania Lake Region,Kagera,Biharamulo,31.506,-2.7294,ACTLTZ000692,NOT-2,ACPOTZ004422,PK,5.3,2017,11,20,20/11/2017,31/10/2016,2016,10,31
2621,Tanzania,Tanzania Lake Region,Kagera,Biharamulo,31.506,-2.7294,ACTLTZ000692,NOT-2,ACPOTZ005301,NK,10.2,2017,11,20,20/11/2017,31/10/2016,2016,10,31
2622,Tanzania,Tanzania Lake Region,Kagera,Biharamulo,31.4946,-2.7248,ACTLTZ000693,NOT-1,ACPOTZ004499,NP,7.96,2017,11,24,24/11/2017,31/10/2016,2016,10,31
2623,Tanzania,Tanzania Lake Region,Kagera,Biharamulo,31.4946,-2.7248,ACTLTZ000693,NOT-1,ACPOTZ004489,NK,4.685,2017,11,24,24/11/2017,31/10/2016,2016,10,31
2624,Tanzania,Tanzania Lake Region,Kagera,Biharamulo,31.4946,-2.7248,ACTLTZ000693,NOT-1,ACPOTZ004519,NPK_micro,4.68,2017,11,24,24/11/2017,31/10/2016,2016,10,31
2625,Tanzania,Tanzania Lake Region,Kagera,Biharamulo,31.4946,-2.7248,ACTLTZ000693,NOT-1,ACPOTZ004508,CON,1.93,2017,11,24,24/11/2017,31/10/2016,2016,10,31
2626,Tanzania,Tanzania Lake Region,Kagera,Biharamulo,31.4946,-2.7248,ACTLTZ000693,NOT-1,ACPOTZ004498,NPK,3.135,2017,11,24,24/11/2017,31/10/2016,2016,10,31
2627,Tanzania,Tanzania Lake Region,Kagera,Biharamulo,31.4946,-2.7248,ACTLTZ000693,NOT-1,ACPOTZ004488,PK,3.39,2017,11,24,24/11/2017,31/10/2016,2016,10,31
2628,Tanzania,Tanzania Lake Region,Kagera,Biharamulo,31.4946,-2.7248,ACTLTZ000693,NOT-1,ACPOTZ005081,NPK,8.51,2017,11,24,24/11/2017,31/10/2016,2016,10,31
2629,Tanzania,Tanzania Lake Region,Kagera,Biharamulo,31.4946,-2.7248,ACTLTZ000693,NOT-1,ACPOTZ005934,half_NPK,8.44,2017,11,24,24/11/2017,31/10/2016,2016,10,31
2630,Tanzania,Tanzania Lake Region,Mwanza,Sengerema,32.1198,-2.4596,ACTLTZ000694,NOT-1,ACPOTZ005048,NK,6.1,2017,11,27,27/11/2017,31/10/2016,2016,10,31
2631,Tanzania,Tanzania Lake Region,Mwanza,Sengerema,32.1198,-2.4596,ACTLTZ000694,NOT-1,ACPOTZ005078,half_NPK,19.7,2017,11,27,27/11/2017,31/10/2016,2016,10,31
2632,Tanzania,Tanzania Lake Region,Mwanza,Sengerema,32.1198,-2.4596,ACTLTZ000694,NOT-1,ACPOTZ005058,PK,26.24,2017,11,27,27/11/2017,31/10/2016,2016,10,31
2633,Tanzania,Tanzania Lake Region,Mwanza,Sengerema,32.1198,-2.4596,ACTLTZ000694,NOT-1,ACPOTZ005107,NPK_micro,13.2,2017,11,27,27/11/2017,31/10/2016,2016,10,31
2634,Tanzania,Tanzania Lake Region,Mwanza,Sengerema,32.1198,-2.4596,ACTLTZ000694,NOT-1,ACPOTZ005098,NPK,9.535,2017,11,27,27/11/2017,31/10/2016,2016,10,31
2635,Tanzania,Tanzania Lake Region,Mwanza,Sengerema,32.1198,-2.4596,ACTLTZ000694,NOT-1,ACPOTZ005049,CON,19.8,2017,11,27,27/11/2017,31/10/2016,2016,10,31
2636,Tanzania,Tanzania Lake Region,Mwanza,Sengerema,32.1198,-2.4596,ACTLTZ000694,NOT-1,ACPOTZ005090,NP,8.235,2017,11,27,27/11/2017,31/10/2016,2016,10,31
2637,Tanzania,Tanzania Lake Region,Mwanza,Sengerema,32.5853,-2.5654,ACTLTZ000695,NOT-1,ACPOTZ005020,NPK_micro,10.66,2017,12,3,03/12/2017,31/10/2016,2016,10,31
2638,Tanzania,Tanzania Lake Region,Mwanza,Sengerema,32.5853,-2.5654,ACTLTZ000695,NOT-1,ACPOTZ005099,NK,8.7,2017,12,3,03/12/2017,31/10/2016,2016,10,31
2639,Tanzania,Tanzania Lake Region,Mwanza,Sengerema,32.5853,-2.5654,ACTLTZ000695,NOT-1,ACPOTZ005029,NPK,25.35,2017,12,3,03/12/2017,31/10/2016,2016,10,31
2640,Tanzania,Tanzania Lake Region,Mwanza,Sengerema,32.5853,-2.5654,ACTLTZ000695,NOT-1,ACPOTZ005030,half_NPK,12.46,2017,12,3,03/12/2017,31/10/2016,2016,10,31
2641,Tanzania,Tanzania Lake Region,Mwanza,Sengerema,32.5853,-2.5654,ACTLTZ000695,NOT-1,ACPOTZ005109,NP,13.2,2017,12,3,03/12/2017,31/10/2016,2016,10,31
2642,Tanzania,Tanzania Lake Region,Mwanza,Sengerema,32.5853,-2.5654,ACTLTZ000695,NOT-1,ACPOTZ005019,NPK,31.39,2017,12,3,03/12/2017,31/10/2016,2016,10,31
2643,Tanzania,Tanzania Lake Region,Mwanza,Sengerema,32.5853,-2.5654,ACTLTZ000695,NOT-1,ACPOTZ005097,CON,25.4,2017,12,3,03/12/2017,31/10/2016,2016,10,31
2644,Tanzania,Tanzania Lake Region,Kagera,Biharamulo,31.556,-2.8787,ACTLTZ000697,NOT-2,ACPOTZ005105,half_NPK,4.77,2017,11,22,22/11/2017,31/10/2016,2016,10,31
2645,Tanzania,Tanzania Lake Region,Kagera,Biharamulo,31.556,-2.8787,ACTLTZ000697,NOT-2,ACPOTZ005094,NPK,4.35,2017,11,22,22/11/2017,31/10/2016,2016,10,31
2646,Tanzania,Tanzania Lake Region,Kagera,Biharamulo,31.556,-2.8787,ACTLTZ000697,NOT-2,ACPOTZ005065,PK,4.505,2017,11,22,22/11/2017,31/10/2016,2016,10,31
2647,Tanzania,Tanzania Lake Region,Kagera,Biharamulo,31.556,-2.8787,ACTLTZ000697,NOT-2,ACPOTZ005104,NPK,3.005,2017,11,22,22/11/2017,31/10/2016,2016,10,31
2648,Tanzania,Tanzania Lake Region,Kagera,Biharamulo,31.556,-2.8787,ACTLTZ000697,NOT-2,ACPOTZ005054,CON,6.485,2017,11,22,22/11/2017,31/10/2016,2016,10,31
2649,Tanzania,Tanzania Lake Region,Kagera,Biharamulo,31.556,-2.8787,ACTLTZ000697,NOT-2,ACPOTZ005085,NP,7.7,2017,11,22,22/11/2017,31/10/2016,2016,10,31
2650,Tanzania,Tanzania Lake Region,Kagera,Biharamulo,31.556,-2.8787,ACTLTZ000697,NOT-2,ACPOTZ005075,NK,5.985,2017,11,22,22/11/2017,31/10/2016,2016,10,31
2651,Tanzania,Tanzania Lake Region,Kagera,Biharamulo,31.556,-2.8787,ACTLTZ000697,NOT-2,ACPOTZ005095,NPK_micro,7.575,2017,11,22,22/11/2017,31/10/2016,2016,10,31
2652,Tanzania,Tanzania Lake Region,Kagera,Biharamulo,31.6641,-2.8099,ACTLTZ000699,NOT-1,ACPOTZ005224,NPK,9.61,2017,11,12,12/11/2017,31/10/2016,2016,10,31
2653,Tanzania,Tanzania Lake Region,Kagera,Biharamulo,31.6641,-2.8099,ACTLTZ000699,NOT-1,ACPOTZ004401,NPK,10.53,2017,11,12,12/11/2017,31/10/2016,2016,10,31
2654,Tanzania,Tanzania Lake Region,Kagera,Biharamulo,31.6641,-2.8099,ACTLTZ000699,NOT-1,ACPOTZ005925,NP,14.5075,2017,11,12,12/11/2017,31/10/2016,2016,10,31
2655,Tanzania,Tanzania Lake Region,Kagera,Biharamulo,31.6641,-2.8099,ACTLTZ000699,NOT-1,ACPOTZ004511,CON,6.58,2017,11,12,12/11/2017,31/10/2016,2016,10,31
2656,Tanzania,Tanzania Lake Region,Kagera,Biharamulo,31.6641,-2.8099,ACTLTZ000699,NOT-1,ACPOTZ005342,NK,5.245,2017,11,12,12/11/2017,31/10/2016,2016,10,31
2657,Tanzania,Tanzania Lake Region,Kagera,Biharamulo,31.6641,-2.8099,ACTLTZ000699,NOT-1,ACPOTZ005332,half_NPK,13.9275,2017,11,12,12/11/2017,31/10/2016,2016,10,31
2658,Tanzania,Tanzania Lake Region,Kagera,Biharamulo,31.6641,-2.8099,ACTLTZ000699,NOT-1,ACPOTZ005251,PK,12.24,2017,11,12,12/11/2017,31/10/2016,2016,10,31
2659,Tanzania,Tanzania Lake Region,Mwanza,Sengerema,32.8056,-2.8438,ACTLTZ000700,NOT-1,ACPOTZ004500,NPK,7.7,2017,12,6,06/12/2017,31/10/2016,2016,10,31
2660,Tanzania,Tanzania Lake Region,Mwanza,Sengerema,32.8056,-2.8438,ACTLTZ000700,NOT-1,ACPOTZ005928,half_NPK,5.5,2017,12,6,06/12/2017,31/10/2016,2016,10,31
2661,Tanzania,Tanzania Lake Region,Mwanza,Sengerema,32.8056,-2.8438,ACTLTZ000700,NOT-1,ACPOTZ005406,NPK_micro,9.65,2017,12,6,06/12/2017,31/10/2016,2016,10,31
2662,Tanzania,Tanzania Lake Region,Mwanza,Sengerema,32.8056,-2.8438,ACTLTZ000700,NOT-1,ACPOTZ004459,PK,25.53,2017,12,6,06/12/2017,31/10/2016,2016,10,31
2663,Tanzania,Tanzania Lake Region,Mwanza,Sengerema,32.8056,-2.8438,ACTLTZ000700,NOT-1,ACPOTZ005312,NP,2.4,2017,12,6,06/12/2017,31/10/2016,2016,10,31
2664,Tanzania,Tanzania Lake Region,Mwanza,Sengerema,32.8056,-2.8438,ACTLTZ000700,NOT-1,ACPOTZ004510,CON,7.25,2017,12,6,06/12/2017,31/10/2016,2016,10,31
2665,Tanzania,Tanzania Lake Region,Mwanza,Sengerema,32.8056,-2.8438,ACTLTZ000700,NOT-1,ACPOTZ004409,NK,22.27,2017,12,6,06/12/2017,31/10/2016,2016,10,31
2666,Tanzania,Tanzania Lake Region,Mwanza,Sengerema,32.8056,-2.8438,ACTLTZ000700,NOT-1,ACPOTZ004490,NPK,13.6,2017,12,6,06/12/2017,31/10/2016,2016,10,31
2667,Tanzania,Tanzania Lake Region,Mwanza,Sengerema,32.5911,-2.562,ACTLTZ000702,NOT-2,ACPOTZ005324,CON,15.415,2017,12,3,03/12/2017,31/10/2016,2016,10,31
2668,Tanzania,Tanzania Lake Region,Mwanza,Sengerema,32.5911,-2.562,ACTLTZ000702,NOT-2,ACPOTZ005341,PK,14.385,2017,12,3,03/12/2017,31/10/2016,2016,10,31
2669,Tanzania,Tanzania Lake Region,Mwanza,Sengerema,32.5911,-2.562,ACTLTZ000702,NOT-2,ACPOTZ005429,NPK_micro,13.685,2017,12,3,03/12/2017,31/10/2016,2016,10,31
2670,Tanzania,Tanzania Lake Region,Mwanza,Sengerema,32.5911,-2.562,ACTLTZ000702,NOT-2,ACPOTZ005368,NP,14.985,2017,12,3,03/12/2017,31/10/2016,2016,10,31
2671,Tanzania,Tanzania Lake Region,Mwanza,Sengerema,32.5911,-2.562,ACTLTZ000702,NOT-2,ACPOTZ005243,NPK,6.7,2017,12,3,03/12/2017,31/10/2016,2016,10,31
2672,Tanzania,Tanzania Lake Region,Mwanza,Sengerema,32.5911,-2.562,ACTLTZ000702,NOT-2,ACPOTZ004457,NK,4.89,2017,12,3,03/12/2017,31/10/2016,2016,10,31
2673,Tanzania,Tanzania Lake Region,Mwanza,Sengerema,32.5911,-2.562,ACTLTZ000702,NOT-2,ACPOTZ005388,half_NPK,10,2017,12,3,03/12/2017,31/10/2016,2016,10,31
2674,Tanzania,Tanzania Lake Region,Kagera,Biharamulo,31.4677,-2.788,ACTLTZ000704,NOT-2,ACPOTZ005282,NPK,3.96,2017,11,25,25/11/2017,31/10/2016,2016,10,31
2675,Tanzania,Tanzania Lake Region,Kagera,Biharamulo,31.4677,-2.788,ACTLTZ000704,NOT-2,ACPOTZ005343,NPK_micro,4.48,2017,11,25,25/11/2017,31/10/2016,2016,10,31
2676,Tanzania,Tanzania Lake Region,Kagera,Biharamulo,31.4677,-2.788,ACTLTZ000704,NOT-2,ACPOTZ005262,NPK,7.905,2017,11,25,25/11/2017,31/10/2016,2016,10,31
2677,Tanzania,Tanzania Lake Region,Kagera,Biharamulo,31.4677,-2.788,ACTLTZ000704,NOT-2,ACPOTZ005280,NK,6.35,2017,11,25,25/11/2017,31/10/2016,2016,10,31
2678,Tanzania,Tanzania Lake Region,Kagera,Biharamulo,31.4677,-2.788,ACTLTZ000704,NOT-2,ACPOTZ005272,PK,3.57,2017,11,25,25/11/2017,31/10/2016,2016,10,31
2679,Tanzania,Tanzania Lake Region,Kagera,Biharamulo,31.4677,-2.788,ACTLTZ000704,NOT-2,ACPOTZ005323,NP,5.07,2017,11,25,25/11/2017,31/10/2016,2016,10,31
2680,Tanzania,Tanzania Lake Region,Kagera,Biharamulo,31.4677,-2.788,ACTLTZ000704,NOT-2,ACPOTZ005292,half_NPK,10.27,2017,11,25,25/11/2017,31/10/2016,2016,10,31
2681,Tanzania,Tanzania Lake Region,Kagera,Biharamulo,31.4677,-2.788,ACTLTZ000704,NOT-2,ACPOTZ005334,CON,5.8,2017,11,25,25/11/2017,31/10/2016,2016,10,31
2682,Tanzania,Tanzania Lake Region,Mwanza,Sengerema,32.8152,-2.8343,ACTLTZ000705,NOT-1,ACPOTZ005060,PK,27.405,2017,12,6,06/12/2017,31/10/2016,2016,10,31
2683,Tanzania,Tanzania Lake Region,Mwanza,Sengerema,32.8152,-2.8343,ACTLTZ000705,NOT-1,ACPOTZ005088,NP,25.29,2017,12,6,06/12/2017,31/10/2016,2016,10,31
2684,Tanzania,Tanzania Lake Region,Mwanza,Sengerema,32.8152,-2.8343,ACTLTZ000705,NOT-1,ACPOTZ005050,NPK,37.87,2017,12,6,06/12/2017,31/10/2016,2016,10,31
2685,Tanzania,Tanzania Lake Region,Mwanza,Sengerema,32.8152,-2.8343,ACTLTZ000705,NOT-1,ACPOTZ005070,NPK,31.57,2017,12,6,06/12/2017,31/10/2016,2016,10,31
2686,Tanzania,Tanzania Lake Region,Mwanza,Sengerema,32.8152,-2.8343,ACTLTZ000705,NOT-1,ACPOTZ005108,NPK_micro,18.92,2017,12,6,06/12/2017,31/10/2016,2016,10,31
2687,Tanzania,Tanzania Lake Region,Mwanza,Sengerema,32.8152,-2.8343,ACTLTZ000705,NOT-1,ACPOTZ005080,CON,30.85,2017,12,6,06/12/2017,31/10/2016,2016,10,31
2688,Tanzania,Tanzania Lake Region,Mwanza,Sengerema,32.8152,-2.8343,ACTLTZ000705,NOT-1,ACPOTZ005067,NK,19.95,2017,12,6,06/12/2017,31/10/2016,2016,10,31
2689,Tanzania,Tanzania Lake Region,Mwanza,Sengerema,32.8152,-2.8343,ACTLTZ000705,NOT-1,ACPOTZ005039,half_NPK,31.85,2017,12,6,06/12/2017,31/10/2016,2016,10,31
2690,Tanzania,Tanzania Lake Region,Kagera,Biharamulo,31.7018,-2.7924,ACTLTZ000706,NOT-1,ACPOTZ005110,half_NPK,8.2,2017,11,20,20/11/2017,31/10/2016,2016,10,31
2691,Tanzania,Tanzania Lake Region,Kagera,Biharamulo,31.7018,-2.7924,ACTLTZ000706,NOT-1,ACPOTZ005037,PK,8.57,2017,11,20,20/11/2017,31/10/2016,2016,10,31
2692,Tanzania,Tanzania Lake Region,Kagera,Biharamulo,31.7018,-2.7924,ACTLTZ000706,NOT-1,ACPOTZ005017,NPK_micro,5.4,2017,11,20,20/11/2017,31/10/2016,2016,10,31
2693,Tanzania,Tanzania Lake Region,Kagera,Biharamulo,31.7018,-2.7924,ACTLTZ000706,NOT-1,ACPOTZ005087,CON,14.29,2017,11,20,20/11/2017,31/10/2016,2016,10,31
2694,Tanzania,Tanzania Lake Region,Kagera,Biharamulo,31.7018,-2.7924,ACTLTZ000706,NOT-1,ACPOTZ005047,NK,9.64,2017,11,20,20/11/2017,31/10/2016,2016,10,31
2695,Tanzania,Tanzania Lake Region,Kagera,Biharamulo,31.7018,-2.7924,ACTLTZ000706,NOT-1,ACPOTZ005057,NPK,6.05,2017,11,20,20/11/2017,31/10/2016,2016,10,31
2696,Tanzania,Tanzania Lake Region,Kagera,Biharamulo,31.7018,-2.7924,ACTLTZ000706,NOT-1,ACPOTZ005027,NP,11.89,2017,11,20,20/11/2017,31/10/2016,2016,10,31
2697,Tanzania,Tanzania Lake Region,Kagera,Biharamulo,31.7018,-2.7924,ACTLTZ000706,NOT-1,ACPOTZ005077,NPK,12.12,2017,11,20,20/11/2017,31/10/2016,2016,10,31
2698,Tanzania,Tanzania Lake Region,Mwanza,Sengerema,32.5844,-2.5649,ACTLTZ000709,NOT-1,ACPOTZ004520,NPK,16.45,2017,12,3,03/12/2017,31/10/2016,2016,10,31
2699,Tanzania,Tanzania Lake Region,Mwanza,Sengerema,32.5844,-2.5649,ACTLTZ000709,NOT-1,ACPOTZ005120,NP,10.76,2017,12,3,03/12/2017,31/10/2016,2016,10,31
2700,Tanzania,Tanzania Lake Region,Mwanza,Sengerema,32.5844,-2.5649,ACTLTZ000709,NOT-1,ACPOTZ004440,half_NPK,10.815,2017,12,3,03/12/2017,31/10/2016,2016,10,31
2701,Tanzania,Tanzania Lake Region,Mwanza,Sengerema,32.5844,-2.5649,ACTLTZ000709,NOT-1,ACPOTZ004419,NPK,26.665,2017,12,3,03/12/2017,31/10/2016,2016,10,31
2702,Tanzania,Tanzania Lake Region,Mwanza,Sengerema,32.5844,-2.5649,ACTLTZ000709,NOT-1,ACPOTZ005021,CON,19.05,2017,12,3,03/12/2017,31/10/2016,2016,10,31
2703,Tanzania,Tanzania Lake Region,Mwanza,Sengerema,32.5844,-2.5649,ACTLTZ000709,NOT-1,ACPOTZ005396,NPK_micro,11.05,2017,12,3,03/12/2017,31/10/2016,2016,10,31
2704,Tanzania,Tanzania Lake Region,Kagera,Biharamulo,31.4844,-2.7408,ACTLTZ000710,NOT-1,ACPOTZ004429,CON,3.165,2017,11,20,20/11/2017,31/10/2016,2016,10,31
2705,Tanzania,Tanzania Lake Region,Kagera,Biharamulo,31.4844,-2.7408,ACTLTZ000710,NOT-1,ACPOTZ005924,NPK_micro,5.33,2017,11,20,20/11/2017,31/10/2016,2016,10,31
2706,Tanzania,Tanzania Lake Region,Kagera,Biharamulo,31.4844,-2.7408,ACTLTZ000710,NOT-1,ACPOTZ004460,half_NPK,3.035,2017,11,20,20/11/2017,31/10/2016,2016,10,31
2707,Tanzania,Tanzania Lake Region,Kagera,Biharamulo,31.4844,-2.7408,ACTLTZ000710,NOT-1,ACPOTZ004450,PK,2.285,2017,11,20,20/11/2017,31/10/2016,2016,10,31
2708,Tanzania,Tanzania Lake Region,Kagera,Biharamulo,31.4844,-2.7408,ACTLTZ000710,NOT-1,ACPOTZ004439,NK,6.015,2017,11,20,20/11/2017,31/10/2016,2016,10,31
2709,Tanzania,Tanzania Lake Region,Kagera,Biharamulo,31.4844,-2.7408,ACTLTZ000710,NOT-1,ACPOTZ005291,NP,8.2,2017,11,20,20/11/2017,31/10/2016,2016,10,31
2710,Tanzania,Tanzania Lake Region,Kagera,Biharamulo,31.4844,-2.7408,ACTLTZ000710,NOT-1,ACPOTZ004448,NPK,4.855,2017,11,20,20/11/2017,31/10/2016,2016,10,31
2711,Tanzania,Tanzania Lake Region,Kagera,Biharamulo,31.4844,-2.7408,ACTLTZ000710,NOT-1,ACPOTZ004449,NPK,5.195,2017,11,20,20/11/2017,31/10/2016,2016,10,31
2712,Tanzania,Tanzania Lake Region,Kagera,Biharamulo,31.4673,-2.7882,ACTLTZ000712,NOT-2,ACPOTZ005428,PK,10.815,2017,11,25,25/11/2017,31/10/2016,2016,10,31
2713,Tanzania,Tanzania Lake Region,Kagera,Biharamulo,31.4673,-2.7882,ACTLTZ000712,NOT-2,ACPOTZ005264,NPK_micro,5.615,2017,11,25,25/11/2017,31/10/2016,2016,10,31
2714,Tanzania,Tanzania Lake Region,Kagera,Biharamulo,31.4673,-2.7882,ACTLTZ000712,NOT-2,ACPOTZ005254,half_NPK,3.915,2017,11,25,25/11/2017,31/10/2016,2016,10,31
2715,Tanzania,Tanzania Lake Region,Kagera,Biharamulo,31.4673,-2.7882,ACTLTZ000712,NOT-2,ACPOTZ005240,NK,6.435,2017,11,25,25/11/2017,31/10/2016,2016,10,31
2716,Tanzania,Tanzania Lake Region,Kagera,Biharamulo,31.4673,-2.7882,ACTLTZ000712,NOT-2,ACPOTZ005274,NP,5.775,2017,11,25,25/11/2017,31/10/2016,2016,10,31
2717,Tanzania,Tanzania Lake Region,Kagera,Biharamulo,31.4673,-2.7882,ACTLTZ000712,NOT-2,ACPOTZ005308,NPK,5.275,2017,11,25,25/11/2017,31/10/2016,2016,10,31
2718,Tanzania,Tanzania Lake Region,Kagera,Biharamulo,31.4673,-2.7882,ACTLTZ000712,NOT-2,ACPOTZ005325,NPK,3.24,2017,11,25,25/11/2017,31/10/2016,2016,10,31
2719,Tanzania,Tanzania Lake Region,Kagera,Biharamulo,31.4673,-2.7882,ACTLTZ000712,NOT-2,ACPOTZ005419,CON,7.87,2017,11,25,25/11/2017,31/10/2016,2016,10,31
2720,Tanzania,Tanzania Lake Region,Kagera,Biharamulo,31.693,-2.8097,ACTLTZ000715,NOT-2,ACPOTZ005422,half_NPK,12.7,2017,11,18,18/11/2017,31/10/2016,2016,10,31
2721,Tanzania,Tanzania Lake Region,Kagera,Biharamulo,31.693,-2.8097,ACTLTZ000715,NOT-2,ACPOTZ005414,NK,15.71,2017,11,18,18/11/2017,31/10/2016,2016,10,31
2722,Tanzania,Tanzania Lake Region,Kagera,Biharamulo,31.693,-2.8097,ACTLTZ000715,NOT-2,ACPOTZ005395,CON,19.91,2017,11,18,18/11/2017,31/10/2016,2016,10,31
2723,Tanzania,Tanzania Lake Region,Kagera,Biharamulo,31.693,-2.8097,ACTLTZ000715,NOT-2,ACPOTZ005353,NPK,13.32,2017,11,18,18/11/2017,31/10/2016,2016,10,31
2724,Tanzania,Tanzania Lake Region,Kagera,Biharamulo,31.693,-2.8097,ACTLTZ000715,NOT-2,ACPOTZ005363,NPK,8.72,2017,11,18,18/11/2017,31/10/2016,2016,10,31
2725,Tanzania,Tanzania Lake Region,Mwanza,Sengerema,32.1202,-2.4743,ACTLTZ000718,NOT-1,ACPOTZ005112,NPK,19.35,2017,11,27,27/11/2017,31/10/2016,2016,10,31
2726,Tanzania,Tanzania Lake Region,Mwanza,Sengerema,32.1202,-2.4743,ACTLTZ000718,NOT-1,ACPOTZ004755,PK,38.1,2017,11,27,27/11/2017,31/10/2016,2016,10,31
2727,Tanzania,Tanzania Lake Region,Mwanza,Sengerema,32.1202,-2.4743,ACTLTZ000718,NOT-1,ACPOTZ005132,NK,13.65,2017,11,27,27/11/2017,31/10/2016,2016,10,31
2728,Tanzania,Tanzania Lake Region,Mwanza,Sengerema,32.1202,-2.4743,ACTLTZ000718,NOT-1,ACPOTZ004732,NP,17.45,2017,11,27,27/11/2017,31/10/2016,2016,10,31
2729,Tanzania,Tanzania Lake Region,Mwanza,Sengerema,32.1202,-2.4743,ACTLTZ000718,NOT-1,ACPOTZ005142,NPK_micro,11.75,2017,11,27,27/11/2017,31/10/2016,2016,10,31
2730,Tanzania,Tanzania Lake Region,Mwanza,Sengerema,32.1202,-2.4743,ACTLTZ000718,NOT-1,ACPOTZ004741,NPK,9.76,2017,11,27,27/11/2017,31/10/2016,2016,10,31
2731,Tanzania,Tanzania Lake Region,Mwanza,Sengerema,32.1202,-2.4743,ACTLTZ000718,NOT-1,ACPOTZ004751,CON,25.34,2017,11,27,27/11/2017,31/10/2016,2016,10,31
2732,Tanzania,Tanzania Lake Region,Mwanza,Sengerema,32.1202,-2.4743,ACTLTZ000718,NOT-1,ACPOTZ007202,half_NPK,20.23,2017,11,27,27/11/2017,31/10/2016,2016,10,31
2733,Tanzania,Tanzania Lake Region,Mwanza,Sengerema,32.5911,-2.562,ACTLTZ000720,NOT-2,ACPOTZ005269,NPK,13.865,2017,12,4,04/12/2017,31/10/2016,2016,10,31
2734,Tanzania,Tanzania Lake Region,Mwanza,Sengerema,32.5911,-2.562,ACTLTZ000720,NOT-2,ACPOTZ004464,half_NPK,18.31,2017,12,4,04/12/2017,31/10/2016,2016,10,31
2735,Tanzania,Tanzania Lake Region,Mwanza,Sengerema,32.5911,-2.562,ACTLTZ000720,NOT-2,ACPOTZ005339,CON,15.875,2017,12,4,04/12/2017,31/10/2016,2016,10,31
2736,Tanzania,Tanzania Lake Region,Mwanza,Sengerema,32.5911,-2.562,ACTLTZ000720,NOT-2,ACPOTZ004437,NK,17.675,2017,12,4,04/12/2017,31/10/2016,2016,10,31
2737,Tanzania,Tanzania Lake Region,Mwanza,Sengerema,32.5911,-2.562,ACTLTZ000720,NOT-2,ACPOTZ004417,NPK_micro,9.94,2017,12,4,04/12/2017,31/10/2016,2016,10,31
2738,Tanzania,Tanzania Lake Region,Mwanza,Sengerema,32.5911,-2.562,ACTLTZ000720,NOT-2,ACPOTZ005319,NPK,7.505,2017,12,4,04/12/2017,31/10/2016,2016,10,31
2739,Tanzania,Tanzania Lake Region,Mwanza,Sengerema,32.5911,-2.562,ACTLTZ000720,NOT-2,ACPOTZ005259,PK,9.69,2017,12,4,04/12/2017,31/10/2016,2016,10,31
2740,Tanzania,Tanzania Lake Region,Mwanza,Sengerema,32.5911,-2.562,ACTLTZ000720,NOT-2,ACPOTZ004427,NP,14.615,2017,12,4,04/12/2017,31/10/2016,2016,10,31
2741,Tanzania,Tanzania Lake Region,Kagera,Biharamulo,31.6931,-2.8098,ACTLTZ000723,NOT-2,ACPOTZ005228,NP,10.19,2017,11,18,18/11/2017,31/10/2016,2016,10,31
2742,Tanzania,Tanzania Lake Region,Kagera,Biharamulo,31.6931,-2.8098,ACTLTZ000723,NOT-2,ACPOTZ004470,NK,5.92,2017,11,18,18/11/2017,31/10/2016,2016,10,31
2743,Tanzania,Tanzania Lake Region,Kagera,Biharamulo,31.6931,-2.8098,ACTLTZ000723,NOT-2,ACPOTZ005929,CON,7.55,2017,11,18,18/11/2017,31/10/2016,2016,10,31
2744,Tanzania,Tanzania Lake Region,Kagera,Biharamulo,31.6931,-2.8098,ACTLTZ000723,NOT-2,ACPOTZ005239,PK,6.07,2017,11,18,18/11/2017,31/10/2016,2016,10,31
2745,Tanzania,Tanzania Lake Region,Kagera,Biharamulo,31.6931,-2.8098,ACTLTZ000723,NOT-2,ACPOTZ005229,NPK,7.08,2017,11,18,18/11/2017,31/10/2016,2016,10,31
2746,Tanzania,Tanzania Lake Region,Kagera,Biharamulo,31.6931,-2.8098,ACTLTZ000723,NOT-2,ACPOTZ005238,NPK_micro,4.64,2017,11,18,18/11/2017,31/10/2016,2016,10,31
2747,Tanzania,Tanzania Lake Region,Kagera,Biharamulo,31.6931,-2.8098,ACTLTZ000723,NOT-2,ACPOTZ005909,half_NPK,15.59,2017,11,18,18/11/2017,31/10/2016,2016,10,31
2748,Tanzania,Tanzania Lake Region,Mwanza,Sengerema,32.5823,-2.5709,ACTLTZ000724,NOT-2,ACPOTZ005092,NPK_micro,33.165,2017,12,3,03/12/2017,31/10/2016,2016,10,31
2749,Tanzania,Tanzania Lake Region,Mwanza,Sengerema,32.5823,-2.5709,ACTLTZ000724,NOT-2,ACPOTZ005013,NK,11.45,2017,12,3,03/12/2017,31/10/2016,2016,10,31
2750,Tanzania,Tanzania Lake Region,Mwanza,Sengerema,32.5823,-2.5709,ACTLTZ000724,NOT-2,ACPOTZ005102,NP,15.75,2017,12,3,03/12/2017,31/10/2016,2016,10,31
2751,Tanzania,Tanzania Lake Region,Mwanza,Sengerema,32.5823,-2.5709,ACTLTZ000724,NOT-2,ACPOTZ005023,PK,33.45,2017,12,3,03/12/2017,31/10/2016,2016,10,31
2752,Tanzania,Tanzania Lake Region,Mwanza,Sengerema,32.5823,-2.5709,ACTLTZ000724,NOT-2,ACPOTZ005082,half_NPK,18.75,2017,12,3,03/12/2017,31/10/2016,2016,10,31
2753,Tanzania,Tanzania Lake Region,Mwanza,Sengerema,32.5823,-2.5709,ACTLTZ000724,NOT-2,ACPOTZ005033,CON,19.95,2017,12,3,03/12/2017,31/10/2016,2016,10,31
2754,Tanzania,Tanzania Lake Region,Mwanza,Sengerema,32.5823,-2.5709,ACTLTZ000724,NOT-2,ACPOTZ005043,NPK,20.19,2017,12,3,03/12/2017,31/10/2016,2016,10,31
2755,Tanzania,Tanzania Lake Region,Mwanza,Sengerema,32.5823,-2.5709,ACTLTZ000724,NOT-2,ACPOTZ005073,NPK,20.365,2017,12,3,03/12/2017,31/10/2016,2016,10,31
2756,Tanzania,Tanzania Lake Region,Mwanza,Sengerema,32.117,-2.4701,ACTLTZ000727,NOT-2,ACPOTZ004462,half_NPK,14.88,2017,11,27,27/11/2017,31/10/2016,2016,10,31
2757,Tanzania,Tanzania Lake Region,Mwanza,Sengerema,32.117,-2.4701,ACTLTZ000727,NOT-2,ACPOTZ005931,NPK,14.13,2017,11,27,27/11/2017,31/10/2016,2016,10,31
2758,Tanzania,Tanzania Lake Region,Mwanza,Sengerema,32.117,-2.4701,ACTLTZ000727,NOT-2,ACPOTZ005912,PK,12.12,2017,11,27,27/11/2017,31/10/2016,2016,10,31
2759,Tanzania,Tanzania Lake Region,Mwanza,Sengerema,32.117,-2.4701,ACTLTZ000727,NOT-2,ACPOTZ005921,NP,21.705,2017,11,27,27/11/2017,31/10/2016,2016,10,31
2760,Tanzania,Tanzania Lake Region,Mwanza,Sengerema,32.117,-2.4701,ACTLTZ000727,NOT-2,ACPOTZ005237,CON,19.435,2017,11,27,27/11/2017,31/10/2016,2016,10,31
2761,Tanzania,Tanzania Lake Region,Mwanza,Sengerema,32.117,-2.4701,ACTLTZ000727,NOT-2,ACPOTZ005902,NPK_micro,21.105,2017,11,27,27/11/2017,31/10/2016,2016,10,31
2762,Tanzania,Tanzania Lake Region,Mwanza,Sengerema,32.117,-2.4701,ACTLTZ000727,NOT-2,ACPOTZ005221,NPK,26.26,2017,11,27,27/11/2017,31/10/2016,2016,10,31
2763,Tanzania,Tanzania Lake Region,Mwanza,Sengerema,32.1093,-2.4597,ACTLTZ000728,NOT-2,ACPOTZ005111,NPK_micro,20.5,2017,11,29,29/11/2017,31/10/2016,2016,10,31
2764,Tanzania,Tanzania Lake Region,Mwanza,Sengerema,32.1093,-2.4597,ACTLTZ000728,NOT-2,ACPOTZ005121,half_NPK,24.06,2017,11,29,29/11/2017,31/10/2016,2016,10,31
2765,Tanzania,Tanzania Lake Region,Mwanza,Sengerema,32.1093,-2.4597,ACTLTZ000728,NOT-2,ACPOTZ005150,NP,18.07,2017,11,29,29/11/2017,31/10/2016,2016,10,31
2766,Tanzania,Tanzania Lake Region,Mwanza,Sengerema,32.1093,-2.4597,ACTLTZ000728,NOT-2,ACPOTZ005245,PK,19.495,2017,11,29,29/11/2017,31/10/2016,2016,10,31
2767,Tanzania,Tanzania Lake Region,Mwanza,Sengerema,32.1093,-2.4597,ACTLTZ000728,NOT-2,ACPOTZ005011,NK,12.85,2017,11,29,29/11/2017,31/10/2016,2016,10,31
2768,Tanzania,Tanzania Lake Region,Mwanza,Sengerema,32.1093,-2.4597,ACTLTZ000728,NOT-2,ACPOTZ005113,NPK,9.76,2017,11,29,29/11/2017,31/10/2016,2016,10,31
2769,Tanzania,Tanzania Lake Region,Mwanza,Sengerema,32.1093,-2.4597,ACTLTZ000728,NOT-2,ACPOTZ004745,CON,15.59,2017,11,29,29/11/2017,31/10/2016,2016,10,31
2770,Tanzania,Tanzania Lake Region,Mara,Butiam,33.9239,-1.6802,ACTLTZ000741,NOT-2,ACPOTZ005859,NPK,3.9405,2017,11,11,11/11/2017,31/10/2016,2016,10,31
2771,Tanzania,Tanzania Lake Region,Mara,Butiam,33.9239,-1.6802,ACTLTZ000741,NOT-2,ACPOTZ005841,half_NPK,2.883,2017,11,11,11/11/2017,31/10/2016,2016,10,31
2772,Tanzania,Tanzania Lake Region,Mara,Butiam,33.9239,-1.6802,ACTLTZ000741,NOT-2,ACPOTZ005844,NK,1.17,2017,11,11,11/11/2017,31/10/2016,2016,10,31
2773,Tanzania,Tanzania Lake Region,Mara,Butiam,33.9239,-1.6802,ACTLTZ000741,NOT-2,ACPOTZ005845,PK,1.675,2017,11,11,11/11/2017,31/10/2016,2016,10,31
2774,Tanzania,Tanzania Lake Region,Mara,Butiam,33.9239,-1.6802,ACTLTZ000741,NOT-2,ACPOTZ005860,NPK,2.74,2017,11,11,11/11/2017,31/10/2016,2016,10,31
2775,Tanzania,Tanzania Lake Region,Mara,Butiam,33.9239,-1.6802,ACTLTZ000741,NOT-2,ACPOTZ005843,NP,2.0775,2017,11,11,11/11/2017,31/10/2016,2016,10,31
2776,Tanzania,Tanzania Lake Region,Mara,Butiam,33.9376,-1.6722,ACTLTZ000746,NOT-2,ACPOTZ005971,half_NPK,5.425,2017,11,12,12/11/2017,30/11/2016,2016,11,30
2777,Tanzania,Tanzania Lake Region,Mara,Butiam,33.9376,-1.6722,ACTLTZ000746,NOT-2,ACPOTZ005961,NPK_micro,5.4,2017,11,12,12/11/2017,30/11/2016,2016,11,30
2778,Tanzania,Tanzania Lake Region,Mara,Butiam,33.9376,-1.6722,ACTLTZ000746,NOT-2,ACPOTZ005461,NPK,4.292,2017,11,12,12/11/2017,30/11/2016,2016,11,30
2779,Tanzania,Tanzania Lake Region,Mara,Butiam,33.9376,-1.6722,ACTLTZ000746,NOT-2,ACPOTZ005951,NP,4.21,2017,11,12,12/11/2017,30/11/2016,2016,11,30
2780,Tanzania,Tanzania Lake Region,Mara,Butiam,33.9376,-1.6722,ACTLTZ000746,NOT-2,ACPOTZ005941,NK,4.35,2017,11,12,12/11/2017,30/11/2016,2016,11,30
2781,Tanzania,Tanzania Lake Region,Mara,Butiam,33.9376,-1.6722,ACTLTZ000746,NOT-2,ACPOTZ005960,PK,5.5925,2017,11,12,12/11/2017,30/11/2016,2016,11,30
2782,Tanzania,Tanzania Lake Region,Mara,Butiam,33.9376,-1.6722,ACTLTZ000746,NOT-2,ACPOTZ005451,NPK,6.9175,2017,11,12,12/11/2017,30/11/2016,2016,11,30
2783,Tanzania,Tanzania Lake Region,Mara,Butiam,33.9376,-1.6722,ACTLTZ000746,NOT-2,ACPOTZ005441,CON,3.5825,2017,11,12,12/11/2017,30/11/2016,2016,11,30
2784,Tanzania,Tanzania Lake Region,Mara,Butiam,33.9482,-1.6703,ACTLTZ000747,NOT-2,ACPOTZ005494,NPK,39.12,2017,11,16,16/11/2017,31/10/2016,2016,10,31
2785,Tanzania,Tanzania Lake Region,Mara,Butiam,33.9482,-1.6703,ACTLTZ000747,NOT-2,ACPOTZ005508,PK,28.935,2017,11,16,16/11/2017,31/10/2016,2016,10,31
2786,Tanzania,Tanzania Lake Region,Mara,Butiam,33.9482,-1.6703,ACTLTZ000747,NOT-2,ACPOTZ005498,NK,39.92,2017,11,16,16/11/2017,31/10/2016,2016,10,31
2787,Tanzania,Tanzania Lake Region,Mara,Butiam,33.9482,-1.6703,ACTLTZ000747,NOT-2,ACPOTZ005500,half_NPK,31.53,2017,11,16,16/11/2017,31/10/2016,2016,10,31
2788,Tanzania,Tanzania Lake Region,Mara,Butiam,33.9482,-1.6703,ACTLTZ000747,NOT-2,ACPOTZ005504,CON,38.325,2017,11,16,16/11/2017,31/10/2016,2016,10,31
2789,Tanzania,Tanzania Lake Region,Mara,Butiam,33.9482,-1.6703,ACTLTZ000747,NOT-2,ACPOTZ005506,NPK,42.75,2017,11,16,16/11/2017,31/10/2016,2016,10,31
2790,Tanzania,Tanzania Lake Region,Mara,Butiam,33.9482,-1.6703,ACTLTZ000747,NOT-2,ACPOTZ005509,NPK_micro,32.74,2017,11,16,16/11/2017,31/10/2016,2016,10,31
2791,Tanzania,Tanzania Lake Region,Mara,Butiam,33.9482,-1.6703,ACTLTZ000747,NOT-2,ACPOTZ005499,NP,32.255,2017,11,16,16/11/2017,31/10/2016,2016,10,31
2792,Tanzania,Tanzania Lake Region,Mara,Butiam,33.9482,-1.6774,ACTLTZ000748,NOT-2,ACPOTZ005857,NPK_micro,2.7275,2017,11,12,12/11/2017,31/10/2016,2016,10,31
2793,Tanzania,Tanzania Lake Region,Mara,Butiam,33.9482,-1.6774,ACTLTZ000748,NOT-2,ACPOTZ005840,NK,0.6825,2017,11,12,12/11/2017,31/10/2016,2016,10,31
2794,Tanzania,Tanzania Lake Region,Mara,Butiam,33.9482,-1.6774,ACTLTZ000748,NOT-2,ACPOTZ005855,NP,1.58,2017,11,12,12/11/2017,31/10/2016,2016,10,31
2795,Tanzania,Tanzania Lake Region,Mara,Butiam,33.9482,-1.6774,ACTLTZ000748,NOT-2,ACPOTZ005839,PK,5.1275,2017,11,12,12/11/2017,31/10/2016,2016,10,31
2796,Tanzania,Tanzania Lake Region,Mara,Butiam,33.9482,-1.6774,ACTLTZ000748,NOT-2,ACPOTZ005854,NPK,3.41,2017,11,12,12/11/2017,31/10/2016,2016,10,31
2797,Tanzania,Tanzania Lake Region,Mara,Butiam,33.9482,-1.6774,ACTLTZ000748,NOT-2,ACPOTZ005837,half_NPK,2.775,2017,11,12,12/11/2017,31/10/2016,2016,10,31
2798,Tanzania,Tanzania Lake Region,Mara,Butiam,33.9482,-1.6774,ACTLTZ000748,NOT-2,ACPOTZ005832,CON,2.7175,2017,11,12,12/11/2017,31/10/2016,2016,10,31
2799,Tanzania,Tanzania Lake Region,Mara,Butiam,33.9482,-1.6774,ACTLTZ000748,NOT-2,ACPOTZ005858,NPK,5.59,2017,11,12,12/11/2017,31/10/2016,2016,10,31
2800,Tanzania,Tanzania Lake Region,Mara,Butiam,33.9482,-1.6702,ACTLTZ000749,NOT-2,ACPOTZ006004,half_NPK,25.9,2017,11,14,14/11/2017,31/10/2016,2016,10,31
2801,Tanzania,Tanzania Lake Region,Mara,Butiam,33.9482,-1.6702,ACTLTZ000749,NOT-2,ACPOTZ006009,NPK_micro,27.48,2017,11,14,14/11/2017,31/10/2016,2016,10,31
2802,Tanzania,Tanzania Lake Region,Mara,Butiam,33.9482,-1.6702,ACTLTZ000749,NOT-2,ACPOTZ005999,NPK,32.205,2017,11,14,14/11/2017,31/10/2016,2016,10,31
2803,Tanzania,Tanzania Lake Region,Mara,Butiam,33.9482,-1.6702,ACTLTZ000749,NOT-2,ACPOTZ006001,CON,11.25,2017,11,14,14/11/2017,31/10/2016,2016,10,31
2804,Tanzania,Tanzania Lake Region,Mara,Butiam,33.9482,-1.6702,ACTLTZ000749,NOT-2,ACPOTZ006006,PK,14.7,2017,11,14,14/11/2017,31/10/2016,2016,10,31
2805,Tanzania,Tanzania Lake Region,Mara,Butiam,33.9482,-1.6702,ACTLTZ000749,NOT-2,ACPOTZ006000,NK,31.52,2017,11,14,14/11/2017,31/10/2016,2016,10,31
2806,Tanzania,Tanzania Lake Region,Mara,Butiam,33.9482,-1.6702,ACTLTZ000749,NOT-2,ACPOTZ006003,NPK,13.95,2017,11,14,14/11/2017,31/10/2016,2016,10,31
2807,Tanzania,Tanzania Lake Region,Mara,Butiam,33.9482,-1.6702,ACTLTZ000749,NOT-2,ACPOTZ006005,NP,42.06,2017,11,14,14/11/2017,31/10/2016,2016,10,31
2808,Tanzania,Tanzania Lake Region,Mara,Butiam,33.9482,-1.6703,ACTLTZ000750,NOT-2,ACPOTZ005473,PK,17.45,2017,11,16,16/11/2017,31/10/2016,2016,10,31
2809,Tanzania,Tanzania Lake Region,Mara,Butiam,33.9482,-1.6703,ACTLTZ000750,NOT-2,ACPOTZ005471,NPK,21.735,2017,11,16,16/11/2017,31/10/2016,2016,10,31
2810,Tanzania,Tanzania Lake Region,Mara,Butiam,33.9482,-1.6703,ACTLTZ000750,NOT-2,ACPOTZ005505,half_NPK,28.62,2017,11,16,16/11/2017,31/10/2016,2016,10,31
2811,Tanzania,Tanzania Lake Region,Mara,Butiam,33.9482,-1.6703,ACTLTZ000750,NOT-2,ACPOTZ005492,NK,15.4,2017,11,16,16/11/2017,31/10/2016,2016,10,31
2812,Tanzania,Tanzania Lake Region,Mara,Butiam,33.9482,-1.6703,ACTLTZ000750,NOT-2,ACPOTZ005502,NP,31.23,2017,11,16,16/11/2017,31/10/2016,2016,10,31
2813,Tanzania,Tanzania Lake Region,Mara,Butiam,33.9482,-1.6703,ACTLTZ000750,NOT-2,ACPOTZ005507,NPK_micro,17.015,2017,11,16,16/11/2017,31/10/2016,2016,10,31
2814,Tanzania,Tanzania Lake Region,Mara,Butiam,33.9482,-1.6703,ACTLTZ000750,NOT-2,ACPOTZ005472,NPK,14.979,2017,11,16,16/11/2017,31/10/2016,2016,10,31
2815,Tanzania,Tanzania Lake Region,Mara,Bunda,33.5791,-2.09,ACTLTZ000755,NOT-2,ACPOTZ006044,CON,18.15,2017,12,1,01/12/2017,31/10/2016,2016,10,31
2816,Tanzania,Tanzania Lake Region,Mara,Bunda,33.5791,-2.09,ACTLTZ000755,NOT-2,ACPOTZ006018,PK,9.83,2017,12,1,01/12/2017,31/10/2016,2016,10,31
2817,Tanzania,Tanzania Lake Region,Mara,Bunda,33.5791,-2.09,ACTLTZ000755,NOT-2,ACPOTZ006292,NK,13.52,2017,12,1,01/12/2017,31/10/2016,2016,10,31
2818,Tanzania,Tanzania Lake Region,Mara,Bunda,33.5791,-2.09,ACTLTZ000755,NOT-2,ACPOTZ006280,half_NPK,8.2,2017,12,1,01/12/2017,31/10/2016,2016,10,31
2819,Tanzania,Tanzania Lake Region,Mara,Bunda,33.5791,-2.09,ACTLTZ000755,NOT-2,ACPOTZ006251,NPK_micro,19.15,2017,12,1,01/12/2017,31/10/2016,2016,10,31
2820,Tanzania,Tanzania Lake Region,Mara,Bunda,33.5791,-2.09,ACTLTZ000755,NOT-2,ACPOTZ006014,NPK,13.4375,2017,12,1,01/12/2017,31/10/2016,2016,10,31
2821,Tanzania,Tanzania Lake Region,Mara,Bunda,33.5791,-2.09,ACTLTZ000755,NOT-2,ACPOTZ006291,NP,7.6175,2017,12,1,01/12/2017,31/10/2016,2016,10,31
2822,Tanzania,Tanzania Lake Region,Mara,Serengeti,34.446,-1.7271,ACTLTZ000758,NOT-2,ACPOTZ006412,half_NPK,38.4,2017,11,26,26/11/2017,31/10/2016,2016,10,31
2823,Tanzania,Tanzania Lake Region,Mara,Serengeti,34.446,-1.7271,ACTLTZ000758,NOT-2,ACPOTZ006432,NPK,33.7,2017,11,26,26/11/2017,31/10/2016,2016,10,31
2824,Tanzania,Tanzania Lake Region,Mara,Serengeti,34.446,-1.7271,ACTLTZ000758,NOT-2,ACPOTZ006442,NP,42.85,2017,11,26,26/11/2017,31/10/2016,2016,10,31
2825,Tanzania,Tanzania Lake Region,Mara,Serengeti,34.446,-1.7271,ACTLTZ000758,NOT-2,ACPOTZ006374,CON,57.3,2017,11,26,26/11/2017,31/10/2016,2016,10,31
2826,Tanzania,Tanzania Lake Region,Mara,Serengeti,34.446,-1.7271,ACTLTZ000758,NOT-2,ACPOTZ006383,NK,21.15,2017,11,26,26/11/2017,31/10/2016,2016,10,31
2827,Tanzania,Tanzania Lake Region,Mara,Serengeti,34.446,-1.7271,ACTLTZ000758,NOT-2,ACPOTZ006341,NPK,40.1,2017,11,26,26/11/2017,31/10/2016,2016,10,31
2828,Tanzania,Tanzania Lake Region,Mara,Serengeti,34.446,-1.7271,ACTLTZ000758,NOT-2,ACPOTZ006347,PK,33.3,2017,11,26,26/11/2017,31/10/2016,2016,10,31
2829,Tanzania,Tanzania Lake Region,Mara,Serengeti,34.446,-1.7271,ACTLTZ000758,NOT-2,ACPOTZ006422,NPK_micro,33.5,2017,11,26,26/11/2017,31/10/2016,2016,10,31
2830,Tanzania,Tanzania Lake Region,Mara,Serengeti,34.446,-1.7271,ACTLTZ000765,NOT-2,ACPOTZ006356,NPK,40.25,2017,11,25,25/11/2017,31/10/2016,2016,10,31
2831,Tanzania,Tanzania Lake Region,Mara,Serengeti,34.446,-1.7271,ACTLTZ000765,NOT-2,ACPOTZ006327,NPK,32.95,2017,11,25,25/11/2017,31/10/2016,2016,10,31
2832,Tanzania,Tanzania Lake Region,Mara,Serengeti,34.446,-1.7271,ACTLTZ000765,NOT-2,ACPOTZ006326,NPK_micro,30.46,2017,11,25,25/11/2017,31/10/2016,2016,10,31
2833,Tanzania,Tanzania Lake Region,Mara,Serengeti,34.446,-1.7271,ACTLTZ000765,NOT-2,ACPOTZ006328,half_NPK,18.65,2017,11,25,25/11/2017,31/10/2016,2016,10,31
2834,Tanzania,Tanzania Lake Region,Mara,Serengeti,34.446,-1.7271,ACTLTZ000765,NOT-2,ACPOTZ006336,NP,31.455,2017,11,25,25/11/2017,31/10/2016,2016,10,31
2835,Tanzania,Tanzania Lake Region,Mara,Serengeti,34.446,-1.7271,ACTLTZ000765,NOT-2,ACPOTZ006358,NK,33.86,2017,11,25,25/11/2017,31/10/2016,2016,10,31
2836,Tanzania,Tanzania Lake Region,Mara,Serengeti,34.446,-1.7271,ACTLTZ000765,NOT-2,ACPOTZ006337,CON,40.9,2017,11,25,25/11/2017,31/10/2016,2016,10,31
2837,Tanzania,Tanzania Lake Region,Mara,Serengeti,34.7043,-1.9122,ACTLTZ000767,NOT-2,ACPOTZ006382,NK,38.25,2017,11,27,27/11/2017,31/10/2016,2016,10,31
2838,Tanzania,Tanzania Lake Region,Mara,Serengeti,34.7043,-1.9122,ACTLTZ000767,NOT-2,ACPOTZ006345,NPK,25.05,2017,11,27,27/11/2017,31/10/2016,2016,10,31
2839,Tanzania,Tanzania Lake Region,Mara,Serengeti,34.7043,-1.9122,ACTLTZ000767,NOT-2,ACPOTZ006342,NPK,62.65,2017,11,27,27/11/2017,31/10/2016,2016,10,31
2840,Tanzania,Tanzania Lake Region,Mara,Serengeti,34.7043,-1.9122,ACTLTZ000767,NOT-2,ACPOTZ006421,NPK_micro,23.15,2017,11,27,27/11/2017,31/10/2016,2016,10,31
2841,Tanzania,Tanzania Lake Region,Mara,Serengeti,34.7043,-1.9122,ACTLTZ000767,NOT-2,ACPOTZ006392,PK,45.6,2017,11,27,27/11/2017,31/10/2016,2016,10,31
2842,Tanzania,Tanzania Lake Region,Mara,Serengeti,34.7043,-1.9122,ACTLTZ000767,NOT-2,ACPOTZ006461,NP,31.3,2017,11,27,27/11/2017,31/10/2016,2016,10,31
2843,Tanzania,Tanzania Lake Region,Mara,Serengeti,34.7043,-1.9122,ACTLTZ000767,NOT-2,ACPOTZ006361,CON,46.7,2017,11,27,27/11/2017,31/10/2016,2016,10,31
2844,Tanzania,Tanzania Lake Region,Mara,Serengeti,34.7043,-1.9122,ACTLTZ000767,NOT-2,ACPOTZ006431,half_NPK,51.3,2017,11,27,27/11/2017,31/10/2016,2016,10,31
2845,Tanzania,Tanzania Lake Region,Mara,Serengeti,34.6797,-1.9097,ACTLTZ000772,NOT-2,ACPOTZ006022,NPK,38.475,2017,11,28,28/11/2017,31/10/2016,2016,10,31
2846,Tanzania,Tanzania Lake Region,Mara,Serengeti,34.6797,-1.9097,ACTLTZ000772,NOT-2,ACPOTZ006033,NK,41.575,2017,11,28,28/11/2017,31/10/2016,2016,10,31
2847,Tanzania,Tanzania Lake Region,Mara,Serengeti,34.6797,-1.9097,ACTLTZ000772,NOT-2,ACPOTZ006096,NPK,48.175,2017,11,28,28/11/2017,31/10/2016,2016,10,31
2848,Tanzania,Tanzania Lake Region,Mara,Serengeti,34.6797,-1.9097,ACTLTZ000772,NOT-2,ACPOTZ006106,NP,29.15,2017,11,28,28/11/2017,31/10/2016,2016,10,31
2849,Tanzania,Tanzania Lake Region,Mara,Serengeti,34.6797,-1.9097,ACTLTZ000772,NOT-2,ACPOTZ006126,half_NPK,14.125,2017,11,28,28/11/2017,31/10/2016,2016,10,31
2850,Tanzania,Tanzania Lake Region,Mara,Serengeti,34.6797,-1.9097,ACTLTZ000772,NOT-2,ACPOTZ006116,NPK_micro,36.45,2017,11,28,28/11/2017,31/10/2016,2016,10,31
2851,Tanzania,Tanzania Lake Region,Mara,Serengeti,34.6797,-1.9097,ACTLTZ000772,NOT-2,ACPOTZ006012,PK,26.6625,2017,11,28,28/11/2017,31/10/2016,2016,10,31
2852,Tanzania,Tanzania Lake Region,Mara,Serengeti,34.6797,-1.9097,ACTLTZ000772,NOT-2,ACPOTZ005884,CON,31.25,2017,11,28,28/11/2017,31/10/2016,2016,10,31
2853,Tanzania,Tanzania Lake Region,Mara,Butiam,33.781,-1.8295,ACTLTZ000774,NOT-2,ACPOTZ006226,NP,15.54,2017,11,21,21/11/2017,31/10/2016,2016,10,31
2854,Tanzania,Tanzania Lake Region,Mara,Butiam,33.781,-1.8295,ACTLTZ000774,NOT-2,ACPOTZ006236,CON,15.24,2017,11,21,21/11/2017,31/10/2016,2016,10,31
2855,Tanzania,Tanzania Lake Region,Mara,Butiam,33.781,-1.8295,ACTLTZ000774,NOT-2,ACPOTZ006035,NPK,31.98,2017,11,21,21/11/2017,31/10/2016,2016,10,31
2856,Tanzania,Tanzania Lake Region,Mara,Butiam,33.781,-1.8295,ACTLTZ000774,NOT-2,ACPOTZ006074,NPK,22.39,2017,11,21,21/11/2017,31/10/2016,2016,10,31
2857,Tanzania,Tanzania Lake Region,Mara,Butiam,33.781,-1.8295,ACTLTZ000774,NOT-2,ACPOTZ006034,PK,28.525,2017,11,21,21/11/2017,31/10/2016,2016,10,31
2858,Tanzania,Tanzania Lake Region,Mara,Butiam,33.781,-1.8295,ACTLTZ000774,NOT-2,ACPOTZ006216,NPK_micro,25.095,2017,11,21,21/11/2017,31/10/2016,2016,10,31
2859,Tanzania,Tanzania Lake Region,Mara,Butiam,33.781,-1.8295,ACTLTZ000774,NOT-2,ACPOTZ005885,half_NPK,16.98,2017,11,21,21/11/2017,31/10/2016,2016,10,31
2860,Tanzania,Tanzania Lake Region,Mara,Butiam,33.781,-1.8295,ACTLTZ000774,NOT-2,ACPOTZ005875,NK,27.31,2017,11,21,21/11/2017,31/10/2016,2016,10,31
2861,Tanzania,Tanzania Lake Region,Mara,Serengeti,34.446,-1.7271,ACTLTZ000775,NOT-2,ACPOTZ006206,NP,12.75,2017,11,23,23/11/2017,31/10/2016,2016,10,31
2862,Tanzania,Tanzania Lake Region,Mara,Serengeti,34.446,-1.7271,ACTLTZ000775,NOT-2,ACPOTZ006073,PK,32.065,2017,11,23,23/11/2017,31/10/2016,2016,10,31
2863,Tanzania,Tanzania Lake Region,Mara,Serengeti,34.446,-1.7271,ACTLTZ000775,NOT-2,ACPOTZ006025,NPK,15.45,2017,11,23,23/11/2017,31/10/2016,2016,10,31
2864,Tanzania,Tanzania Lake Region,Mara,Serengeti,34.446,-1.7271,ACTLTZ000775,NOT-2,ACPOTZ006017,NPK_micro,26.34,2017,11,23,23/11/2017,31/10/2016,2016,10,31
2865,Tanzania,Tanzania Lake Region,Mara,Serengeti,34.446,-1.7271,ACTLTZ000775,NOT-2,ACPOTZ006054,NK,27.595,2017,11,23,23/11/2017,31/10/2016,2016,10,31
2866,Tanzania,Tanzania Lake Region,Mara,Serengeti,34.446,-1.7271,ACTLTZ000775,NOT-2,ACPOTZ006064,CON,19.13,2017,11,23,23/11/2017,31/10/2016,2016,10,31
2867,Tanzania,Tanzania Lake Region,Mara,Serengeti,34.446,-1.7271,ACTLTZ000775,NOT-2,ACPOTZ006024,half_NPK,22.05,2017,11,23,23/11/2017,31/10/2016,2016,10,31
2868,Tanzania,Tanzania Lake Region,Mara,Serengeti,34.446,-1.7271,ACTLTZ000775,NOT-2,ACPOTZ005894,NPK,22.605,2017,11,23,23/11/2017,31/10/2016,2016,10,31
2869,Tanzania,Tanzania Lake Region,Mara,Butiam,33.9666,-1.6736,ACTLTZ000781,NOT-2,ACPOTZ005434,NPK,20.52,2017,11,13,13/11/2017,31/10/2016,2016,10,31
2870,Tanzania,Tanzania Lake Region,Mara,Butiam,33.9666,-1.6736,ACTLTZ000781,NOT-2,ACPOTZ005464,NP,18.855,2017,11,13,13/11/2017,31/10/2016,2016,10,31
2871,Tanzania,Tanzania Lake Region,Mara,Butiam,33.9666,-1.6736,ACTLTZ000781,NOT-2,ACPOTZ005954,half_NPK,18.795,2017,11,13,13/11/2017,31/10/2016,2016,10,31
2872,Tanzania,Tanzania Lake Region,Mara,Butiam,33.9666,-1.6736,ACTLTZ000781,NOT-2,ACPOTZ005944,NPK_micro,36.66,2017,11,13,13/11/2017,31/10/2016,2016,10,31
2873,Tanzania,Tanzania Lake Region,Mara,Butiam,33.9666,-1.6736,ACTLTZ000781,NOT-2,ACPOTZ005444,NK,23.685,2017,11,13,13/11/2017,31/10/2016,2016,10,31
2874,Tanzania,Tanzania Lake Region,Mara,Butiam,33.9666,-1.6736,ACTLTZ000781,NOT-2,ACPOTZ005437,NPK,29.69,2017,11,13,13/11/2017,31/10/2016,2016,10,31
2875,Tanzania,Tanzania Lake Region,Mara,Butiam,33.9666,-1.6736,ACTLTZ000781,NOT-2,ACPOTZ005454,PK,21.425,2017,11,13,13/11/2017,31/10/2016,2016,10,31
2876,Tanzania,Tanzania Lake Region,Mara,Butiam,33.9482,-1.6702,ACTLTZ000785,NOT-2,ACPOTZ005481,NPK,21.495,2017,11,17,17/11/2017,31/10/2016,2016,10,31
2877,Tanzania,Tanzania Lake Region,Mara,Butiam,33.9482,-1.6702,ACTLTZ000785,NOT-2,ACPOTZ005487,NPK_micro,20.825,2017,11,17,17/11/2017,31/10/2016,2016,10,31
2878,Tanzania,Tanzania Lake Region,Mara,Butiam,33.9482,-1.6702,ACTLTZ000785,NOT-2,ACPOTZ005485,NP,40.75,2017,11,17,17/11/2017,31/10/2016,2016,10,31
2879,Tanzania,Tanzania Lake Region,Mara,Butiam,33.9482,-1.6702,ACTLTZ000785,NOT-2,ACPOTZ005482,NPK,16.29,2017,11,17,17/11/2017,31/10/2016,2016,10,31
2880,Tanzania,Tanzania Lake Region,Mara,Butiam,33.9482,-1.6702,ACTLTZ000785,NOT-2,ACPOTZ005488,NK,12.695,2017,11,17,17/11/2017,31/10/2016,2016,10,31
2881,Tanzania,Tanzania Lake Region,Mara,Butiam,33.9482,-1.6702,ACTLTZ000785,NOT-2,ACPOTZ005490,half_NPK,20.166,2017,11,17,17/11/2017,31/10/2016,2016,10,31
2882,Tanzania,Tanzania Lake Region,Mara,Butiam,33.9482,-1.6702,ACTLTZ000785,NOT-2,ACPOTZ005483,CON,28.17,2017,11,17,17/11/2017,31/10/2016,2016,10,31
2883,Tanzania,Tanzania Lake Region,Mara,Butiam,33.9482,-1.6702,ACTLTZ000785,NOT-2,ACPOTZ005484,PK,15.87,2017,11,17,17/11/2017,31/10/2016,2016,10,31
2884,Tanzania,Tanzania Lake Region,Mara,Bunda,33.5791,-2.09,ACTLTZ000788,NOT-2,ACPOTZ006363,NPK,23.3,2017,12,1,01/12/2017,31/10/2016,2016,10,31
2885,Tanzania,Tanzania Lake Region,Mara,Bunda,33.5791,-2.09,ACTLTZ000788,NOT-2,ACPOTZ006403,CON,14.75,2017,12,1,01/12/2017,31/10/2016,2016,10,31
2886,Tanzania,Tanzania Lake Region,Mara,Bunda,33.5791,-2.09,ACTLTZ000788,NOT-2,ACPOTZ006324,NPK,10.745,2017,12,1,01/12/2017,31/10/2016,2016,10,31
2887,Tanzania,Tanzania Lake Region,Mara,Bunda,33.5791,-2.09,ACTLTZ000788,NOT-2,ACPOTZ006433,NPK_micro,16.52,2017,12,1,01/12/2017,31/10/2016,2016,10,31
2888,Tanzania,Tanzania Lake Region,Mara,Bunda,33.5791,-2.09,ACTLTZ000788,NOT-2,ACPOTZ006355,NP,17.9,2017,12,1,01/12/2017,31/10/2016,2016,10,31
2889,Tanzania,Tanzania Lake Region,Mara,Bunda,33.5791,-2.09,ACTLTZ000788,NOT-2,ACPOTZ006373,PK,9.6,2017,12,1,01/12/2017,31/10/2016,2016,10,31
2890,Tanzania,Tanzania Lake Region,Mara,Bunda,33.5791,-2.09,ACTLTZ000788,NOT-2,ACPOTZ006393,NK,20.345,2017,12,1,01/12/2017,31/10/2016,2016,10,31
2891,Tanzania,Tanzania Lake Region,Mara,Bunda,33.5791,-2.09,ACTLTZ000788,NOT-2,ACPOTZ006423,half_NPK,9.5,2017,12,1,01/12/2017,31/10/2016,2016,10,31
2892,Tanzania,Tanzania Lake Region,Mara,Serengeti,34.446,-1.7271,ACTLTZ000795,NOT-2,ACPOTZ006147,NPK,22.65,2017,11,26,26/11/2017,31/10/2016,2016,10,31
2893,Tanzania,Tanzania Lake Region,Mara,Serengeti,34.446,-1.7271,ACTLTZ000795,NOT-2,ACPOTZ006107,NPK,18.7,2017,11,26,26/11/2017,31/10/2016,2016,10,31
2894,Tanzania,Tanzania Lake Region,Mara,Serengeti,34.446,-1.7271,ACTLTZ000795,NOT-2,ACPOTZ006249,CON,51.7,2017,11,26,26/11/2017,31/10/2016,2016,10,31
2895,Tanzania,Tanzania Lake Region,Mara,Serengeti,34.446,-1.7271,ACTLTZ000795,NOT-2,ACPOTZ006118,NP,27.65,2017,11,26,26/11/2017,31/10/2016,2016,10,31
2896,Tanzania,Tanzania Lake Region,Mara,Serengeti,34.446,-1.7271,ACTLTZ000795,NOT-2,ACPOTZ006117,PK,26.65,2017,11,26,26/11/2017,31/10/2016,2016,10,31
2897,Tanzania,Tanzania Lake Region,Mara,Serengeti,34.446,-1.7271,ACTLTZ000795,NOT-2,ACPOTZ006187,half_NPK,20.8,2017,11,26,26/11/2017,31/10/2016,2016,10,31
2898,Tanzania,Tanzania Lake Region,Mara,Serengeti,34.446,-1.7271,ACTLTZ000795,NOT-2,ACPOTZ006128,NPK_micro,17.95,2017,11,26,26/11/2017,31/10/2016,2016,10,31
2899,Tanzania,Tanzania Lake Region,Mara,Butiam,33.781,-1.8295,ACTLTZ000804,NOT-2,ACPOTZ006152,NP,15,2017,11,21,21/11/2017,31/10/2016,2016,10,31
2900,Tanzania,Tanzania Lake Region,Mara,Butiam,33.781,-1.8295,ACTLTZ000804,NOT-2,ACPOTZ006132,half_NPK,21.36,2017,11,21,21/11/2017,31/10/2016,2016,10,31
2901,Tanzania,Tanzania Lake Region,Mara,Butiam,33.781,-1.8295,ACTLTZ000804,NOT-2,ACPOTZ006142,NPK_micro,28.2,2017,11,21,21/11/2017,31/10/2016,2016,10,31
2902,Tanzania,Tanzania Lake Region,Mara,Butiam,33.781,-1.8295,ACTLTZ000804,NOT-2,ACPOTZ006059,NPK,27.12,2017,11,21,21/11/2017,31/10/2016,2016,10,31
2903,Tanzania,Tanzania Lake Region,Mara,Butiam,33.781,-1.8295,ACTLTZ000804,NOT-2,ACPOTZ006046,CON,22.56,2017,11,21,21/11/2017,31/10/2016,2016,10,31
2904,Tanzania,Tanzania Lake Region,Mara,Butiam,33.781,-1.8295,ACTLTZ000804,NOT-2,ACPOTZ006162,PK,25.32,2017,11,21,21/11/2017,31/10/2016,2016,10,31
2905,Tanzania,Tanzania Lake Region,Mara,Butiam,33.781,-1.8295,ACTLTZ000804,NOT-2,ACPOTZ006070,NPK,24.72,2017,11,21,21/11/2017,31/10/2016,2016,10,31
2906,Tanzania,Tanzania Lake Region,Mara,Bunda,33.5791,-2.09,ACTLTZ000811,NOT-2,ACPOTZ006203,half_NPK,21.64,2017,12,2,02/12/2017,31/10/2016,2016,10,31
2907,Tanzania,Tanzania Lake Region,Mara,Bunda,33.5791,-2.09,ACTLTZ000811,NOT-2,ACPOTZ006223,NPK_micro,8.09,2017,12,2,02/12/2017,31/10/2016,2016,10,31
2908,Tanzania,Tanzania Lake Region,Mara,Bunda,33.5791,-2.09,ACTLTZ000811,NOT-2,ACPOTZ006143,CON,7.55,2017,12,2,02/12/2017,31/10/2016,2016,10,31
2909,Tanzania,Tanzania Lake Region,Mara,Bunda,33.5791,-2.09,ACTLTZ000811,NOT-2,ACPOTZ006153,NPK,4.1,2017,12,2,02/12/2017,31/10/2016,2016,10,31
2910,Tanzania,Tanzania Lake Region,Mara,Bunda,33.5791,-2.09,ACTLTZ000811,NOT-2,ACPOTZ006233,NK,11.1,2017,12,2,02/12/2017,31/10/2016,2016,10,31
2911,Tanzania,Tanzania Lake Region,Mara,Bunda,33.5791,-2.09,ACTLTZ000811,NOT-2,ACPOTZ006163,PK,27.2,2017,12,2,02/12/2017,31/10/2016,2016,10,31
2912,Tanzania,Tanzania Lake Region,Mara,Bunda,33.5791,-2.09,ACTLTZ000811,NOT-2,ACPOTZ006133,NPK,15.875,2017,12,2,02/12/2017,31/10/2016,2016,10,31
2913,Tanzania,Tanzania Lake Region,Mara,Bunda,33.5791,-2.09,ACTLTZ000811,NOT-2,ACPOTZ006243,NP,7.735,2017,12,2,02/12/2017,31/10/2016,2016,10,31
2914,Tanzania,Tanzania Lake Region,Mara,Bunda,33.5791,-2.09,ACTLTZ000813,NOT-2,ACPOTZ005880,NP,12.315,2017,12,2,02/12/2017,31/10/2016,2016,10,31
2915,Tanzania,Tanzania Lake Region,Mara,Bunda,33.5791,-2.09,ACTLTZ000813,NOT-2,ACPOTZ006040,PK,18.975,2017,12,2,02/12/2017,31/10/2016,2016,10,31
2916,Tanzania,Tanzania Lake Region,Mara,Bunda,33.5791,-2.09,ACTLTZ000813,NOT-2,ACPOTZ005879,NPK_micro,5.5875,2017,12,2,02/12/2017,31/10/2016,2016,10,31
2917,Tanzania,Tanzania Lake Region,Mara,Bunda,33.5791,-2.09,ACTLTZ000813,NOT-2,ACPOTZ006039,NK,25.3625,2017,12,2,02/12/2017,31/10/2016,2016,10,31
2918,Tanzania,Tanzania Lake Region,Mara,Bunda,33.5791,-2.09,ACTLTZ000813,NOT-2,ACPOTZ006088,NPK,19.345,2017,12,2,02/12/2017,31/10/2016,2016,10,31
2919,Tanzania,Tanzania Lake Region,Mara,Bunda,33.5791,-2.09,ACTLTZ000813,NOT-2,ACPOTZ006029,NPK,13.9875,2017,12,2,02/12/2017,31/10/2016,2016,10,31
2920,Tanzania,Tanzania Lake Region,Mara,Bunda,33.5791,-2.09,ACTLTZ000813,NOT-2,ACPOTZ005878,half_NPK,15.0625,2017,12,2,02/12/2017,31/10/2016,2016,10,31
2921,Tanzania,Tanzania Lake Region,Mara,Bunda,33.5791,-2.09,ACTLTZ000813,NOT-2,ACPOTZ006030,CON,13.9125,2017,12,2,02/12/2017,31/10/2016,2016,10,31
2922,Tanzania,Tanzania Lake Region,Mara,Serengeti,34.6565,-1.8931,ACTLTZ000814,NOT-2,ACPOTZ006170,half_NPK,24.2,2017,11,29,29/11/2017,31/10/2016,2016,10,31
2923,Tanzania,Tanzania Lake Region,Mara,Serengeti,34.6565,-1.8931,ACTLTZ000814,NOT-2,ACPOTZ006150,NP,29.35,2017,11,29,29/11/2017,31/10/2016,2016,10,31
2924,Tanzania,Tanzania Lake Region,Mara,Serengeti,34.6565,-1.8931,ACTLTZ000814,NOT-2,ACPOTZ006130,PK,28.5,2017,11,29,29/11/2017,31/10/2016,2016,10,31
2925,Tanzania,Tanzania Lake Region,Mara,Serengeti,34.6565,-1.8931,ACTLTZ000814,NOT-2,ACPOTZ006100,CON,22.06,2017,11,29,29/11/2017,31/10/2016,2016,10,31
2926,Tanzania,Tanzania Lake Region,Mara,Serengeti,34.6565,-1.8931,ACTLTZ000814,NOT-2,ACPOTZ006140,NK,7.7,2017,11,29,29/11/2017,31/10/2016,2016,10,31
2927,Tanzania,Tanzania Lake Region,Mara,Serengeti,34.6565,-1.8931,ACTLTZ000814,NOT-2,ACPOTZ006110,NPK,36.15,2017,11,29,29/11/2017,31/10/2016,2016,10,31
2928,Tanzania,Tanzania Lake Region,Mara,Serengeti,34.6565,-1.8931,ACTLTZ000814,NOT-2,ACPOTZ006160,NPK_micro,22.9725,2017,11,29,29/11/2017,31/10/2016,2016,10,31
2929,Tanzania,Tanzania Lake Region,Mara,Serengeti,34.6565,-1.8931,ACTLTZ000814,NOT-2,ACPOTZ006120,NPK,10.74,2017,11,29,29/11/2017,31/10/2016,2016,10,31
2930,Tanzania,Tanzania Lake Region,Mara,Serengeti,34.6908,-1.8951,ACTLTZ000822,NOT-1,ACPOTZ006694,NK,17.22,2017,11,28,28/11/2017,31/10/2016,2016,10,31
2931,Tanzania,Tanzania Lake Region,Mara,Serengeti,34.6908,-1.8951,ACTLTZ000822,NOT-1,ACPOTZ006599,half_NPK,55.55,2017,11,28,28/11/2017,31/10/2016,2016,10,31
2932,Tanzania,Tanzania Lake Region,Mara,Serengeti,34.6908,-1.8951,ACTLTZ000822,NOT-1,ACPOTZ006589,NPK_micro,28.85,2017,11,28,28/11/2017,31/10/2016,2016,10,31
2933,Tanzania,Tanzania Lake Region,Mara,Serengeti,34.6908,-1.8951,ACTLTZ000822,NOT-1,ACPOTZ006645,NPK,24.9,2017,11,28,28/11/2017,31/10/2016,2016,10,31
2934,Tanzania,Tanzania Lake Region,Mara,Serengeti,34.6908,-1.8951,ACTLTZ000822,NOT-1,ACPOTZ006676,NPK,30.63,2017,11,28,28/11/2017,31/10/2016,2016,10,31
2935,Tanzania,Tanzania Lake Region,Mara,Serengeti,34.6908,-1.8951,ACTLTZ000822,NOT-1,ACPOTZ006684,PK,32.4,2017,11,28,28/11/2017,31/10/2016,2016,10,31
2936,Tanzania,Tanzania Lake Region,Mara,Serengeti,34.6908,-1.8951,ACTLTZ000822,NOT-1,ACPOTZ006635,CON,22.75,2017,11,28,28/11/2017,31/10/2016,2016,10,31
2937,Tanzania,Tanzania Lake Region,Mara,Butiam,33.781,-1.8295,ACTLTZ000823,NOT-2,ACPOTZ006567,NPK,23.52,2017,11,21,21/11/2017,31/10/2016,2016,10,31
2938,Tanzania,Tanzania Lake Region,Mara,Butiam,33.781,-1.8295,ACTLTZ000823,NOT-2,ACPOTZ006618,NP,26.04,2017,11,21,21/11/2017,31/10/2016,2016,10,31
2939,Tanzania,Tanzania Lake Region,Mara,Butiam,33.781,-1.8295,ACTLTZ000823,NOT-2,ACPOTZ006537,half_NPK,12.54,2017,11,21,21/11/2017,31/10/2016,2016,10,31
2940,Tanzania,Tanzania Lake Region,Mara,Butiam,33.781,-1.8295,ACTLTZ000823,NOT-2,ACPOTZ006628,NPK_micro,31.06,2017,11,21,21/11/2017,31/10/2016,2016,10,31
2941,Tanzania,Tanzania Lake Region,Mara,Butiam,33.781,-1.8295,ACTLTZ000823,NOT-2,ACPOTZ006577,NPK,24.84,2017,11,21,21/11/2017,31/10/2016,2016,10,31
2942,Tanzania,Tanzania Lake Region,Mara,Butiam,33.781,-1.8295,ACTLTZ000823,NOT-2,ACPOTZ006587,CON,26.52,2017,11,21,21/11/2017,31/10/2016,2016,10,31
2943,Tanzania,Tanzania Lake Region,Mara,Butiam,33.781,-1.8295,ACTLTZ000823,NOT-2,ACPOTZ006557,PK,29.88,2017,11,21,21/11/2017,31/10/2016,2016,10,31
2944,Tanzania,Tanzania Lake Region,Mara,Butiam,33.781,-1.8295,ACTLTZ000823,NOT-2,ACPOTZ006547,NK,24.66,2017,11,21,21/11/2017,31/10/2016,2016,10,31
2945,Tanzania,Tanzania Lake Region,Mara,Butiam,33.781,-1.8295,ACTLTZ000825,NOT-2,ACPOTZ006388,PK,20.79,2017,11,21,21/11/2017,31/10/2016,2016,10,31
2946,Tanzania,Tanzania Lake Region,Mara,Butiam,33.781,-1.8295,ACTLTZ000825,NOT-2,ACPOTZ006085,half_NPK,7.4,2017,11,21,21/11/2017,31/10/2016,2016,10,31
2947,Tanzania,Tanzania Lake Region,Mara,Butiam,33.781,-1.8295,ACTLTZ000825,NOT-2,ACPOTZ006458,NPK,17.0875,2017,11,21,21/11/2017,31/10/2016,2016,10,31
2948,Tanzania,Tanzania Lake Region,Mara,Butiam,33.781,-1.8295,ACTLTZ000825,NOT-2,ACPOTZ006428,NPK_micro,20.33,2017,11,21,21/11/2017,31/10/2016,2016,10,31
2949,Tanzania,Tanzania Lake Region,Mara,Butiam,33.781,-1.8295,ACTLTZ000825,NOT-2,ACPOTZ006468,NPK,19.62,2017,11,21,21/11/2017,31/10/2016,2016,10,31
2950,Tanzania,Tanzania Lake Region,Mara,Butiam,33.781,-1.8295,ACTLTZ000825,NOT-2,ACPOTZ006448,CON,8.56,2017,11,21,21/11/2017,31/10/2016,2016,10,31
2951,Tanzania,Tanzania Lake Region,Mara,Butiam,33.781,-1.8295,ACTLTZ000825,NOT-2,ACPOTZ006368,NK,11.59,2017,11,21,21/11/2017,31/10/2016,2016,10,31
2952,Tanzania,Tanzania Lake Region,Mara,Butiam,33.781,-1.8295,ACTLTZ000825,NOT-2,ACPOTZ006407,NP,9.565,2017,11,21,21/11/2017,31/10/2016,2016,10,31
2953,Tanzania,Tanzania Lake Region,Mara,Serengeti,34.6915,-1.9035,ACTLTZ000826,NOT-1,ACPOTZ006578,PK,28.1375,2017,11,28,28/11/2017,31/10/2016,2016,10,31
2954,Tanzania,Tanzania Lake Region,Mara,Serengeti,34.6915,-1.9035,ACTLTZ000826,NOT-1,ACPOTZ006538,CON,33.4875,2017,11,28,28/11/2017,31/10/2016,2016,10,31
2955,Tanzania,Tanzania Lake Region,Mara,Serengeti,34.6915,-1.9035,ACTLTZ000826,NOT-1,ACPOTZ006558,NPK,16.95,2017,11,28,28/11/2017,31/10/2016,2016,10,31
2956,Tanzania,Tanzania Lake Region,Mara,Serengeti,34.6915,-1.9035,ACTLTZ000826,NOT-1,ACPOTZ006598,NPK_micro,14.75,2017,11,28,28/11/2017,31/10/2016,2016,10,31
2957,Tanzania,Tanzania Lake Region,Mara,Serengeti,34.6915,-1.9035,ACTLTZ000826,NOT-1,ACPOTZ006588,NK,31.975,2017,11,28,28/11/2017,31/10/2016,2016,10,31
2958,Tanzania,Tanzania Lake Region,Mara,Serengeti,34.6915,-1.9035,ACTLTZ000826,NOT-1,ACPOTZ006548,NPK,10.8875,2017,11,28,28/11/2017,31/10/2016,2016,10,31
2959,Tanzania,Tanzania Lake Region,Mara,Serengeti,34.6915,-1.9035,ACTLTZ000826,NOT-1,ACPOTZ006568,NP,17.2,2017,11,28,28/11/2017,31/10/2016,2016,10,31
2960,Tanzania,Tanzania Lake Region,Mara,Serengeti,34.6915,-1.9035,ACTLTZ000826,NOT-1,ACPOTZ006608,half_NPK,16.375,2017,11,28,28/11/2017,31/10/2016,2016,10,31
2961,Tanzania,Tanzania Lake Region,Mara,Serengeti,34.6685,-1.8988,ACTLTZ000827,NOT-1,ACPOTZ006706,NP,41.45,2017,11,28,28/11/2017,31/03/2017,2017,3,31
2962,Tanzania,Tanzania Lake Region,Mara,Serengeti,34.6685,-1.8988,ACTLTZ000827,NOT-1,ACPOTZ006638,NPK_micro,37.23,2017,11,28,28/11/2017,31/03/2017,2017,3,31
2963,Tanzania,Tanzania Lake Region,Mara,Serengeti,34.6685,-1.8988,ACTLTZ000827,NOT-1,ACPOTZ006696,NK,50.3,2017,11,28,28/11/2017,31/03/2017,2017,3,31
2964,Tanzania,Tanzania Lake Region,Mara,Serengeti,34.6685,-1.8988,ACTLTZ000827,NOT-1,ACPOTZ006686,PK,30.3,2017,11,28,28/11/2017,31/03/2017,2017,3,31
2965,Tanzania,Tanzania Lake Region,Mara,Serengeti,34.6685,-1.8988,ACTLTZ000827,NOT-1,ACPOTZ006648,half_NPK,23.2,2017,11,28,28/11/2017,31/03/2017,2017,3,31
2966,Tanzania,Tanzania Lake Region,Mara,Serengeti,34.6685,-1.8988,ACTLTZ000827,NOT-1,ACPOTZ006678,NPK,27.3,2017,11,28,28/11/2017,31/03/2017,2017,3,31
2967,Tanzania,Tanzania Lake Region,Mara,Serengeti,34.6685,-1.8988,ACTLTZ000827,NOT-1,ACPOTZ006667,NPK,18.7,2017,11,28,28/11/2017,31/03/2017,2017,3,31
2968,Tanzania,Tanzania Lake Region,Mara,Serengeti,34.4955,-1.7296,ACTLTZ000833,NOT-1,ACPOTZ006735,NPK,10.16,2017,10,15,15/10/2017,29/11/2016,2016,11,29
2969,Tanzania,Tanzania Lake Region,Mara,Bunda,33.5832,-2.081,ACTLTZ000844,NOT-1,ACPOTZ006661,PK,4.225,2017,12,4,04/12/2017,31/10/2016,2016,10,31
2970,Tanzania,Tanzania Lake Region,Mara,Bunda,33.5832,-2.081,ACTLTZ000844,NOT-1,ACPOTZ006671,NPK,9.15,2017,12,4,04/12/2017,31/10/2016,2016,10,31
2971,Tanzania,Tanzania Lake Region,Mara,Bunda,33.5832,-2.081,ACTLTZ000844,NOT-1,ACPOTZ006641,NP,7.8,2017,12,4,04/12/2017,31/10/2016,2016,10,31
2972,Tanzania,Tanzania Lake Region,Mara,Bunda,33.5832,-2.081,ACTLTZ000844,NOT-1,ACPOTZ006631,NPK_micro,4.75,2017,12,4,04/12/2017,31/10/2016,2016,10,31
2973,Tanzania,Tanzania Lake Region,Mara,Bunda,33.5832,-2.081,ACTLTZ000844,NOT-1,ACPOTZ006681,CON,3.6375,2017,12,4,04/12/2017,31/10/2016,2016,10,31
2974,Tanzania,Tanzania Lake Region,Mara,Bunda,33.5832,-2.081,ACTLTZ000844,NOT-1,ACPOTZ006632,NPK,6.6,2017,12,4,04/12/2017,31/10/2016,2016,10,31
2975,Tanzania,Tanzania Lake Region,Mara,Bunda,33.5832,-2.081,ACTLTZ000844,NOT-1,ACPOTZ006642,half_NPK,3.42,2017,12,4,04/12/2017,31/10/2016,2016,10,31
2976,Tanzania,Tanzania Lake Region,Mara,Bunda,33.5832,-2.081,ACTLTZ000844,NOT-1,ACPOTZ006651,NK,5.75,2017,12,4,04/12/2017,31/10/2016,2016,10,31
2977,Tanzania,Tanzania Lake Region,Mara,Serengeti,34.6482,-1.8653,ACTLTZ000848,NOT-1,ACPOTZ006717,half_NPK,10.225,2017,11,29,29/11/2017,31/10/2016,2016,10,31
2978,Tanzania,Tanzania Lake Region,Mara,Serengeti,34.6482,-1.8653,ACTLTZ000848,NOT-1,ACPOTZ006782,PK,25.2,2017,11,29,29/11/2017,31/10/2016,2016,10,31
2979,Tanzania,Tanzania Lake Region,Mara,Serengeti,34.6482,-1.8653,ACTLTZ000848,NOT-1,ACPOTZ006740,NPK_micro,26.09,2017,11,29,29/11/2017,31/10/2016,2016,10,31
2980,Tanzania,Tanzania Lake Region,Mara,Serengeti,34.6482,-1.8653,ACTLTZ000848,NOT-1,ACPOTZ006772,NPK,13.5125,2017,11,29,29/11/2017,31/10/2016,2016,10,31
2981,Tanzania,Tanzania Lake Region,Mara,Serengeti,34.6482,-1.8653,ACTLTZ000848,NOT-1,ACPOTZ006763,CON,35.95,2017,11,29,29/11/2017,31/10/2016,2016,10,31
2982,Tanzania,Tanzania Lake Region,Mara,Serengeti,34.6482,-1.8653,ACTLTZ000848,NOT-1,ACPOTZ006761,NP,27.425,2017,11,29,29/11/2017,31/10/2016,2016,10,31
2983,Tanzania,Tanzania Lake Region,Mara,Serengeti,34.6482,-1.8653,ACTLTZ000848,NOT-1,ACPOTZ006751,NPK,29.32,2017,11,29,29/11/2017,31/10/2016,2016,10,31
2984,Tanzania,Tanzania Lake Region,Mara,Serengeti,34.6482,-1.8653,ACTLTZ000848,NOT-1,ACPOTZ006762,NK,36.35,2017,11,29,29/11/2017,31/10/2016,2016,10,31
2985,Tanzania,Tanzania Lake Region,Mwanza,Sengerema,32.7994,-2.8352,ACTLTZ000851,NOT-1,ACPOTZ007346,NP,19.23,2017,11,29,29/11/2017,31/10/2016,2016,10,31
2986,Tanzania,Tanzania Lake Region,Mwanza,Sengerema,32.7994,-2.8352,ACTLTZ000851,NOT-1,ACPOTZ007342,NPK,3.31,2017,11,29,29/11/2017,31/10/2016,2016,10,31
2987,Tanzania,Tanzania Lake Region,Mwanza,Sengerema,32.7994,-2.8352,ACTLTZ000851,NOT-1,ACPOTZ007344,NPK,22.33,2017,11,29,29/11/2017,31/10/2016,2016,10,31
2988,Tanzania,Tanzania Lake Region,Mwanza,Sengerema,32.7994,-2.8352,ACTLTZ000851,NOT-1,ACPOTZ007345,half_NPK,28.63,2017,11,29,29/11/2017,31/10/2016,2016,10,31
2989,Tanzania,Tanzania Lake Region,Mwanza,Sengerema,32.7994,-2.8352,ACTLTZ000851,NOT-1,ACPOTZ007348,PK,12.65,2017,11,29,29/11/2017,31/10/2016,2016,10,31
2990,Tanzania,Tanzania Lake Region,Mwanza,Sengerema,32.7994,-2.8352,ACTLTZ000851,NOT-1,ACPOTZ007343,NK,20.075,2017,11,29,29/11/2017,31/10/2016,2016,10,31
2991,Tanzania,Tanzania Lake Region,Mwanza,Sengerema,32.7356,-2.7514,ACTLTZ000852,NOT-1,ACPOTZ005726,NPK,4.43,2017,11,2,02/11/2017,31/10/2016,2016,10,31
2992,Tanzania,Tanzania Lake Region,Mwanza,Sengerema,32.7356,-2.7514,ACTLTZ000852,NOT-1,ACPOTZ005728,NP,16.44,2017,11,2,02/11/2017,31/10/2016,2016,10,31
2993,Tanzania,Tanzania Lake Region,Mwanza,Sengerema,32.7356,-2.7514,ACTLTZ000852,NOT-1,ACPOTZ005722,NK,3.87,2017,11,2,02/11/2017,31/10/2016,2016,10,31
2994,Tanzania,Tanzania Lake Region,Mwanza,Sengerema,32.7356,-2.7514,ACTLTZ000852,NOT-1,ACPOTZ005721,half_NPK,7.8,2017,11,2,02/11/2017,31/10/2016,2016,10,31
2995,Tanzania,Tanzania Lake Region,Mwanza,Sengerema,32.7356,-2.7514,ACTLTZ000852,NOT-1,ACPOTZ005729,NPK_micro,12.98,2017,11,2,02/11/2017,31/10/2016,2016,10,31
2996,Tanzania,Tanzania Lake Region,Mwanza,Sengerema,32.7356,-2.7514,ACTLTZ000852,NOT-1,ACPOTZ005725,CON,4.74,2017,11,2,02/11/2017,31/10/2016,2016,10,31
2997,Tanzania,Tanzania Lake Region,Mwanza,Sengerema,32.7356,-2.7514,ACTLTZ000852,NOT-1,ACPOTZ005723,NPK,10.545,2017,11,2,02/11/2017,31/10/2016,2016,10,31
2998,Tanzania,Tanzania Lake Region,Mwanza,Sengerema,32.7356,-2.7514,ACTLTZ000852,NOT-1,ACPOTZ005727,PK,11.29,2017,11,2,02/11/2017,31/10/2016,2016,10,31
2999,Tanzania,Tanzania Lake Region,Mwanza,Sengerema,32.6983,-2.5276,ACTLTZ000853,NOT-1,ACPOTZ005730,CON,21.92,2017,11,3,03/11/2017,31/10/2016,2016,10,31
3000,Tanzania,Tanzania Lake Region,Mwanza,Sengerema,32.6983,-2.5276,ACTLTZ000853,NOT-1,ACPOTZ005521,NPK,28.06,2017,11,3,03/11/2017,31/10/2016,2016,10,31
3001,Tanzania,Tanzania Lake Region,Mwanza,Sengerema,32.6983,-2.5276,ACTLTZ000853,NOT-1,ACPOTZ005523,NK,22.31,2017,11,3,03/11/2017,31/10/2016,2016,10,31
3002,Tanzania,Tanzania Lake Region,Mwanza,Sengerema,32.6983,-2.5276,ACTLTZ000853,NOT-1,ACPOTZ005524,NP,24.06,2017,11,3,03/11/2017,31/10/2016,2016,10,31
3003,Tanzania,Tanzania Lake Region,Mwanza,Sengerema,32.6983,-2.5276,ACTLTZ000853,NOT-1,ACPOTZ005522,PK,23.65,2017,11,3,03/11/2017,31/10/2016,2016,10,31
3004,Tanzania,Tanzania Lake Region,Mwanza,Sengerema,32.6983,-2.5276,ACTLTZ000853,NOT-1,ACPOTZ005525,NPK_micro,20.57,2017,11,3,03/11/2017,31/10/2016,2016,10,31
3005,Tanzania,Tanzania Lake Region,Mwanza,Sengerema,32.6983,-2.5276,ACTLTZ000853,NOT-1,ACPOTZ005724,NPK,25.39,2017,11,3,03/11/2017,31/10/2016,2016,10,31
3006,Tanzania,Tanzania Lake Region,Mwanza,Sengerema,32.6983,-2.5276,ACTLTZ000853,NOT-1,ACPOTZ005526,half_NPK,25.67,2017,11,3,03/11/2017,31/10/2016,2016,10,31
3007,Tanzania,Tanzania Lake Region,Mwanza,Sengerema,32.1162,-2.4711,ACTLTZ000854,NOT-1,ACPOTZ005570,NPK,37.405,2017,11,7,07/11/2017,31/10/2016,2016,10,31
3008,Tanzania,Tanzania Lake Region,Mwanza,Sengerema,32.1162,-2.4711,ACTLTZ000854,NOT-1,ACPOTZ005552,NPK,35.01,2017,11,7,07/11/2017,31/10/2016,2016,10,31
3009,Tanzania,Tanzania Lake Region,Mwanza,Sengerema,32.1162,-2.4711,ACTLTZ000854,NOT-1,ACPOTZ005551,half_NPK,31.3,2017,11,7,07/11/2017,31/10/2016,2016,10,31
3010,Tanzania,Tanzania Lake Region,Mwanza,Sengerema,32.1162,-2.4711,ACTLTZ000854,NOT-1,ACPOTZ005565,PK,31.23,2017,11,7,07/11/2017,31/10/2016,2016,10,31
3011,Tanzania,Tanzania Lake Region,Mwanza,Sengerema,32.1162,-2.4711,ACTLTZ000854,NOT-1,ACPOTZ005567,NPK_micro,48.104,2017,11,7,07/11/2017,31/10/2016,2016,10,31
3012,Tanzania,Tanzania Lake Region,Mwanza,Sengerema,32.1162,-2.4711,ACTLTZ000854,NOT-1,ACPOTZ005566,NP,40.6,2017,11,7,07/11/2017,31/10/2016,2016,10,31
3013,Tanzania,Tanzania Lake Region,Mwanza,Sengerema,32.1162,-2.4711,ACTLTZ000854,NOT-1,ACPOTZ005568,NK,35.08,2017,11,7,07/11/2017,31/10/2016,2016,10,31
3014,Tanzania,Tanzania Lake Region,Mwanza,Sengerema,32.1162,-2.4711,ACTLTZ000854,NOT-1,ACPOTZ005569,CON,21.3,2017,11,7,07/11/2017,31/10/2016,2016,10,31
3015,Tanzania,Tanzania Lake Region,Mwanza,Sengerema,32.4178,-2.469,ACTLTZ000855,NOT-1,ACPOTZ005542,NPK,8,2017,11,5,05/11/2017,31/10/2016,2016,10,31
3016,Tanzania,Tanzania Lake Region,Mwanza,Sengerema,32.4178,-2.469,ACTLTZ000855,NOT-1,ACPOTZ005550,CON,6.75,2017,11,5,05/11/2017,31/10/2016,2016,10,31
3017,Tanzania,Tanzania Lake Region,Mwanza,Sengerema,32.4178,-2.469,ACTLTZ000855,NOT-1,ACPOTZ005562,NP,12.13,2017,11,5,05/11/2017,31/10/2016,2016,10,31
3018,Tanzania,Tanzania Lake Region,Mwanza,Sengerema,32.4178,-2.469,ACTLTZ000855,NOT-1,ACPOTZ005549,PK,12.12,2017,11,5,05/11/2017,31/10/2016,2016,10,31
3019,Tanzania,Tanzania Lake Region,Mwanza,Sengerema,32.4178,-2.469,ACTLTZ000855,NOT-1,ACPOTZ005564,half_NPK,13.3,2017,11,5,05/11/2017,31/10/2016,2016,10,31
3020,Tanzania,Tanzania Lake Region,Mwanza,Sengerema,32.4178,-2.469,ACTLTZ000855,NOT-1,ACPOTZ005541,NPK,10.13,2017,11,5,05/11/2017,31/10/2016,2016,10,31
3021,Tanzania,Tanzania Lake Region,Mwanza,Sengerema,32.4178,-2.469,ACTLTZ000855,NOT-1,ACPOTZ005563,NPK_micro,7.36,2017,11,5,05/11/2017,31/10/2016,2016,10,31
3022,Tanzania,Tanzania Lake Region,Mwanza,Sengerema,32.4178,-2.469,ACTLTZ000855,NOT-1,ACPOTZ005561,NK,22.91,2017,11,5,05/11/2017,31/10/2016,2016,10,31
3023,Tanzania,Tanzania Lake Region,Geita,Geita,32.2315,-2.5443,ACTLTZ000856,NOT-1,ACPOTZ005547,PK,12.51,2017,11,5,05/11/2017,31/10/2016,2016,10,31
3024,Tanzania,Tanzania Lake Region,Geita,Geita,32.2315,-2.5443,ACTLTZ000856,NOT-1,ACPOTZ005544,NPK_micro,11.51,2017,11,5,05/11/2017,31/10/2016,2016,10,31
3025,Tanzania,Tanzania Lake Region,Geita,Geita,32.2315,-2.5443,ACTLTZ000856,NOT-1,ACPOTZ005545,half_NPK,10.76,2017,11,5,05/11/2017,31/10/2016,2016,10,31
3026,Tanzania,Tanzania Lake Region,Geita,Geita,32.2315,-2.5443,ACTLTZ000856,NOT-1,ACPOTZ005543,CON,10.93,2017,11,5,05/11/2017,31/10/2016,2016,10,31
3027,Tanzania,Tanzania Lake Region,Geita,Geita,32.2315,-2.5443,ACTLTZ000856,NOT-1,ACPOTZ005548,NPK,10.91,2017,11,5,05/11/2017,31/10/2016,2016,10,31
3028,Tanzania,Tanzania Lake Region,Geita,Geita,32.2315,-2.5443,ACTLTZ000856,NOT-1,ACPOTZ005546,NK,4.33,2017,11,5,05/11/2017,31/10/2016,2016,10,31
3029,Tanzania,Tanzania Lake Region,Mwanza,Sengerema,32.4834,-2.5991,ACTLTZ000858,NOT-1,ACPOTZ005537,NPK,11.56,2017,11,4,04/11/2017,31/10/2016,2016,10,31
3030,Tanzania,Tanzania Lake Region,Mwanza,Sengerema,32.4834,-2.5991,ACTLTZ000858,NOT-1,ACPOTZ005536,NPK,4.38,2017,11,4,04/11/2017,31/10/2016,2016,10,31
3031,Tanzania,Tanzania Lake Region,Mwanza,Sengerema,32.4834,-2.5991,ACTLTZ000858,NOT-1,ACPOTZ005540,half_NPK,8.49,2017,11,4,04/11/2017,31/10/2016,2016,10,31
3032,Tanzania,Tanzania Lake Region,Mwanza,Sengerema,32.4834,-2.5991,ACTLTZ000858,NOT-1,ACPOTZ005535,PK,6.96,2017,11,4,04/11/2017,31/10/2016,2016,10,31
3033,Tanzania,Tanzania Lake Region,Mwanza,Sengerema,32.4834,-2.5991,ACTLTZ000858,NOT-1,ACPOTZ005538,CON,8.44,2017,11,4,04/11/2017,31/10/2016,2016,10,31
3034,Tanzania,Tanzania Lake Region,Mwanza,Sengerema,32.4834,-2.5991,ACTLTZ000858,NOT-1,ACPOTZ005539,NPK_micro,6.39,2017,11,4,04/11/2017,31/10/2016,2016,10,31
3035,Tanzania,Tanzania Lake Region,Mwanza,Sengerema,32.4834,-2.5991,ACTLTZ000858,NOT-1,ACPOTZ005533,NP,10.77,2017,11,4,04/11/2017,31/10/2016,2016,10,31
3036,Tanzania,Tanzania Lake Region,Mwanza,Sengerema,32.4834,-2.5991,ACTLTZ000858,NOT-1,ACPOTZ005534,NK,4.1,2017,11,4,04/11/2017,31/10/2016,2016,10,31
3037,Tanzania,Tanzania Lake Region,Mwanza,Sengerema,32.8028,-2.8329,ACTLTZ000859,NOT-1,ACPOTZ005515,NP,16.76,2017,11,2,02/11/2017,31/10/2016,2016,10,31
3038,Tanzania,Tanzania Lake Region,Mwanza,Sengerema,32.8028,-2.8329,ACTLTZ000859,NOT-1,ACPOTZ005520,CON,19.12,2017,11,2,02/11/2017,31/10/2016,2016,10,31
3039,Tanzania,Tanzania Lake Region,Mwanza,Sengerema,32.8028,-2.8329,ACTLTZ000859,NOT-1,ACPOTZ005513,NPK_micro,16.1,2017,11,2,02/11/2017,31/10/2016,2016,10,31
3040,Tanzania,Tanzania Lake Region,Mwanza,Sengerema,32.8028,-2.8329,ACTLTZ000859,NOT-1,ACPOTZ005518,NPK,28.64,2017,11,2,02/11/2017,31/10/2016,2016,10,31
3041,Tanzania,Tanzania Lake Region,Mwanza,Sengerema,32.8028,-2.8329,ACTLTZ000859,NOT-1,ACPOTZ005519,NPK,19.89,2017,11,2,02/11/2017,31/10/2016,2016,10,31
3042,Tanzania,Tanzania Lake Region,Mwanza,Sengerema,32.8028,-2.8329,ACTLTZ000859,NOT-1,ACPOTZ005517,PK,22.47,2017,11,2,02/11/2017,31/10/2016,2016,10,31
3043,Tanzania,Tanzania Lake Region,Mwanza,Sengerema,32.8028,-2.8329,ACTLTZ000859,NOT-1,ACPOTZ005514,half_NPK,25.37,2017,11,2,02/11/2017,31/10/2016,2016,10,31
3044,Tanzania,Tanzania Lake Region,Mwanza,Sengerema,32.8028,-2.8329,ACTLTZ000859,NOT-1,ACPOTZ005516,NK,21.41,2017,11,2,02/11/2017,31/10/2016,2016,10,31
3045,Tanzania,Tanzania Lake Region,Mwanza,Sengerema,32.1165,-2.4198,ACTLTZ000861,NOT-1,ACPOTZ005556,PK,13.08,2017,11,8,08/11/2017,31/10/2016,2016,10,31
3046,Tanzania,Tanzania Lake Region,Mwanza,Sengerema,32.1165,-2.4198,ACTLTZ000861,NOT-1,ACPOTZ005559,NPK_micro,15.28,2017,11,8,08/11/2017,31/10/2016,2016,10,31
3047,Tanzania,Tanzania Lake Region,Mwanza,Sengerema,32.1165,-2.4198,ACTLTZ000861,NOT-1,ACPOTZ005560,half_NPK,22.34,2017,11,8,08/11/2017,31/10/2016,2016,10,31
3048,Tanzania,Tanzania Lake Region,Mwanza,Sengerema,32.1165,-2.4198,ACTLTZ000861,NOT-1,ACPOTZ005555,NPK,17.94,2017,11,8,08/11/2017,31/10/2016,2016,10,31
3049,Tanzania,Tanzania Lake Region,Mwanza,Sengerema,32.1165,-2.4198,ACTLTZ000861,NOT-1,ACPOTZ005553,CON,19.62,2017,11,8,08/11/2017,31/10/2016,2016,10,31
3050,Tanzania,Tanzania Lake Region,Mwanza,Sengerema,32.1165,-2.4198,ACTLTZ000861,NOT-1,ACPOTZ005554,NPK,26.81,2017,11,8,08/11/2017,31/10/2016,2016,10,31
3051,Tanzania,Tanzania Lake Region,Mwanza,Sengerema,32.1165,-2.4198,ACTLTZ000861,NOT-1,ACPOTZ005558,NP,8.55,2017,11,8,08/11/2017,31/10/2016,2016,10,31
3052,Tanzania,Tanzania Lake Region,Mwanza,Sengerema,32.1165,-2.4198,ACTLTZ000861,NOT-1,ACPOTZ005557,NK,5.1,2017,11,8,08/11/2017,31/10/2016,2016,10,31
3053,Tanzania,Tanzania Lake Region,Kagera,Biharamulo,31.5815,-2.8647,ACTLTZ000868,NOT-1,ACPOTZ005018,NPK,11.45,2017,11,21,21/11/2017,31/01/2017,2017,1,31
3054,Tanzania,Tanzania Lake Region,Kagera,Biharamulo,31.5815,-2.8647,ACTLTZ000868,NOT-1,ACPOTZ005025,CON,7.255,2017,11,21,21/11/2017,31/01/2017,2017,1,31
3055,Tanzania,Tanzania Lake Region,Kagera,Biharamulo,31.5815,-2.8647,ACTLTZ000868,NOT-1,ACPOTZ005069,NPK_micro,6.715,2017,11,21,21/11/2017,31/01/2017,2017,1,31
3056,Tanzania,Tanzania Lake Region,Kagera,Biharamulo,31.5815,-2.8647,ACTLTZ000868,NOT-1,ACPOTZ005059,half_NPK,6.405,2017,11,21,21/11/2017,31/01/2017,2017,1,31
3057,Tanzania,Tanzania Lake Region,Kagera,Biharamulo,31.5815,-2.8647,ACTLTZ000868,NOT-1,ACPOTZ005100,NP,2.955,2017,11,21,21/11/2017,31/01/2017,2017,1,31
3058,Tanzania,Tanzania Lake Region,Kagera,Biharamulo,31.5815,-2.8647,ACTLTZ000868,NOT-1,ACPOTZ005015,NPK,5.155,2017,11,21,21/11/2017,31/01/2017,2017,1,31
3059,Tanzania,Tanzania Lake Region,Kagera,Biharamulo,31.5815,-2.8647,ACTLTZ000868,NOT-1,ACPOTZ005089,NK,13.775,2017,11,21,21/11/2017,31/01/2017,2017,1,31
3060,Tanzania,Tanzania Lake Region,Mara,Serengeti,34.7043,-1.9122,ACTLTZ000894,NOT-2,ACPOTZ006317,NK,40.5,2017,11,28,28/11/2017,31/10/2016,2016,10,31
3061,Tanzania,Tanzania Lake Region,Mara,Serengeti,34.7043,-1.9122,ACTLTZ000894,NOT-2,ACPOTZ006287,NP,26.5,2017,11,28,28/11/2017,31/10/2016,2016,10,31
3062,Tanzania,Tanzania Lake Region,Mara,Serengeti,34.7043,-1.9122,ACTLTZ000894,NOT-2,ACPOTZ006301,NPK_micro,25.4,2017,11,28,28/11/2017,31/10/2016,2016,10,31
3063,Tanzania,Tanzania Lake Region,Mara,Serengeti,34.7043,-1.9122,ACTLTZ000894,NOT-2,ACPOTZ006330,NPK,23.25,2017,11,28,28/11/2017,31/10/2016,2016,10,31
3064,Tanzania,Tanzania Lake Region,Mara,Serengeti,34.7043,-1.9122,ACTLTZ000894,NOT-2,ACPOTZ006311,half_NPK,47.7,2017,11,28,28/11/2017,31/10/2016,2016,10,31
3065,Tanzania,Tanzania Lake Region,Mara,Serengeti,34.7043,-1.9122,ACTLTZ000894,NOT-2,ACPOTZ006340,PK,36.7,2017,11,28,28/11/2017,31/10/2016,2016,10,31
3066,Tanzania,Tanzania Lake Region,Mara,Serengeti,34.7043,-1.9122,ACTLTZ000894,NOT-2,ACPOTZ006329,CON,12.65,2017,11,28,28/11/2017,31/10/2016,2016,10,31
3067,Tanzania,Tanzania Lake Region,Mara,Serengeti,34.7043,-1.9122,ACTLTZ000894,NOT-2,ACPOTZ006339,NPK,25.45,2017,11,28,28/11/2017,31/10/2016,2016,10,31
3068,Tanzania,Tanzania Lake Region,Mara,Serengeti,34.7043,-1.9122,ACTLTZ000895,NOT-2,ACPOTZ006469,NPK,39.75,2017,11,27,27/11/2017,31/10/2016,2016,10,31
3069,Tanzania,Tanzania Lake Region,Mara,Serengeti,34.7043,-1.9122,ACTLTZ000895,NOT-2,ACPOTZ006512,NK,23.65,2017,11,27,27/11/2017,31/10/2016,2016,10,31
3070,Tanzania,Tanzania Lake Region,Mara,Serengeti,34.7043,-1.9122,ACTLTZ000895,NOT-2,ACPOTZ006522,NPK_micro,17.05,2017,11,27,27/11/2017,31/10/2016,2016,10,31
3071,Tanzania,Tanzania Lake Region,Mara,Serengeti,34.7043,-1.9122,ACTLTZ000895,NOT-2,ACPOTZ006472,NP,37.2,2017,11,27,27/11/2017,31/10/2016,2016,10,31
3072,Tanzania,Tanzania Lake Region,Mara,Serengeti,34.7043,-1.9122,ACTLTZ000895,NOT-2,ACPOTZ006513,half_NPK,10,2017,11,27,27/11/2017,31/10/2016,2016,10,31
3073,Tanzania,Tanzania Lake Region,Mara,Serengeti,34.7043,-1.9122,ACTLTZ000895,NOT-2,ACPOTZ006482,CON,21.25,2017,11,27,27/11/2017,31/10/2016,2016,10,31
3074,Tanzania,Tanzania Lake Region,Mara,Serengeti,34.7043,-1.9122,ACTLTZ000895,NOT-2,ACPOTZ006503,PK,29.1,2017,11,27,27/11/2017,31/10/2016,2016,10,31
3075,Tanzania,Tanzania Lake Region,Mara,Serengeti,34.7043,-1.9122,ACTLTZ000895,NOT-2,ACPOTZ006493,NPK,26.45,2017,11,27,27/11/2017,31/10/2016,2016,10,31
3076,Tanzania,Tanzania Lake Region,Mara,Serengeti,34.7043,-1.9122,ACTLTZ000904,NOT-2,ACPOTZ006295,NPK_micro,16.7,2017,11,27,27/11/2017,31/10/2016,2016,10,31
3077,Tanzania,Tanzania Lake Region,Mara,Serengeti,34.7043,-1.9122,ACTLTZ000904,NOT-2,ACPOTZ005883,NPK,47.05,2017,11,27,27/11/2017,31/10/2016,2016,10,31
3078,Tanzania,Tanzania Lake Region,Mara,Serengeti,34.7043,-1.9122,ACTLTZ000904,NOT-2,ACPOTZ005893,NK,34.7,2017,11,27,27/11/2017,31/10/2016,2016,10,31
3079,Tanzania,Tanzania Lake Region,Mara,Serengeti,34.7043,-1.9122,ACTLTZ000904,NOT-2,ACPOTZ006063,CON,23.65,2017,11,27,27/11/2017,31/10/2016,2016,10,31
3080,Tanzania,Tanzania Lake Region,Mara,Serengeti,34.7043,-1.9122,ACTLTZ000904,NOT-2,ACPOTZ006274,NP,23.95,2017,11,27,27/11/2017,31/10/2016,2016,10,31
3081,Tanzania,Tanzania Lake Region,Mara,Serengeti,34.7043,-1.9122,ACTLTZ000904,NOT-2,ACPOTZ006264,half_NPK,36.05,2017,11,27,27/11/2017,31/10/2016,2016,10,31
3082,Tanzania,Tanzania Lake Region,Mara,Serengeti,34.7043,-1.9122,ACTLTZ000904,NOT-2,ACPOTZ006304,PK,34.5,2017,11,27,27/11/2017,31/10/2016,2016,10,31
3083,Tanzania,Tanzania Lake Region,Mara,Serengeti,34.7043,-1.9122,ACTLTZ000904,NOT-2,ACPOTZ006072,NPK,19.2,2017,11,27,27/11/2017,31/10/2016,2016,10,31
3084,Tanzania,Tanzania Lake Region,Mara,Butiam,33.7784,-1.829,ACTLTZ001091,NOT-1,ACPOTZ007540,NPK,9.48,2017,11,5,05/11/2017,31/10/2016,2016,10,31
3085,Tanzania,Tanzania Lake Region,Mara,Butiam,33.7784,-1.829,ACTLTZ001091,NOT-1,ACPOTZ007535,NPK,16.84,2017,11,5,05/11/2017,31/10/2016,2016,10,31
3086,Tanzania,Tanzania Lake Region,Mara,Butiam,33.7784,-1.829,ACTLTZ001091,NOT-1,ACPOTZ007498,NPK_micro,14.96,2017,11,5,05/11/2017,31/10/2016,2016,10,31
3087,Tanzania,Tanzania Lake Region,Mara,Butiam,33.7784,-1.829,ACTLTZ001091,NOT-1,ACPOTZ007493,half_NPK,10.44,2017,11,5,05/11/2017,31/10/2016,2016,10,31
3088,Tanzania,Tanzania Lake Region,Mara,Butiam,33.7784,-1.829,ACTLTZ001091,NOT-1,ACPOTZ007539,PK,16,2017,11,5,05/11/2017,31/10/2016,2016,10,31
3089,Tanzania,Tanzania Lake Region,Mara,Butiam,33.7784,-1.829,ACTLTZ001091,NOT-1,ACPOTZ007499,NK,11.88,2017,11,5,05/11/2017,31/10/2016,2016,10,31
3090,Tanzania,Tanzania Lake Region,Mara,Butiam,33.7784,-1.829,ACTLTZ001091,NOT-1,ACPOTZ007538,NP,19.24,2017,11,5,05/11/2017,31/10/2016,2016,10,31
3091,Tanzania,Tanzania Lake Region,Mara,Butiam,33.7784,-1.829,ACTLTZ001091,NOT-1,ACPOTZ007534,CON,12.54,2017,11,5,05/11/2017,31/10/2016,2016,10,31
3092,Tanzania,Tanzania Lake Region,Mara,Bunda,33.7803,-1.9484,ACTLTZ001093,NOT-1,ACPOTZ007566,CON,2.92,2017,11,3,03/11/2017,31/10/2016,2016,10,31
3093,Tanzania,Tanzania Lake Region,Mara,Bunda,33.7803,-1.9484,ACTLTZ001093,NOT-1,ACPOTZ007595,NK,5.36,2017,11,3,03/11/2017,31/10/2016,2016,10,31
3094,Tanzania,Tanzania Lake Region,Mara,Bunda,33.7803,-1.9484,ACTLTZ001093,NOT-1,ACPOTZ007570,half_NPK,1.74,2017,11,3,03/11/2017,31/10/2016,2016,10,31
3095,Tanzania,Tanzania Lake Region,Mara,Bunda,33.7803,-1.9484,ACTLTZ001093,NOT-1,ACPOTZ007567,NPK,2.48,2017,11,3,03/11/2017,31/10/2016,2016,10,31
3096,Tanzania,Tanzania Lake Region,Mara,Bunda,33.7803,-1.9484,ACTLTZ001093,NOT-1,ACPOTZ007569,PK,3.68,2017,11,3,03/11/2017,31/10/2016,2016,10,31
3097,Tanzania,Tanzania Lake Region,Mara,Bunda,33.7803,-1.9484,ACTLTZ001093,NOT-1,ACPOTZ007598,NPK_micro,1.48,2017,11,3,03/11/2017,31/10/2016,2016,10,31
3098,Tanzania,Tanzania Lake Region,Mara,Bunda,33.7803,-1.9484,ACTLTZ001093,NOT-1,ACPOTZ007596,NP,4.4,2017,11,3,03/11/2017,31/10/2016,2016,10,31
3099,Tanzania,Tanzania Lake Region,Mara,Bunda,33.7803,-1.9484,ACTLTZ001093,NOT-1,ACPOTZ007568,NPK,5.24,2017,11,3,03/11/2017,31/10/2016,2016,10,31
3100,Tanzania,Tanzania Lake Region,Mara,Bunda,33.7785,-1.9348,ACTLTZ001094,NOT-1,ACPOTZ007565,NPK_micro,11.36,2017,11,3,03/11/2017,31/10/2016,2016,10,31
3101,Tanzania,Tanzania Lake Region,Mara,Bunda,33.7785,-1.9348,ACTLTZ001094,NOT-1,ACPOTZ007580,NP,11.225,2017,11,3,03/11/2017,31/10/2016,2016,10,31
3102,Tanzania,Tanzania Lake Region,Mara,Bunda,33.7785,-1.9348,ACTLTZ001094,NOT-1,ACPOTZ007576,NPK,11.55,2017,11,3,03/11/2017,31/10/2016,2016,10,31
3103,Tanzania,Tanzania Lake Region,Mara,Bunda,33.7785,-1.9348,ACTLTZ001094,NOT-1,ACPOTZ007579,NK,4.36,2017,11,3,03/11/2017,31/10/2016,2016,10,31
3104,Tanzania,Tanzania Lake Region,Mara,Bunda,33.7785,-1.9348,ACTLTZ001094,NOT-1,ACPOTZ007564,half_NPK,4.76,2017,11,3,03/11/2017,31/10/2016,2016,10,31
3105,Tanzania,Tanzania Lake Region,Mara,Bunda,33.7785,-1.9348,ACTLTZ001094,NOT-1,ACPOTZ007577,NPK,15.69,2017,11,3,03/11/2017,31/10/2016,2016,10,31
3106,Tanzania,Tanzania Lake Region,Mara,Bunda,33.7785,-1.9348,ACTLTZ001094,NOT-1,ACPOTZ007578,PK,4.88,2017,11,3,03/11/2017,31/10/2016,2016,10,31
3107,Tanzania,Tanzania Lake Region,Mara,Bunda,34.0324,-1.9841,ACTLTZ001095,NOT-1,ACPOTZ007547,NPK_micro,10.36,2017,11,2,02/11/2017,31/10/2016,2016,10,31
3108,Tanzania,Tanzania Lake Region,Mara,Bunda,34.0324,-1.9841,ACTLTZ001095,NOT-1,ACPOTZ007545,NPK,5.8,2017,11,2,02/11/2017,31/10/2016,2016,10,31
3109,Tanzania,Tanzania Lake Region,Mara,Bunda,34.0324,-1.9841,ACTLTZ001095,NOT-1,ACPOTZ007550,half_NPK,11,2017,11,2,02/11/2017,31/10/2016,2016,10,31
3110,Tanzania,Tanzania Lake Region,Mara,Bunda,34.0324,-1.9841,ACTLTZ001095,NOT-1,ACPOTZ007546,PK,11.12,2017,11,2,02/11/2017,31/10/2016,2016,10,31
3111,Tanzania,Tanzania Lake Region,Mara,Bunda,34.0324,-1.9841,ACTLTZ001095,NOT-1,ACPOTZ007594,CON,6.96,2017,11,2,02/11/2017,31/10/2016,2016,10,31
3112,Tanzania,Tanzania Lake Region,Mara,Bunda,34.0324,-1.9841,ACTLTZ001095,NOT-1,ACPOTZ007549,NP,14.64,2017,11,2,02/11/2017,31/10/2016,2016,10,31
3113,Tanzania,Tanzania Lake Region,Mara,Bunda,34.0324,-1.9841,ACTLTZ001095,NOT-1,ACPOTZ007548,NPK,10.96,2017,11,2,02/11/2017,31/10/2016,2016,10,31
3114,Tanzania,Tanzania Lake Region,Mara,Bunda,34.0324,-1.9841,ACTLTZ001095,NOT-1,ACPOTZ007544,NK,15.48,2017,11,2,02/11/2017,31/10/2016,2016,10,31
3115,Tanzania,Tanzania Lake Region,Mara,Bunda,33.8499,-2.0251,ACTLTZ001096,NOT-1,ACPOTZ007558,PK,5.16,2017,11,4,04/11/2017,31/10/2016,2016,10,31
3116,Tanzania,Tanzania Lake Region,Mara,Bunda,33.8499,-2.0251,ACTLTZ001096,NOT-1,ACPOTZ007554,NK,4.08,2017,11,4,04/11/2017,31/10/2016,2016,10,31
3117,Tanzania,Tanzania Lake Region,Mara,Bunda,33.8499,-2.0251,ACTLTZ001096,NOT-1,ACPOTZ007587,NPK,7.84,2017,11,4,04/11/2017,31/10/2016,2016,10,31
3118,Tanzania,Tanzania Lake Region,Mara,Bunda,33.8499,-2.0251,ACTLTZ001096,NOT-1,ACPOTZ007560,half_NPK,9.64,2017,11,4,04/11/2017,31/10/2016,2016,10,31
3119,Tanzania,Tanzania Lake Region,Mara,Bunda,33.8499,-2.0251,ACTLTZ001096,NOT-1,ACPOTZ007588,NPK,2.2,2017,11,4,04/11/2017,31/10/2016,2016,10,31
3120,Tanzania,Tanzania Lake Region,Mara,Bunda,33.8499,-2.0251,ACTLTZ001096,NOT-1,ACPOTZ007555,NP,11.46,2017,11,4,04/11/2017,31/10/2016,2016,10,31
3121,Tanzania,Tanzania Lake Region,Mara,Bunda,33.8499,-2.0251,ACTLTZ001096,NOT-1,ACPOTZ007574,CON,2.2,2017,11,4,04/11/2017,31/10/2016,2016,10,31
3122,Tanzania,Tanzania Lake Region,Mara,Bunda,34.0011,-2.0361,ACTLTZ001097,NOT-1,ACPOTZ007516,PK,7.76,2017,11,1,01/11/2017,31/10/2016,2016,10,31
3123,Tanzania,Tanzania Lake Region,Mara,Bunda,34.0011,-2.0361,ACTLTZ001097,NOT-1,ACPOTZ007519,CON,17.52,2017,11,1,01/11/2017,31/10/2016,2016,10,31
3124,Tanzania,Tanzania Lake Region,Mara,Bunda,34.0011,-2.0361,ACTLTZ001097,NOT-1,ACPOTZ007514,NP,10.44,2017,11,1,01/11/2017,31/10/2016,2016,10,31
3125,Tanzania,Tanzania Lake Region,Mara,Bunda,34.0011,-2.0361,ACTLTZ001097,NOT-1,ACPOTZ007518,NPK,13.92,2017,11,1,01/11/2017,31/10/2016,2016,10,31
3126,Tanzania,Tanzania Lake Region,Mara,Bunda,34.0011,-2.0361,ACTLTZ001097,NOT-1,ACPOTZ007513,NPK_micro,11.04,2017,11,1,01/11/2017,31/10/2016,2016,10,31
3127,Tanzania,Tanzania Lake Region,Mara,Bunda,34.0011,-2.0361,ACTLTZ001097,NOT-1,ACPOTZ007517,NPK,10.16,2017,11,1,01/11/2017,31/10/2016,2016,10,31
3128,Tanzania,Tanzania Lake Region,Mara,Bunda,34.0011,-2.0361,ACTLTZ001097,NOT-1,ACPOTZ007515,NK,15.28,2017,11,1,01/11/2017,31/10/2016,2016,10,31
3129,Tanzania,Tanzania Lake Region,Mara,Bunda,34.0011,-2.0361,ACTLTZ001097,NOT-1,ACPOTZ007512,half_NPK,7.52,2017,11,1,01/11/2017,31/10/2016,2016,10,31
3130,Tanzania,Tanzania Lake Region,Mara,Bunda,33.9913,-2.0475,ACTLTZ001098,NOT-1,ACPOTZ007591,CON,12.08,2017,11,1,01/11/2017,31/10/2016,2016,10,31
3131,Tanzania,Tanzania Lake Region,Mara,Bunda,33.9913,-2.0475,ACTLTZ001098,NOT-1,ACPOTZ007511,NPK,12.48,2017,11,1,01/11/2017,31/10/2016,2016,10,31
3132,Tanzania,Tanzania Lake Region,Mara,Bunda,33.9913,-2.0475,ACTLTZ001098,NOT-1,ACPOTZ007561,NK,35.32,2017,11,1,01/11/2017,31/10/2016,2016,10,31
3133,Tanzania,Tanzania Lake Region,Mara,Bunda,33.9913,-2.0475,ACTLTZ001098,NOT-1,ACPOTZ007481,half_NPK,19.44,2017,11,1,01/11/2017,31/10/2016,2016,10,31
3134,Tanzania,Tanzania Lake Region,Mara,Bunda,33.9913,-2.0475,ACTLTZ001098,NOT-1,ACPOTZ007541,NPK,22.52,2017,11,1,01/11/2017,31/10/2016,2016,10,31
3135,Tanzania,Tanzania Lake Region,Mara,Bunda,33.9913,-2.0475,ACTLTZ001098,NOT-1,ACPOTZ007551,PK,21.36,2017,11,1,01/11/2017,31/10/2016,2016,10,31
3136,Tanzania,Tanzania Lake Region,Mara,Bunda,33.9913,-2.0475,ACTLTZ001098,NOT-1,ACPOTZ007571,NP,13.4,2017,11,1,01/11/2017,31/10/2016,2016,10,31
3137,Tanzania,Tanzania Lake Region,Mara,Bunda,33.9913,-2.0475,ACTLTZ001098,NOT-1,ACPOTZ007581,NPK_micro,18.84,2017,11,1,01/11/2017,31/10/2016,2016,10,31
3138,Tanzania,Tanzania Lake Region,Mara,Bunda,33.5007,-2.1298,ACTLTZ001099,NOT-1,ACPOTZ007582,NPK,4.78,2017,11,30,30/11/2017,31/10/2016,2016,10,31
3139,Tanzania,Tanzania Lake Region,Mara,Bunda,33.5007,-2.1298,ACTLTZ001099,NOT-1,ACPOTZ007552,NP,2.3,2017,11,30,30/11/2017,31/10/2016,2016,10,31
3140,Tanzania,Tanzania Lake Region,Mara,Bunda,33.5007,-2.1298,ACTLTZ001099,NOT-1,ACPOTZ007592,NPK,2.63,2017,11,30,30/11/2017,31/10/2016,2016,10,31
3141,Tanzania,Tanzania Lake Region,Mara,Bunda,33.5007,-2.1298,ACTLTZ001099,NOT-1,ACPOTZ007543,NPK_micro,2.8,2017,11,30,30/11/2017,31/10/2016,2016,10,31
3142,Tanzania,Tanzania Lake Region,Mara,Bunda,33.5007,-2.1298,ACTLTZ001099,NOT-1,ACPOTZ007562,NK,4.38,2017,11,30,30/11/2017,31/10/2016,2016,10,31
3143,Tanzania,Tanzania Lake Region,Mara,Bunda,33.5007,-2.1298,ACTLTZ001099,NOT-1,ACPOTZ007542,CON,5.81,2017,11,30,30/11/2017,31/10/2016,2016,10,31
3144,Tanzania,Tanzania Lake Region,Mara,Bunda,33.5007,-2.1298,ACTLTZ001099,NOT-1,ACPOTZ007553,half_NPK,2.78,2017,11,30,30/11/2017,31/10/2016,2016,10,31
3145,Tanzania,Tanzania Lake Region,Mara,Bunda,33.5007,-2.1298,ACTLTZ001099,NOT-1,ACPOTZ007572,PK,6.02,2017,11,30,30/11/2017,31/10/2016,2016,10,31
3146,Tanzania,Tanzania Lake Region,Mara,Butiam,33.9852,-1.73,ACTLTZ001107,NOT-1,ACPOTZ007497,NP,23.4,2017,11,5,05/11/2017,31/10/2016,2016,10,31
3147,Tanzania,Tanzania Lake Region,Mara,Butiam,33.9852,-1.73,ACTLTZ001107,NOT-1,ACPOTZ007533,NPK_micro,25.2,2017,11,5,05/11/2017,31/10/2016,2016,10,31
3148,Tanzania,Tanzania Lake Region,Mara,Butiam,33.9852,-1.73,ACTLTZ001107,NOT-1,ACPOTZ007495,NPK,18.36,2017,11,5,05/11/2017,31/10/2016,2016,10,31
3149,Tanzania,Tanzania Lake Region,Mara,Butiam,33.9852,-1.73,ACTLTZ001107,NOT-1,ACPOTZ007485,CON,11.92,2017,11,5,05/11/2017,31/10/2016,2016,10,31
3150,Tanzania,Tanzania Lake Region,Mara,Butiam,33.9852,-1.73,ACTLTZ001107,NOT-1,ACPOTZ007483,PK,20.04,2017,11,5,05/11/2017,31/10/2016,2016,10,31
3151,Tanzania,Tanzania Lake Region,Mara,Butiam,33.9852,-1.73,ACTLTZ001107,NOT-1,ACPOTZ007492,half_NPK,20.52,2017,11,5,05/11/2017,31/10/2016,2016,10,31
3152,Tanzania,Tanzania Lake Region,Mara,Butiam,33.9852,-1.73,ACTLTZ001107,NOT-1,ACPOTZ007482,NK,17.72,2017,11,5,05/11/2017,31/10/2016,2016,10,31
3153,Tanzania,Tanzania Lake Region,Mara,Butiam,33.9852,-1.73,ACTLTZ001107,NOT-1,ACPOTZ007484,NPK,11.64,2017,11,5,05/11/2017,31/10/2016,2016,10,31
3154,Tanzania,Tanzania Lake Region,Mara,Bunda,33.7032,-2.1127,ACTLTZ001110,NOT-1,ACPOTZ007522,PK,4.6,2017,11,4,04/11/2017,31/10/2016,2016,10,31
3155,Tanzania,Tanzania Lake Region,Mara,Bunda,33.7032,-2.1127,ACTLTZ001110,NOT-1,ACPOTZ007525,NP,5.6,2017,11,4,04/11/2017,31/10/2016,2016,10,31
3156,Tanzania,Tanzania Lake Region,Mara,Bunda,33.7032,-2.1127,ACTLTZ001110,NOT-1,ACPOTZ007523,NPK,9.92,2017,11,4,04/11/2017,31/10/2016,2016,10,31
3157,Tanzania,Tanzania Lake Region,Mara,Bunda,33.7032,-2.1127,ACTLTZ001110,NOT-1,ACPOTZ007526,NPK,6.68,2017,11,4,04/11/2017,31/10/2016,2016,10,31
3158,Tanzania,Tanzania Lake Region,Mara,Bunda,33.7032,-2.1127,ACTLTZ001110,NOT-1,ACPOTZ007524,NPK_micro,4.32,2017,11,4,04/11/2017,31/10/2016,2016,10,31
3159,Tanzania,Tanzania Lake Region,Mara,Bunda,33.7032,-2.1127,ACTLTZ001110,NOT-1,ACPOTZ007528,half_NPK,8.76,2017,11,4,04/11/2017,31/10/2016,2016,10,31
3160,Tanzania,Tanzania Lake Region,Mara,Bunda,33.7032,-2.1127,ACTLTZ001110,NOT-1,ACPOTZ007527,NK,4.4,2017,11,4,04/11/2017,31/10/2016,2016,10,31
3161,Tanzania,Tanzania Lake Region,Mara,Bunda,33.7032,-2.1127,ACTLTZ001110,NOT-1,ACPOTZ007599,CON,5.2,2017,11,4,04/11/2017,31/10/2016,2016,10,31
3162,Tanzania,Tanzania Lake Region,Mara,Butiam,33.7811,-1.8293,ACTLTZ001952,NOT-3,ACPOTZ017300,PK,13.684,2018,10,21,21/10/2018,23/09/2017,2017,9,23
3163,Tanzania,Tanzania Lake Region,Mara,Butiam,33.7811,-1.8293,ACTLTZ001952,NOT-3,ACPOTZ017280,half_NPK,13.9,2018,10,21,21/10/2018,23/09/2017,2017,9,23
3164,Tanzania,Tanzania Lake Region,Mara,Butiam,33.7811,-1.8293,ACTLTZ001952,NOT-3,ACPOTZ017297,NPK,8.48,2018,10,21,21/10/2018,23/09/2017,2017,9,23
3165,Tanzania,Tanzania Lake Region,Mara,Butiam,33.7811,-1.8293,ACTLTZ001952,NOT-3,ACPOTZ017290,CON,11.2,2018,10,21,21/10/2018,23/09/2017,2017,9,23
3166,Tanzania,Tanzania Lake Region,Mara,Butiam,33.7811,-1.8293,ACTLTZ001952,NOT-3,ACPOTZ017285,NPK,17.5,2018,10,21,21/10/2018,23/09/2017,2017,9,23
3167,Tanzania,Tanzania Lake Region,Mara,Butiam,33.7811,-1.8293,ACTLTZ001952,NOT-3,ACPOTZ017044,NK,10.38,2018,10,21,21/10/2018,23/09/2017,2017,9,23
3168,Tanzania,Tanzania Lake Region,Mara,Butiam,33.7811,-1.8293,ACTLTZ001952,NOT-3,ACPOTZ017281,NP,13.6,2018,10,21,21/10/2018,23/09/2017,2017,9,23
3169,Tanzania,Tanzania Lake Region,Mara,Serengeti,34.4459,-1.7277,ACTLTZ001953,NOT-3,ACPOTZ017345,NPK,5.184,2018,10,18,18/10/2018,16/09/2017,2017,9,16
3170,Tanzania,Tanzania Lake Region,Mara,Serengeti,34.4459,-1.7277,ACTLTZ001953,NOT-3,ACPOTZ017316,NP,2.8,2018,10,18,18/10/2018,16/09/2017,2017,9,16
3171,Tanzania,Tanzania Lake Region,Mara,Serengeti,34.4459,-1.7277,ACTLTZ001953,NOT-3,ACPOTZ017311,NK,9,2018,10,18,18/10/2018,16/09/2017,2017,9,16
3172,Tanzania,Tanzania Lake Region,Mara,Serengeti,34.4459,-1.7277,ACTLTZ001953,NOT-3,ACPOTZ017347,NPK_micro,1.64,2018,10,18,18/10/2018,16/09/2017,2017,9,16
3173,Tanzania,Tanzania Lake Region,Mara,Serengeti,34.4459,-1.7277,ACTLTZ001953,NOT-3,ACPOTZ017350,half_NPK,0.6,2018,10,18,18/10/2018,16/09/2017,2017,9,16
3174,Tanzania,Tanzania Lake Region,Mara,Serengeti,34.4459,-1.7277,ACTLTZ001953,NOT-3,ACPOTZ017342,CON,8.44,2018,10,18,18/10/2018,16/09/2017,2017,9,16
3175,Tanzania,Tanzania Lake Region,Mara,Bunda,33.5779,-2.0838,ACTLTZ001955,NOT-2,ACPOTZ014409,NPK,9.56,2018,10,27,27/10/2018,16/09/2017,2017,9,16
3176,Tanzania,Tanzania Lake Region,Mara,Bunda,33.5779,-2.0838,ACTLTZ001955,NOT-2,ACPOTZ014410,NPK,4.1,2018,10,27,27/10/2018,16/09/2017,2017,9,16
3177,Tanzania,Tanzania Lake Region,Mara,Bunda,33.5779,-2.0838,ACTLTZ001955,NOT-2,ACPOTZ014411,CON,11.78,2018,10,27,27/10/2018,16/09/2017,2017,9,16
3178,Tanzania,Tanzania Lake Region,Mara,Bunda,33.5779,-2.0838,ACTLTZ001955,NOT-2,ACPOTZ014404,half_NPK,8.46,2018,10,27,27/10/2018,16/09/2017,2017,9,16
3179,Tanzania,Tanzania Lake Region,Mara,Bunda,33.5779,-2.0838,ACTLTZ001955,NOT-2,ACPOTZ014407,NK,10.02,2018,10,27,27/10/2018,16/09/2017,2017,9,16
3180,Tanzania,Tanzania Lake Region,Mara,Bunda,33.5779,-2.0838,ACTLTZ001955,NOT-2,ACPOTZ014408,PK,8.16,2018,10,27,27/10/2018,16/09/2017,2017,9,16
3181,Tanzania,Tanzania Lake Region,Mara,Bunda,33.5779,-2.0838,ACTLTZ001955,NOT-2,ACPOTZ014406,NP,9.64,2018,10,27,27/10/2018,16/09/2017,2017,9,16
3182,Tanzania,Tanzania Lake Region,Mara,Serengeti,34.6916,-1.8952,ACTLTZ001958,NOT-3,ACPOTZ017096,NK,60.34,2018,10,16,16/10/2018,17/10/2017,2017,10,17
3183,Tanzania,Tanzania Lake Region,Mara,Serengeti,34.6916,-1.8952,ACTLTZ001958,NOT-3,ACPOTZ017097,NP,25.98,2018,10,16,16/10/2018,17/10/2017,2017,10,17
3184,Tanzania,Tanzania Lake Region,Mara,Serengeti,34.6916,-1.8952,ACTLTZ001958,NOT-3,ACPOTZ017089,NPK,23.76,2018,10,16,16/10/2018,17/10/2017,2017,10,17
3185,Tanzania,Tanzania Lake Region,Mara,Serengeti,34.6916,-1.8952,ACTLTZ001958,NOT-3,ACPOTZ014042,half_NPK,28.72,2018,10,16,16/10/2018,17/10/2017,2017,10,17
3186,Tanzania,Tanzania Lake Region,Mara,Serengeti,34.6916,-1.8952,ACTLTZ001958,NOT-3,ACPOTZ017100,CON,22.9,2018,10,16,16/10/2018,17/10/2017,2017,10,17
3187,Tanzania,Tanzania Lake Region,Mara,Serengeti,34.6916,-1.8952,ACTLTZ001958,NOT-3,ACPOTZ017095,PK,12.36,2018,10,16,16/10/2018,17/10/2017,2017,10,17
3188,Tanzania,Tanzania Lake Region,Mara,Serengeti,34.6923,-1.8954,ACTLTZ001960,NOT-3,ACPOTZ017117,NK,28.184,2018,10,16,16/10/2018,15/10/2017,2017,10,15
3189,Tanzania,Tanzania Lake Region,Mara,Serengeti,34.6923,-1.8954,ACTLTZ001960,NOT-3,ACPOTZ017116,NP,26.06,2018,10,16,16/10/2018,15/10/2017,2017,10,15
3190,Tanzania,Tanzania Lake Region,Mara,Serengeti,34.6923,-1.8954,ACTLTZ001960,NOT-3,ACPOTZ017120,half_NPK,24.36,2018,10,16,16/10/2018,15/10/2017,2017,10,15
3191,Tanzania,Tanzania Lake Region,Mara,Serengeti,34.6923,-1.8954,ACTLTZ001960,NOT-3,ACPOTZ017114,NPK,44.61538462,2018,10,16,16/10/2018,15/10/2017,2017,10,15
3192,Tanzania,Tanzania Lake Region,Mara,Serengeti,34.6427,-1.8869,ACTLTZ001961,NOT-2,ACPOTZ017210,NPK,13.25,2018,10,15,15/10/2018,29/11/2017,2017,11,29
3193,Tanzania,Tanzania Lake Region,Mara,Serengeti,34.6427,-1.8869,ACTLTZ001961,NOT-2,ACPOTZ017214,NK,12.82,2018,10,15,15/10/2018,29/11/2017,2017,11,29
3194,Tanzania,Tanzania Lake Region,Mara,Serengeti,34.6427,-1.8869,ACTLTZ001961,NOT-2,ACPOTZ017212,half_NPK,12.68333333,2018,10,15,15/10/2018,29/11/2017,2017,11,29
3195,Tanzania,Tanzania Lake Region,Mara,Serengeti,34.6427,-1.8869,ACTLTZ001961,NOT-2,ACPOTZ017211,NPK_micro,14.28,2018,10,15,15/10/2018,29/11/2017,2017,11,29
3196,Tanzania,Tanzania Lake Region,Mara,Serengeti,34.6324,-1.8787,ACTLTZ001962,NOT-1,ACPOTZ017257,CON,10.63666667,2018,10,15,15/10/2018,26/11/2017,2017,11,26
3197,Tanzania,Tanzania Lake Region,Mara,Serengeti,34.6324,-1.8787,ACTLTZ001962,NOT-1,ACPOTZ017261,PK,29.332,2018,10,15,15/10/2018,26/11/2017,2017,11,26
3198,Tanzania,Tanzania Lake Region,Mara,Serengeti,34.6324,-1.8787,ACTLTZ001962,NOT-1,ACPOTZ017264,NPK,16.03,2018,10,15,15/10/2018,26/11/2017,2017,11,26
3199,Tanzania,Tanzania Lake Region,Mara,Serengeti,34.6324,-1.8787,ACTLTZ001962,NOT-1,ACPOTZ017258,NPK,17.21,2018,10,15,15/10/2018,26/11/2017,2017,11,26
3200,Tanzania,Tanzania Lake Region,Mara,Serengeti,34.6324,-1.8787,ACTLTZ001962,NOT-1,ACPOTZ014052,NK,20.25,2018,10,15,15/10/2018,26/11/2017,2017,11,26
3201,Tanzania,Tanzania Lake Region,Mara,Serengeti,34.6324,-1.8787,ACTLTZ001962,NOT-1,ACPOTZ017259,NPK_micro,16.92,2018,10,15,15/10/2018,26/11/2017,2017,11,26
3202,Tanzania,Tanzania Lake Region,Mara,Serengeti,34.6324,-1.8787,ACTLTZ001962,NOT-1,ACPOTZ017263,NP,20.07,2018,10,15,15/10/2018,26/11/2017,2017,11,26
3203,Tanzania,Tanzania Lake Region,Mara,Serengeti,34.4458,-1.7275,ACTLTZ001964,NOT-3,ACPOTZ017338,CON,5.76,2018,10,18,18/10/2018,18/11/2017,2017,11,18
3204,Tanzania,Tanzania Lake Region,Mara,Serengeti,34.4458,-1.7275,ACTLTZ001964,NOT-3,ACPOTZ017330,NPK_micro,6.458333333,2018,10,18,18/10/2018,18/11/2017,2017,11,18
3205,Tanzania,Tanzania Lake Region,Mara,Serengeti,34.4458,-1.7275,ACTLTZ001964,NOT-3,ACPOTZ017335,PK,10.4,2018,10,18,18/10/2018,18/11/2017,2017,11,18
3206,Tanzania,Tanzania Lake Region,Mara,Serengeti,34.4458,-1.7275,ACTLTZ001964,NOT-3,ACPOTZ017327,NPK,5.068,2018,10,18,18/10/2018,18/11/2017,2017,11,18
3207,Tanzania,Tanzania Lake Region,Mara,Serengeti,34.4458,-1.7275,ACTLTZ001964,NOT-3,ACPOTZ017337,NP,6.92,2018,10,18,18/10/2018,18/11/2017,2017,11,18
3208,Tanzania,Tanzania Lake Region,Mara,Butiam,33.7811,-1.829,ACTLTZ001965,NOT-3,ACPOTZ017341,NPK,10.7,2018,10,21,21/10/2018,22/11/2017,2017,11,22
3209,Tanzania,Tanzania Lake Region,Mara,Butiam,33.7811,-1.829,ACTLTZ001965,NOT-3,ACPOTZ017358,PK,11.16,2018,10,21,21/10/2018,22/11/2017,2017,11,22
3210,Tanzania,Tanzania Lake Region,Mara,Butiam,33.7811,-1.829,ACTLTZ001965,NOT-3,ACPOTZ017041,CON,11.64,2018,10,21,21/10/2018,22/11/2017,2017,11,22
3211,Tanzania,Tanzania Lake Region,Mara,Butiam,33.7811,-1.829,ACTLTZ001965,NOT-3,ACPOTZ017293,half_NPK,8.5,2018,10,21,21/10/2018,22/11/2017,2017,11,22
3212,Tanzania,Tanzania Lake Region,Mara,Butiam,33.7811,-1.829,ACTLTZ001965,NOT-3,ACPOTZ017296,NPK,16.06,2018,10,21,21/10/2018,22/11/2017,2017,11,22
3213,Tanzania,Tanzania Lake Region,Mara,Butiam,33.7811,-1.829,ACTLTZ001965,NOT-3,ACPOTZ017291,NPK_micro,17,2018,10,21,21/10/2018,22/11/2017,2017,11,22
3214,Tanzania,Tanzania Lake Region,Mara,Butiam,33.7811,-1.829,ACTLTZ001965,NOT-3,ACPOTZ017292,NP,9.36,2018,10,21,21/10/2018,22/11/2017,2017,11,22
3215,Tanzania,Tanzania Lake Region,Mara,Serengeti,34.4931,-1.7211,ACTLTZ001966,NOT-1,ACPOTZ017323,CON,13.96,2018,10,15,15/10/2018,25/11/2017,2017,11,25
3216,Tanzania,Tanzania Lake Region,Mara,Serengeti,34.4931,-1.7211,ACTLTZ001966,NOT-1,ACPOTZ017321,NPK,2.8,2018,10,15,15/10/2018,25/11/2017,2017,11,25
3217,Tanzania,Tanzania Lake Region,Mara,Serengeti,34.4931,-1.7211,ACTLTZ001966,NOT-1,ACPOTZ017326,NPK_micro,3.28,2018,10,15,15/10/2018,25/11/2017,2017,11,25
3218,Tanzania,Tanzania Lake Region,Mara,Serengeti,34.4931,-1.7211,ACTLTZ001966,NOT-1,ACPOTZ017325,NP,4.44,2018,10,15,15/10/2018,25/11/2017,2017,11,25
3219,Tanzania,Tanzania Lake Region,Mara,Serengeti,34.4931,-1.7211,ACTLTZ001966,NOT-1,ACPOTZ017320,half_NPK,7.2,2018,10,15,15/10/2018,25/11/2017,2017,11,25
3220,Tanzania,Tanzania Lake Region,Mara,Serengeti,34.4931,-1.7211,ACTLTZ001966,NOT-1,ACPOTZ017318,NK,9.52,2018,10,15,15/10/2018,25/11/2017,2017,11,25
3221,Tanzania,Tanzania Lake Region,Mara,Serengeti,34.4931,-1.7211,ACTLTZ001966,NOT-1,ACPOTZ017322,NPK,3.6,2018,10,15,15/10/2018,25/11/2017,2017,11,25
3222,Tanzania,Tanzania Lake Region,Mara,Serengeti,34.4931,-1.7211,ACTLTZ001966,NOT-1,ACPOTZ017324,PK,12.96,2018,10,15,15/10/2018,25/11/2017,2017,11,25
3223,Tanzania,Tanzania Lake Region,Mara,Serengeti,34.4462,-1.728,ACTLTZ001967,NOT-3,ACPOTZ017308,NPK,8.46,2018,10,18,18/10/2018,16/11/2017,2017,11,16
3224,Tanzania,Tanzania Lake Region,Mara,Serengeti,34.4462,-1.728,ACTLTZ001967,NOT-3,ACPOTZ017197,NPK,2,2018,10,18,18/10/2018,16/11/2017,2017,11,16
3225,Tanzania,Tanzania Lake Region,Mara,Serengeti,34.4462,-1.728,ACTLTZ001967,NOT-3,ACPOTZ017303,NK,0.775,2018,10,18,18/10/2018,16/11/2017,2017,11,16
3226,Tanzania,Tanzania Lake Region,Mara,Serengeti,34.4462,-1.728,ACTLTZ001967,NOT-3,ACPOTZ017198,half_NPK,4.124,2018,10,18,18/10/2018,16/11/2017,2017,11,16
3227,Tanzania,Tanzania Lake Region,Mara,Serengeti,34.4462,-1.728,ACTLTZ001967,NOT-3,ACPOTZ017199,PK,10.26,2018,10,18,18/10/2018,16/11/2017,2017,11,16
3228,Tanzania,Tanzania Lake Region,Mara,Serengeti,34.4458,-1.7272,ACTLTZ001968,NOT-3,ACPOTZ017228,half_NPK,7.242,2018,10,18,18/10/2018,17/11/2017,2017,11,17
3229,Tanzania,Tanzania Lake Region,Mara,Serengeti,34.4458,-1.7272,ACTLTZ001968,NOT-3,ACPOTZ017230,NK,9.9,2018,10,18,18/10/2018,17/11/2017,2017,11,17
3230,Tanzania,Tanzania Lake Region,Mara,Serengeti,34.4458,-1.7272,ACTLTZ001968,NOT-3,ACPOTZ017354,NPK,13.24,2018,10,18,18/10/2018,17/11/2017,2017,11,17
3231,Tanzania,Tanzania Lake Region,Mara,Serengeti,34.4458,-1.7272,ACTLTZ001968,NOT-3,ACPOTZ017227,NPK_micro,14.18,2018,10,18,18/10/2018,17/11/2017,2017,11,17
3232,Tanzania,Tanzania Lake Region,Mara,Serengeti,34.4458,-1.7272,ACTLTZ001968,NOT-3,ACPOTZ017229,PK,14.58,2018,10,18,18/10/2018,17/11/2017,2017,11,17
3233,Tanzania,Tanzania Lake Region,Mara,Serengeti,34.4472,-1.7291,ACTLTZ001969,NOT-2,ACPOTZ014105,NPK,20.676,2018,10,21,21/10/2018,29/11/2017,2017,11,29
3234,Tanzania,Tanzania Lake Region,Mara,Serengeti,34.4472,-1.7291,ACTLTZ001969,NOT-2,ACPOTZ014106,NPK,19.672,2018,10,21,21/10/2018,29/11/2017,2017,11,29
3235,Tanzania,Tanzania Lake Region,Mara,Serengeti,34.4472,-1.7291,ACTLTZ001969,NOT-2,ACPOTZ014075,NPK,27.192,2018,10,21,21/10/2018,29/11/2017,2017,11,29
3236,Tanzania,Tanzania Lake Region,Mara,Serengeti,34.4472,-1.7291,ACTLTZ001969,NOT-2,ACPOTZ014102,NP,27.38,2018,10,21,21/10/2018,29/11/2017,2017,11,29
3237,Tanzania,Tanzania Lake Region,Mara,Serengeti,34.4472,-1.7291,ACTLTZ001969,NOT-2,ACPOTZ014103,NK,23.972,2018,10,21,21/10/2018,29/11/2017,2017,11,29
3238,Tanzania,Tanzania Lake Region,Mara,Serengeti,34.4472,-1.7291,ACTLTZ001969,NOT-2,ACPOTZ014078,NPK,10.72,2018,10,21,21/10/2018,29/11/2017,2017,11,29
3239,Tanzania,Tanzania Lake Region,Mara,Serengeti,34.4472,-1.7291,ACTLTZ001969,NOT-2,ACPOTZ017148,CON,19.82,2018,10,21,21/10/2018,29/11/2017,2017,11,29
3240,Tanzania,Tanzania Lake Region,Mara,Butiam,33.7809,-1.8295,ACTLTZ001970,NOT-3,ACPOTZ017268,NPK_micro,10.04,2018,10,21,21/10/2018,22/11/2017,2017,11,22
3241,Tanzania,Tanzania Lake Region,Mara,Butiam,33.7809,-1.8295,ACTLTZ001970,NOT-3,ACPOTZ017275,NPK,17.8,2018,10,21,21/10/2018,22/11/2017,2017,11,22
3242,Tanzania,Tanzania Lake Region,Mara,Butiam,33.7809,-1.8295,ACTLTZ001970,NOT-3,ACPOTZ017271,NPK,11.32,2018,10,21,21/10/2018,22/11/2017,2017,11,22
3243,Tanzania,Tanzania Lake Region,Mara,Butiam,33.7809,-1.8295,ACTLTZ001970,NOT-3,ACPOTZ017284,PK,11.38,2018,10,21,21/10/2018,22/11/2017,2017,11,22
3244,Tanzania,Tanzania Lake Region,Mara,Butiam,33.7809,-1.8295,ACTLTZ001970,NOT-3,ACPOTZ017273,CON,16.24,2018,10,21,21/10/2018,22/11/2017,2017,11,22
3245,Tanzania,Tanzania Lake Region,Mara,Butiam,33.7809,-1.8295,ACTLTZ001970,NOT-3,ACPOTZ017267,half_NPK,6.38,2018,10,21,21/10/2018,22/11/2017,2017,11,22
3246,Tanzania,Tanzania Lake Region,Mara,Butiam,33.7809,-1.8295,ACTLTZ001970,NOT-3,ACPOTZ017075,NP,12.98,2018,10,21,21/10/2018,22/11/2017,2017,11,22
3247,Tanzania,Tanzania Lake Region,Mara,Butiam,33.7809,-1.8295,ACTLTZ001970,NOT-3,ACPOTZ017272,NK,17.26,2018,10,21,21/10/2018,22/11/2017,2017,11,22
3248,Tanzania,Tanzania Lake Region,Mara,Serengeti,34.6913,-1.9042,ACTLTZ001971,NOT-1,ACPOTZ017243,NPK_micro,14.83,2018,10,15,15/10/2018,19/10/2017,2017,10,19
3249,Tanzania,Tanzania Lake Region,Mara,Serengeti,34.6913,-1.9042,ACTLTZ001971,NOT-1,ACPOTZ017239,NP,24.07541667,2018,10,15,15/10/2018,19/10/2017,2017,10,19
3250,Tanzania,Tanzania Lake Region,Mara,Serengeti,34.6913,-1.9042,ACTLTZ001971,NOT-1,ACPOTZ017234,NPK,27.33,2018,10,15,15/10/2018,19/10/2017,2017,10,19
3251,Tanzania,Tanzania Lake Region,Mara,Serengeti,34.6913,-1.9042,ACTLTZ001971,NOT-1,ACPOTZ017233,CON,19.01,2018,10,15,15/10/2018,19/10/2017,2017,10,19
3252,Tanzania,Tanzania Lake Region,Mara,Serengeti,34.6913,-1.9042,ACTLTZ001971,NOT-1,ACPOTZ017237,PK,26.02,2018,10,15,15/10/2018,19/10/2017,2017,10,19
3253,Tanzania,Tanzania Lake Region,Mara,Serengeti,34.6913,-1.9042,ACTLTZ001971,NOT-1,ACPOTZ017240,NPK,25.3,2018,10,15,15/10/2018,19/10/2017,2017,10,19
3254,Tanzania,Tanzania Lake Region,Mara,Serengeti,34.6913,-1.9042,ACTLTZ001971,NOT-1,ACPOTZ017236,half_NPK,28.15,2018,10,15,15/10/2018,19/10/2017,2017,10,19
3255,Tanzania,Tanzania Lake Region,Mara,Butiam,33.7811,-1.8287,ACTLTZ001973,NOT-3,ACPOTZ017021,NK,7.728,2018,10,21,21/10/2018,17/11/2017,2017,11,17
3256,Tanzania,Tanzania Lake Region,Mara,Butiam,33.7811,-1.8287,ACTLTZ001973,NOT-3,ACPOTZ017039,NP,7.62,2018,10,21,21/10/2018,17/11/2017,2017,11,17
3257,Tanzania,Tanzania Lake Region,Mara,Butiam,33.7811,-1.8287,ACTLTZ001973,NOT-3,ACPOTZ017045,NPK,9.456,2018,10,21,21/10/2018,17/11/2017,2017,11,17
3258,Tanzania,Tanzania Lake Region,Mara,Butiam,33.7811,-1.8287,ACTLTZ001973,NOT-3,ACPOTZ017043,half_NPK,13.276,2018,10,21,21/10/2018,17/11/2017,2017,11,17
3259,Tanzania,Tanzania Lake Region,Mara,Butiam,33.7811,-1.8287,ACTLTZ001973,NOT-3,ACPOTZ017274,CON,14,2018,10,21,21/10/2018,17/11/2017,2017,11,17
3260,Tanzania,Tanzania Lake Region,Mara,Butiam,33.7811,-1.8287,ACTLTZ001973,NOT-3,ACPOTZ017276,PK,16.5,2018,10,21,21/10/2018,17/11/2017,2017,11,17
3261,Tanzania,Tanzania Lake Region,Mara,Butiam,33.7811,-1.8287,ACTLTZ001973,NOT-3,ACPOTZ017278,NPK,10.228,2018,10,21,21/10/2018,17/11/2017,2017,11,17
3262,Tanzania,Tanzania Lake Region,Mara,Butiam,33.7811,-1.8287,ACTLTZ001973,NOT-3,ACPOTZ017046,NPK_micro,5.56,2018,10,21,21/10/2018,17/11/2017,2017,11,17
3263,Tanzania,Tanzania Lake Region,Mara,Serengeti,34.6918,-1.8952,ACTLTZ001979,NOT-3,ACPOTZ017160,CON,58.26,2018,10,17,17/10/2018,16/10/2017,2017,10,16
3264,Tanzania,Tanzania Lake Region,Mara,Serengeti,34.6918,-1.8952,ACTLTZ001979,NOT-3,ACPOTZ017156,NK,33,2018,10,17,17/10/2018,16/10/2017,2017,10,16
3265,Tanzania,Tanzania Lake Region,Mara,Serengeti,34.6918,-1.8952,ACTLTZ001979,NOT-3,ACPOTZ017047,NPK,37.44,2018,10,17,17/10/2018,16/10/2017,2017,10,16
3266,Tanzania,Tanzania Lake Region,Mara,Serengeti,34.6918,-1.8952,ACTLTZ001979,NOT-3,ACPOTZ017155,PK,25.62,2018,10,17,17/10/2018,16/10/2017,2017,10,16
3267,Tanzania,Tanzania Lake Region,Mara,Serengeti,34.6918,-1.8952,ACTLTZ001979,NOT-3,ACPOTZ017157,NP,37.5,2018,10,17,17/10/2018,16/10/2017,2017,10,16
3268,Tanzania,Tanzania Lake Region,Mara,Serengeti,34.6918,-1.8952,ACTLTZ001979,NOT-3,ACPOTZ017093,half_NPK,32.1,2018,10,17,17/10/2018,16/10/2017,2017,10,16
3269,Tanzania,Tanzania Lake Region,Mara,Serengeti,34.6918,-1.8951,ACTLTZ001980,NOT-3,ACPOTZ017088,CON,17.62,2018,10,17,17/10/2018,17/10/2017,2017,10,17
3270,Tanzania,Tanzania Lake Region,Mara,Serengeti,34.6918,-1.8951,ACTLTZ001980,NOT-3,ACPOTZ017142,NP,15.76,2018,10,17,17/10/2018,17/10/2017,2017,10,17
3271,Tanzania,Tanzania Lake Region,Mara,Serengeti,34.6918,-1.8951,ACTLTZ001980,NOT-3,ACPOTZ017139,PK,15.7,2018,10,17,17/10/2018,17/10/2017,2017,10,17
3272,Tanzania,Tanzania Lake Region,Mara,Serengeti,34.6918,-1.8951,ACTLTZ001980,NOT-3,ACPOTZ017145,half_NPK,21.46,2018,10,17,17/10/2018,17/10/2017,2017,10,17
3273,Tanzania,Tanzania Lake Region,Mara,Serengeti,34.6918,-1.8951,ACTLTZ001980,NOT-3,ACPOTZ017127,NPK,16.96,2018,10,17,17/10/2018,17/10/2017,2017,10,17
3274,Tanzania,Tanzania Lake Region,Mara,Serengeti,34.6918,-1.8951,ACTLTZ001980,NOT-3,ACPOTZ017125,NPK,8.4,2018,10,17,17/10/2018,17/10/2017,2017,10,17
3275,Tanzania,Tanzania Lake Region,Mara,Serengeti,34.6918,-1.8951,ACTLTZ001980,NOT-3,ACPOTZ017146,NK,18.98,2018,10,17,17/10/2018,17/10/2017,2017,10,17
3276,Tanzania,Tanzania Lake Region,Mara,Serengeti,34.6485,-1.866,ACTLTZ001981,NOT-2,ACPOTZ017037,CON,13.79,2018,10,15,15/10/2018,25/11/2017,2017,11,25
3277,Tanzania,Tanzania Lake Region,Mara,Serengeti,34.6485,-1.866,ACTLTZ001981,NOT-2,ACPOTZ017132,PK,20.06,2018,10,15,15/10/2018,25/11/2017,2017,11,25
3278,Tanzania,Tanzania Lake Region,Mara,Serengeti,34.6485,-1.866,ACTLTZ001981,NOT-2,ACPOTZ017134,half_NPK,12.56,2018,10,15,15/10/2018,25/11/2017,2017,11,25
3279,Tanzania,Tanzania Lake Region,Mara,Serengeti,34.6485,-1.866,ACTLTZ001981,NOT-2,ACPOTZ017129,NPK_micro,14.21,2018,10,15,15/10/2018,25/11/2017,2017,11,25
3280,Tanzania,Tanzania Lake Region,Mara,Serengeti,34.6485,-1.866,ACTLTZ001981,NOT-2,ACPOTZ017128,NPK,16.55,2018,10,15,15/10/2018,25/11/2017,2017,11,25
3281,Tanzania,Tanzania Lake Region,Mara,Serengeti,34.6485,-1.866,ACTLTZ001981,NOT-2,ACPOTZ017131,NK,10.59,2018,10,15,15/10/2018,25/11/2017,2017,11,25
3282,Tanzania,Tanzania Lake Region,Mara,Serengeti,34.6485,-1.866,ACTLTZ001981,NOT-2,ACPOTZ017130,NP,12.51,2018,10,15,15/10/2018,25/11/2017,2017,11,25
3283,Tanzania,Tanzania Lake Region,Kagera,Biharamulo,31.4839,-2.7412,ACTLTZ001982,NOT-2,ACPOTZ017397,NK,18.395,2018,10,29,29/10/2018,25/11/2017,2017,11,25
3284,Tanzania,Tanzania Lake Region,Kagera,Biharamulo,31.4839,-2.7412,ACTLTZ001982,NOT-2,ACPOTZ017394,half_NPK,19.05,2018,10,29,29/10/2018,25/11/2017,2017,11,25
3285,Tanzania,Tanzania Lake Region,Kagera,Biharamulo,31.4839,-2.7412,ACTLTZ001982,NOT-2,ACPOTZ017698,PK,5.18,2018,10,29,29/10/2018,25/11/2017,2017,11,25
3286,Tanzania,Tanzania Lake Region,Kagera,Biharamulo,31.4839,-2.7412,ACTLTZ001982,NOT-2,ACPOTZ017701,CON,9.19,2018,10,29,29/10/2018,25/11/2017,2017,11,25
3287,Tanzania,Tanzania Lake Region,Kagera,Biharamulo,31.4839,-2.7412,ACTLTZ001982,NOT-2,ACPOTZ017696,NP,11.635,2018,10,29,29/10/2018,25/11/2017,2017,11,25
3288,Tanzania,Tanzania Lake Region,Kagera,Biharamulo,31.4839,-2.7412,ACTLTZ001982,NOT-2,ACPOTZ017695,NPK_micro,17.555,2018,10,29,29/10/2018,25/11/2017,2017,11,25
3289,Tanzania,Tanzania Lake Region,Kagera,Biharamulo,31.4839,-2.7412,ACTLTZ001982,NOT-2,ACPOTZ017399,NPK,10.14,2018,10,29,29/10/2018,25/11/2017,2017,11,25
3290,Tanzania,Tanzania Lake Region,Kagera,Biharamulo,31.4839,-2.7412,ACTLTZ001982,NOT-2,ACPOTZ017699,NPK,15.565,2018,10,29,29/10/2018,25/11/2017,2017,11,25
3291,Tanzania,Tanzania Lake Region,Kagera,Biharamulo,31.4348,-2.7645,ACTLTZ001986,NOT-2,ACPOTZ017433,NK,15.57,2018,10,19,19/10/2018,12/10/2017,2017,10,12
3292,Tanzania,Tanzania Lake Region,Kagera,Biharamulo,31.4348,-2.7645,ACTLTZ001986,NOT-2,ACPOTZ017432,NP,24.91,2018,10,19,19/10/2018,12/10/2017,2017,10,12
3293,Tanzania,Tanzania Lake Region,Kagera,Biharamulo,31.4348,-2.7645,ACTLTZ001986,NOT-2,ACPOTZ017430,half_NPK,30.55,2018,10,19,19/10/2018,12/10/2017,2017,10,12
3294,Tanzania,Tanzania Lake Region,Kagera,Biharamulo,31.4348,-2.7645,ACTLTZ001986,NOT-2,ACPOTZ017434,PK,22.52,2018,10,19,19/10/2018,12/10/2017,2017,10,12
3295,Tanzania,Tanzania Lake Region,Kagera,Biharamulo,31.4348,-2.7645,ACTLTZ001986,NOT-2,ACPOTZ017436,NPK,31.34,2018,10,19,19/10/2018,12/10/2017,2017,10,12
3296,Tanzania,Tanzania Lake Region,Kagera,Biharamulo,31.4348,-2.7645,ACTLTZ001986,NOT-2,ACPOTZ017437,CON,11.44,2018,10,19,19/10/2018,12/10/2017,2017,10,12
3297,Tanzania,Tanzania Lake Region,Kagera,Biharamulo,31.4348,-2.7645,ACTLTZ001986,NOT-2,ACPOTZ017431,NPK_micro,28.91,2018,10,19,19/10/2018,12/10/2017,2017,10,12
3298,Tanzania,Tanzania Lake Region,Kagera,Biharamulo,31.4348,-2.7645,ACTLTZ001986,NOT-2,ACPOTZ017435,NPK,22.46,2018,10,19,19/10/2018,12/10/2017,2017,10,12
3299,Tanzania,Tanzania Lake Region,Kagera,Biharamulo,31.4897,-2.7427,ACTLTZ001987,NOT-2,ACPOTZ017410,PK,19.09,2018,10,19,19/10/2018,12/10/2017,2017,10,12
3300,Tanzania,Tanzania Lake Region,Kagera,Biharamulo,31.4897,-2.7427,ACTLTZ001987,NOT-2,ACPOTZ017411,NPK,18.2,2018,10,19,19/10/2018,12/10/2017,2017,10,12
3301,Tanzania,Tanzania Lake Region,Kagera,Biharamulo,31.4897,-2.7427,ACTLTZ001987,NOT-2,ACPOTZ017407,NPK_micro,7.75,2018,10,19,19/10/2018,12/10/2017,2017,10,12
3302,Tanzania,Tanzania Lake Region,Kagera,Biharamulo,31.4897,-2.7427,ACTLTZ001987,NOT-2,ACPOTZ017406,half_NPK,18.19,2018,10,19,19/10/2018,12/10/2017,2017,10,12
3303,Tanzania,Tanzania Lake Region,Kagera,Biharamulo,31.4897,-2.7427,ACTLTZ001987,NOT-2,ACPOTZ017408,NP,12.16,2018,10,19,19/10/2018,12/10/2017,2017,10,12
3304,Tanzania,Tanzania Lake Region,Kagera,Biharamulo,31.4897,-2.7427,ACTLTZ001987,NOT-2,ACPOTZ017413,CON,18.02,2018,10,19,19/10/2018,12/10/2017,2017,10,12
3305,Tanzania,Tanzania Lake Region,Kagera,Biharamulo,31.4897,-2.7427,ACTLTZ001987,NOT-2,ACPOTZ017409,NK,28.455,2018,10,19,19/10/2018,12/10/2017,2017,10,12
3306,Tanzania,Tanzania Lake Region,Kagera,Biharamulo,31.4897,-2.7427,ACTLTZ001987,NOT-2,ACPOTZ017412,NPK,19.56,2018,10,19,19/10/2018,12/10/2017,2017,10,12
3307,Tanzania,Tanzania Lake Region,Kagera,Biharamulo,31.5064,-2.7303,ACTLTZ001988,NOT-2,ACPOTZ017423,NPK,8.46,2018,10,19,19/10/2018,12/10/2017,2017,10,12
3308,Tanzania,Tanzania Lake Region,Kagera,Biharamulo,31.5064,-2.7303,ACTLTZ001988,NOT-2,ACPOTZ017422,PK,10.59,2018,10,19,19/10/2018,12/10/2017,2017,10,12
3309,Tanzania,Tanzania Lake Region,Kagera,Biharamulo,31.5064,-2.7303,ACTLTZ001988,NOT-2,ACPOTZ017419,NPK_micro,14.31,2018,10,19,19/10/2018,12/10/2017,2017,10,12
3310,Tanzania,Tanzania Lake Region,Kagera,Biharamulo,31.5064,-2.7303,ACTLTZ001988,NOT-2,ACPOTZ017425,CON,13.99,2018,10,19,19/10/2018,12/10/2017,2017,10,12
3311,Tanzania,Tanzania Lake Region,Kagera,Biharamulo,31.5064,-2.7303,ACTLTZ001988,NOT-2,ACPOTZ017424,NPK,15,2018,10,19,19/10/2018,12/10/2017,2017,10,12
3312,Tanzania,Tanzania Lake Region,Kagera,Biharamulo,31.5064,-2.7303,ACTLTZ001988,NOT-2,ACPOTZ017420,NP,17.91,2018,10,19,19/10/2018,12/10/2017,2017,10,12
3313,Tanzania,Tanzania Lake Region,Kagera,Biharamulo,31.5064,-2.7303,ACTLTZ001988,NOT-2,ACPOTZ017421,NK,7.86,2018,10,19,19/10/2018,12/10/2017,2017,10,12
3314,Tanzania,Tanzania Lake Region,Kagera,Biharamulo,31.4348,-2.7645,ACTLTZ001989,NOT-1,ACPOTZ017588,NP,21.38,2018,10,19,19/10/2018,12/10/2017,2017,10,12
3315,Tanzania,Tanzania Lake Region,Kagera,Biharamulo,31.4348,-2.7645,ACTLTZ001989,NOT-1,ACPOTZ017593,CON,14.34,2018,10,19,19/10/2018,12/10/2017,2017,10,12
3316,Tanzania,Tanzania Lake Region,Kagera,Biharamulo,31.4348,-2.7645,ACTLTZ001989,NOT-1,ACPOTZ017587,NPK_micro,13.47,2018,10,19,19/10/2018,12/10/2017,2017,10,12
3317,Tanzania,Tanzania Lake Region,Kagera,Biharamulo,31.4348,-2.7645,ACTLTZ001989,NOT-1,ACPOTZ017591,NPK,11.53,2018,10,19,19/10/2018,12/10/2017,2017,10,12
3318,Tanzania,Tanzania Lake Region,Kagera,Biharamulo,31.4348,-2.7645,ACTLTZ001989,NOT-1,ACPOTZ017589,NK,17.005,2018,10,19,19/10/2018,12/10/2017,2017,10,12
3319,Tanzania,Tanzania Lake Region,Kagera,Biharamulo,31.4348,-2.7645,ACTLTZ001989,NOT-1,ACPOTZ017592,NPK,19.75,2018,10,19,19/10/2018,12/10/2017,2017,10,12
3320,Tanzania,Tanzania Lake Region,Kagera,Biharamulo,31.4348,-2.7645,ACTLTZ001989,NOT-1,ACPOTZ017586,half_NPK,19.15,2018,10,19,19/10/2018,12/10/2017,2017,10,12
3321,Tanzania,Tanzania Lake Region,Kagera,Biharamulo,31.4348,-2.7645,ACTLTZ001989,NOT-1,ACPOTZ017590,PK,14.53,2018,10,19,19/10/2018,12/10/2017,2017,10,12
3322,Tanzania,Tanzania Lake Region,Kagera,Biharamulo,31.4348,-2.7645,ACTLTZ001990,NOT-1,ACPOTZ017584,NPK,24.65,2018,10,19,19/10/2018,12/10/2017,2017,10,12
3323,Tanzania,Tanzania Lake Region,Kagera,Biharamulo,31.4348,-2.7645,ACTLTZ001990,NOT-1,ACPOTZ017603,NPK_micro,16.05,2018,10,19,19/10/2018,12/10/2017,2017,10,12
3324,Tanzania,Tanzania Lake Region,Kagera,Biharamulo,31.4348,-2.7645,ACTLTZ001990,NOT-1,ACPOTZ017602,half_NPK,42.51,2018,10,19,19/10/2018,12/10/2017,2017,10,12
3325,Tanzania,Tanzania Lake Region,Kagera,Biharamulo,31.4348,-2.7645,ACTLTZ001990,NOT-1,ACPOTZ017605,NK,27.39,2018,10,19,19/10/2018,12/10/2017,2017,10,12
3326,Tanzania,Tanzania Lake Region,Kagera,Biharamulo,31.4348,-2.7645,ACTLTZ001990,NOT-1,ACPOTZ017583,NPK,33.41,2018,10,19,19/10/2018,12/10/2017,2017,10,12
3327,Tanzania,Tanzania Lake Region,Kagera,Biharamulo,31.4348,-2.7645,ACTLTZ001990,NOT-1,ACPOTZ017604,NP,17.13,2018,10,19,19/10/2018,12/10/2017,2017,10,12
3328,Tanzania,Tanzania Lake Region,Kagera,Biharamulo,31.4348,-2.7645,ACTLTZ001990,NOT-1,ACPOTZ017585,CON,15.21,2018,10,19,19/10/2018,12/10/2017,2017,10,12
3329,Tanzania,Tanzania Lake Region,Kagera,Biharamulo,31.5025,-2.7343,ACTLTZ001991,NOT-1,ACPOTZ017594,half_NPK,23.61,2018,10,19,19/10/2018,12/10/2017,2017,10,12
3330,Tanzania,Tanzania Lake Region,Kagera,Biharamulo,31.5025,-2.7343,ACTLTZ001991,NOT-1,ACPOTZ017595,NPK_micro,16.81,2018,10,19,19/10/2018,12/10/2017,2017,10,12
3331,Tanzania,Tanzania Lake Region,Kagera,Biharamulo,31.5025,-2.7343,ACTLTZ001991,NOT-1,ACPOTZ017600,NPK,12.83,2018,10,19,19/10/2018,12/10/2017,2017,10,12
3332,Tanzania,Tanzania Lake Region,Kagera,Biharamulo,31.5025,-2.7343,ACTLTZ001991,NOT-1,ACPOTZ017596,NP,21.88,2018,10,19,19/10/2018,12/10/2017,2017,10,12
3333,Tanzania,Tanzania Lake Region,Kagera,Biharamulo,31.5025,-2.7343,ACTLTZ001991,NOT-1,ACPOTZ017597,NK,15.69,2018,10,19,19/10/2018,12/10/2017,2017,10,12
3334,Tanzania,Tanzania Lake Region,Kagera,Biharamulo,31.5025,-2.7343,ACTLTZ001991,NOT-1,ACPOTZ017599,NPK,18.64,2018,10,19,19/10/2018,12/10/2017,2017,10,12
3335,Tanzania,Tanzania Lake Region,Kagera,Biharamulo,31.5025,-2.7343,ACTLTZ001991,NOT-1,ACPOTZ017601,CON,19.03,2018,10,19,19/10/2018,12/10/2017,2017,10,12
3336,Tanzania,Tanzania Lake Region,Kagera,Biharamulo,31.5025,-2.7343,ACTLTZ001991,NOT-1,ACPOTZ017598,PK,19.36,2018,10,19,19/10/2018,12/10/2017,2017,10,12
3337,Tanzania,Tanzania Lake Region,Kagera,Biharamulo,31.5038,-2.7348,ACTLTZ001992,NOT-1,ACPOTZ017610,half_NPK,11.01,2018,10,19,19/10/2018,12/10/2017,2017,10,12
3338,Tanzania,Tanzania Lake Region,Kagera,Biharamulo,31.5038,-2.7348,ACTLTZ001992,NOT-1,ACPOTZ017616,NPK,22.63,2018,10,19,19/10/2018,12/10/2017,2017,10,12
3339,Tanzania,Tanzania Lake Region,Kagera,Biharamulo,31.5038,-2.7348,ACTLTZ001992,NOT-1,ACPOTZ017613,NK,13.88,2018,10,19,19/10/2018,12/10/2017,2017,10,12
3340,Tanzania,Tanzania Lake Region,Kagera,Biharamulo,31.5038,-2.7348,ACTLTZ001992,NOT-1,ACPOTZ017617,CON,16.3,2018,10,19,19/10/2018,12/10/2017,2017,10,12
3341,Tanzania,Tanzania Lake Region,Kagera,Biharamulo,31.5038,-2.7348,ACTLTZ001992,NOT-1,ACPOTZ017614,PK,14.75,2018,10,19,19/10/2018,12/10/2017,2017,10,12
3342,Tanzania,Tanzania Lake Region,Kagera,Biharamulo,31.5038,-2.7348,ACTLTZ001992,NOT-1,ACPOTZ017615,NPK,17.84,2018,10,19,19/10/2018,12/10/2017,2017,10,12
3343,Tanzania,Tanzania Lake Region,Kagera,Biharamulo,31.5038,-2.7348,ACTLTZ001992,NOT-1,ACPOTZ017611,NPK_micro,11.8325,2018,10,19,19/10/2018,12/10/2017,2017,10,12
3344,Tanzania,Tanzania Lake Region,Kagera,Biharamulo,31.5038,-2.7348,ACTLTZ001992,NOT-1,ACPOTZ017612,NP,18.88,2018,10,19,19/10/2018,12/10/2017,2017,10,12
3345,Tanzania,Tanzania Lake Region,Kagera,Biharamulo,31.507,-2.7271,ACTLTZ001993,NOT-1,ACPOTZ017628,NP,13.96,2018,10,19,19/10/2018,12/10/2017,2017,10,12
3346,Tanzania,Tanzania Lake Region,Kagera,Biharamulo,31.507,-2.7271,ACTLTZ001993,NOT-1,ACPOTZ017627,NPK_micro,12.7,2018,10,19,19/10/2018,12/10/2017,2017,10,12
3347,Tanzania,Tanzania Lake Region,Kagera,Biharamulo,31.507,-2.7271,ACTLTZ001993,NOT-1,ACPOTZ017606,PK,10.91,2018,10,19,19/10/2018,12/10/2017,2017,10,12
3348,Tanzania,Tanzania Lake Region,Kagera,Biharamulo,31.507,-2.7271,ACTLTZ001993,NOT-1,ACPOTZ017607,NPK,13.1,2018,10,19,19/10/2018,12/10/2017,2017,10,12
3349,Tanzania,Tanzania Lake Region,Kagera,Biharamulo,31.507,-2.7271,ACTLTZ001993,NOT-1,ACPOTZ017608,NPK,11.4,2018,10,19,19/10/2018,12/10/2017,2017,10,12
3350,Tanzania,Tanzania Lake Region,Kagera,Biharamulo,31.507,-2.7271,ACTLTZ001993,NOT-1,ACPOTZ017629,NK,11.79,2018,10,19,19/10/2018,12/10/2017,2017,10,12
3351,Tanzania,Tanzania Lake Region,Kagera,Biharamulo,31.507,-2.7271,ACTLTZ001993,NOT-1,ACPOTZ017609,CON,13.49,2018,10,19,19/10/2018,12/10/2017,2017,10,12
3352,Tanzania,Tanzania Lake Region,Kagera,Biharamulo,31.507,-2.7271,ACTLTZ001993,NOT-1,ACPOTZ017626,half_NPK,10.84,2018,10,19,19/10/2018,12/10/2017,2017,10,12
3353,Tanzania,Tanzania Lake Region,Kagera,Biharamulo,31.6625,-2.8141,ACTLTZ001994,NOT-2,ACPOTZ017443,NPK_micro,13.215,2018,10,20,20/10/2018,12/10/2017,2017,10,12
3354,Tanzania,Tanzania Lake Region,Kagera,Biharamulo,31.6625,-2.8141,ACTLTZ001994,NOT-2,ACPOTZ017445,NK,22.58,2018,10,20,20/10/2018,12/10/2017,2017,10,12
3355,Tanzania,Tanzania Lake Region,Kagera,Biharamulo,31.6625,-2.8141,ACTLTZ001994,NOT-2,ACPOTZ017449,CON,7.59,2018,10,20,20/10/2018,12/10/2017,2017,10,12
3356,Tanzania,Tanzania Lake Region,Kagera,Biharamulo,31.6625,-2.8141,ACTLTZ001994,NOT-2,ACPOTZ017446,PK,16.26,2018,10,20,20/10/2018,12/10/2017,2017,10,12
3357,Tanzania,Tanzania Lake Region,Kagera,Biharamulo,31.6625,-2.8141,ACTLTZ001994,NOT-2,ACPOTZ017448,NPK,20.715,2018,10,20,20/10/2018,12/10/2017,2017,10,12
3358,Tanzania,Tanzania Lake Region,Kagera,Biharamulo,31.6625,-2.8141,ACTLTZ001994,NOT-2,ACPOTZ017442,half_NPK,17.34,2018,10,20,20/10/2018,12/10/2017,2017,10,12
3359,Tanzania,Tanzania Lake Region,Kagera,Biharamulo,31.6625,-2.8141,ACTLTZ001994,NOT-2,ACPOTZ017447,NPK,9.715,2018,10,20,20/10/2018,12/10/2017,2017,10,12
3360,Tanzania,Tanzania Lake Region,Kagera,Biharamulo,31.6625,-2.8141,ACTLTZ001994,NOT-2,ACPOTZ017444,NP,17.76,2018,10,20,20/10/2018,12/10/2017,2017,10,12
3361,Tanzania,Tanzania Lake Region,Kagera,Biharamulo,31.6625,-2.8141,ACTLTZ001995,NOT-2,ACPOTZ017624,NPK,42.425,2018,10,20,20/10/2018,12/10/2017,2017,10,12
3362,Tanzania,Tanzania Lake Region,Kagera,Biharamulo,31.6625,-2.8141,ACTLTZ001995,NOT-2,ACPOTZ017623,NPK,26.44,2018,10,20,20/10/2018,12/10/2017,2017,10,12
3363,Tanzania,Tanzania Lake Region,Kagera,Biharamulo,31.6625,-2.8141,ACTLTZ001995,NOT-2,ACPOTZ017622,PK,15.375,2018,10,20,20/10/2018,12/10/2017,2017,10,12
3364,Tanzania,Tanzania Lake Region,Kagera,Biharamulo,31.6625,-2.8141,ACTLTZ001995,NOT-2,ACPOTZ017618,half_NPK,15.74,2018,10,20,20/10/2018,12/10/2017,2017,10,12
3365,Tanzania,Tanzania Lake Region,Kagera,Biharamulo,31.6625,-2.8141,ACTLTZ001995,NOT-2,ACPOTZ017619,NPK_micro,6.46,2018,10,20,20/10/2018,12/10/2017,2017,10,12
3366,Tanzania,Tanzania Lake Region,Kagera,Biharamulo,31.6625,-2.8141,ACTLTZ001995,NOT-2,ACPOTZ017625,CON,22.03,2018,10,20,20/10/2018,12/10/2017,2017,10,12
3367,Tanzania,Tanzania Lake Region,Kagera,Biharamulo,31.6625,-2.8141,ACTLTZ001995,NOT-2,ACPOTZ017620,NP,7.835,2018,10,20,20/10/2018,12/10/2017,2017,10,12
3368,Tanzania,Tanzania Lake Region,Kagera,Biharamulo,31.6625,-2.8141,ACTLTZ001995,NOT-2,ACPOTZ017621,NK,16.03,2018,10,20,20/10/2018,12/10/2017,2017,10,12
3369,Tanzania,Tanzania Lake Region,Kagera,Biharamulo,31.6625,-2.8141,ACTLTZ001996,NOT-2,ACPOTZ017454,half_NPK,14,2018,10,20,20/10/2018,12/10/2017,2017,10,12
3370,Tanzania,Tanzania Lake Region,Kagera,Biharamulo,31.6625,-2.8141,ACTLTZ001996,NOT-2,ACPOTZ017458,PK,17.835,2018,10,20,20/10/2018,12/10/2017,2017,10,12
3371,Tanzania,Tanzania Lake Region,Kagera,Biharamulo,31.6625,-2.8141,ACTLTZ001996,NOT-2,ACPOTZ017456,NP,12.86,2018,10,20,20/10/2018,12/10/2017,2017,10,12
3372,Tanzania,Tanzania Lake Region,Kagera,Biharamulo,31.6625,-2.8141,ACTLTZ001996,NOT-2,ACPOTZ017461,CON,9.38,2018,10,20,20/10/2018,12/10/2017,2017,10,12
3373,Tanzania,Tanzania Lake Region,Kagera,Biharamulo,31.6625,-2.8141,ACTLTZ001996,NOT-2,ACPOTZ017455,NPK_micro,13.77,2018,10,20,20/10/2018,12/10/2017,2017,10,12
3374,Tanzania,Tanzania Lake Region,Kagera,Biharamulo,31.6625,-2.8141,ACTLTZ001996,NOT-2,ACPOTZ017460,NPK,23.62,2018,10,20,20/10/2018,12/10/2017,2017,10,12
3375,Tanzania,Tanzania Lake Region,Kagera,Biharamulo,31.6625,-2.8141,ACTLTZ001996,NOT-2,ACPOTZ017457,NK,17.045,2018,10,20,20/10/2018,12/10/2017,2017,10,12
3376,Tanzania,Tanzania Lake Region,Kagera,Biharamulo,31.6625,-2.8141,ACTLTZ001996,NOT-2,ACPOTZ017459,NPK,8.815,2018,10,20,20/10/2018,12/10/2017,2017,10,12
3377,Tanzania,Tanzania Lake Region,Kagera,Biharamulo,31.5193,-2.8337,ACTLTZ001997,NOT-2,ACPOTZ017473,CON,4.17,2018,10,31,31/10/2018,12/10/2017,2017,10,12
3378,Tanzania,Tanzania Lake Region,Kagera,Biharamulo,31.5193,-2.8337,ACTLTZ001997,NOT-2,ACPOTZ017467,NPK_micro,12.095,2018,10,31,31/10/2018,12/10/2017,2017,10,12
3379,Tanzania,Tanzania Lake Region,Kagera,Biharamulo,31.5193,-2.8337,ACTLTZ001997,NOT-2,ACPOTZ017469,NK,9.325,2018,10,31,31/10/2018,12/10/2017,2017,10,12
3380,Tanzania,Tanzania Lake Region,Kagera,Biharamulo,31.5193,-2.8337,ACTLTZ001997,NOT-2,ACPOTZ017468,NP,16.355,2018,10,31,31/10/2018,12/10/2017,2017,10,12
3381,Tanzania,Tanzania Lake Region,Kagera,Biharamulo,31.5193,-2.8337,ACTLTZ001997,NOT-2,ACPOTZ017466,half_NPK,16.715,2018,10,31,31/10/2018,12/10/2017,2017,10,12
3382,Tanzania,Tanzania Lake Region,Kagera,Biharamulo,31.5193,-2.8337,ACTLTZ001997,NOT-2,ACPOTZ017471,NPK,14.75,2018,10,31,31/10/2018,12/10/2017,2017,10,12
3383,Tanzania,Tanzania Lake Region,Kagera,Biharamulo,31.5193,-2.8337,ACTLTZ001997,NOT-2,ACPOTZ017470,PK,5.415,2018,10,31,31/10/2018,12/10/2017,2017,10,12
3384,Tanzania,Tanzania Lake Region,Kagera,Biharamulo,31.5193,-2.8337,ACTLTZ001997,NOT-2,ACPOTZ017472,NPK,8.885,2018,10,31,31/10/2018,12/10/2017,2017,10,12
3385,Tanzania,Tanzania Lake Region,Kagera,Biharamulo,31.6625,-2.8141,ACTLTZ001998,NOT-2,ACPOTZ017578,PK,15.24,2018,10,21,21/10/2018,12/10/2017,2017,10,12
3386,Tanzania,Tanzania Lake Region,Kagera,Biharamulo,31.6625,-2.8141,ACTLTZ001998,NOT-2,ACPOTZ017577,NK,10.64,2018,10,21,21/10/2018,12/10/2017,2017,10,12
3387,Tanzania,Tanzania Lake Region,Kagera,Biharamulo,31.6625,-2.8141,ACTLTZ001998,NOT-2,ACPOTZ017575,NPK_micro,23.17,2018,10,21,21/10/2018,12/10/2017,2017,10,12
3388,Tanzania,Tanzania Lake Region,Kagera,Biharamulo,31.6625,-2.8141,ACTLTZ001998,NOT-2,ACPOTZ017579,NPK,23.425,2018,10,21,21/10/2018,12/10/2017,2017,10,12
3389,Tanzania,Tanzania Lake Region,Kagera,Biharamulo,31.6625,-2.8141,ACTLTZ001998,NOT-2,ACPOTZ017581,CON,17.54,2018,10,21,21/10/2018,12/10/2017,2017,10,12
3390,Tanzania,Tanzania Lake Region,Kagera,Biharamulo,31.6625,-2.8141,ACTLTZ001998,NOT-2,ACPOTZ017574,half_NPK,10.96,2018,10,21,21/10/2018,12/10/2017,2017,10,12
3391,Tanzania,Tanzania Lake Region,Kagera,Biharamulo,31.6625,-2.8141,ACTLTZ001998,NOT-2,ACPOTZ017580,NPK,19.39,2018,10,21,21/10/2018,12/10/2017,2017,10,12
3392,Tanzania,Tanzania Lake Region,Kagera,Biharamulo,31.6625,-2.8141,ACTLTZ001998,NOT-2,ACPOTZ017576,NP,17.975,2018,10,21,21/10/2018,12/10/2017,2017,10,12
3393,Tanzania,Tanzania Lake Region,Kagera,Biharamulo,31.6782,-2.8174,ACTLTZ001999,NOT-2,ACPOTZ017503,NPK_micro,13.645,2018,10,18,18/10/2018,12/10/2017,2017,10,12
3394,Tanzania,Tanzania Lake Region,Kagera,Biharamulo,31.6782,-2.8174,ACTLTZ001999,NOT-2,ACPOTZ017506,PK,19.18,2018,10,18,18/10/2018,12/10/2017,2017,10,12
3395,Tanzania,Tanzania Lake Region,Kagera,Biharamulo,31.6782,-2.8174,ACTLTZ001999,NOT-2,ACPOTZ017502,half_NPK,21.78,2018,10,18,18/10/2018,12/10/2017,2017,10,12
3396,Tanzania,Tanzania Lake Region,Kagera,Biharamulo,31.6782,-2.8174,ACTLTZ001999,NOT-2,ACPOTZ017509,CON,6.84,2018,10,18,18/10/2018,12/10/2017,2017,10,12
3397,Tanzania,Tanzania Lake Region,Kagera,Biharamulo,31.6782,-2.8174,ACTLTZ001999,NOT-2,ACPOTZ017504,NP,15.555,2018,10,18,18/10/2018,12/10/2017,2017,10,12
3398,Tanzania,Tanzania Lake Region,Kagera,Biharamulo,31.6782,-2.8174,ACTLTZ001999,NOT-2,ACPOTZ017507,NPK,21.685,2018,10,18,18/10/2018,12/10/2017,2017,10,12
3399,Tanzania,Tanzania Lake Region,Kagera,Biharamulo,31.6782,-2.8174,ACTLTZ001999,NOT-2,ACPOTZ017508,NPK,17.44,2018,10,18,18/10/2018,12/10/2017,2017,10,12
3400,Tanzania,Tanzania Lake Region,Kagera,Biharamulo,31.6782,-2.8174,ACTLTZ001999,NOT-2,ACPOTZ017505,NK,35.975,2018,10,18,18/10/2018,12/10/2017,2017,10,12
3401,Tanzania,Tanzania Lake Region,Kagera,Biharamulo,31.6781,-2.8173,ACTLTZ002000,NOT-2,ACPOTZ017496,NPK,13.8,2018,10,18,18/10/2018,12/10/2017,2017,10,12
3402,Tanzania,Tanzania Lake Region,Kagera,Biharamulo,31.6781,-2.8173,ACTLTZ002000,NOT-2,ACPOTZ017494,PK,13.905,2018,10,18,18/10/2018,12/10/2017,2017,10,12
3403,Tanzania,Tanzania Lake Region,Kagera,Biharamulo,31.6781,-2.8173,ACTLTZ002000,NOT-2,ACPOTZ017492,NP,16.27,2018,10,18,18/10/2018,12/10/2017,2017,10,12
3404,Tanzania,Tanzania Lake Region,Kagera,Biharamulo,31.6781,-2.8173,ACTLTZ002000,NOT-2,ACPOTZ017490,half_NPK,16.92,2018,10,18,18/10/2018,12/10/2017,2017,10,12
3405,Tanzania,Tanzania Lake Region,Kagera,Biharamulo,31.6781,-2.8173,ACTLTZ002000,NOT-2,ACPOTZ017495,NPK,17.95,2018,10,18,18/10/2018,12/10/2017,2017,10,12
3406,Tanzania,Tanzania Lake Region,Kagera,Biharamulo,31.6781,-2.8173,ACTLTZ002000,NOT-2,ACPOTZ017491,NPK_micro,10.5,2018,10,18,18/10/2018,12/10/2017,2017,10,12
3407,Tanzania,Tanzania Lake Region,Kagera,Biharamulo,31.6781,-2.8173,ACTLTZ002000,NOT-2,ACPOTZ017497,CON,13.13,2018,10,18,18/10/2018,12/10/2017,2017,10,12
3408,Tanzania,Tanzania Lake Region,Kagera,Biharamulo,31.6781,-2.8173,ACTLTZ002000,NOT-2,ACPOTZ017493,NK,11.375,2018,10,18,18/10/2018,12/10/2017,2017,10,12
3409,Tanzania,Tanzania Lake Region,Kagera,Biharamulo,NA,NA,ACTLTZ002001,NOT-2,ACPOTZ017478,half_NPK,24.83,NA,NA,NA,,NA,NA,NA,NA
3410,Tanzania,Tanzania Lake Region,Kagera,Biharamulo,NA,NA,ACTLTZ002001,NOT-2,ACPOTZ017481,NK,16.505,NA,NA,NA,,NA,NA,NA,NA
3411,Tanzania,Tanzania Lake Region,Kagera,Biharamulo,NA,NA,ACTLTZ002001,NOT-2,ACPOTZ017483,NPK,10.65,NA,NA,NA,,NA,NA,NA,NA
3412,Tanzania,Tanzania Lake Region,Kagera,Biharamulo,NA,NA,ACTLTZ002001,NOT-2,ACPOTZ017479,NPK_micro,36.08,NA,NA,NA,,NA,NA,NA,NA
3413,Tanzania,Tanzania Lake Region,Kagera,Biharamulo,NA,NA,ACTLTZ002001,NOT-2,ACPOTZ017485,CON,13.65,NA,NA,NA,,NA,NA,NA,NA
3414,Tanzania,Tanzania Lake Region,Kagera,Biharamulo,NA,NA,ACTLTZ002001,NOT-2,ACPOTZ017480,NP,24.855,NA,NA,NA,,NA,NA,NA,NA
3415,Tanzania,Tanzania Lake Region,Kagera,Biharamulo,NA,NA,ACTLTZ002001,NOT-2,ACPOTZ017484,NPK,23.14,NA,NA,NA,,NA,NA,NA,NA
3416,Tanzania,Tanzania Lake Region,Kagera,Biharamulo,NA,NA,ACTLTZ002001,NOT-2,ACPOTZ017482,PK,17.27,NA,NA,NA,,NA,NA,NA,NA
3417,Tanzania,Tanzania Lake Region,Kagera,Biharamulo,31.5193,-2.8337,ACTLTZ002002,NOT-2,ACPOTZ017564,NP,8.275,2018,10,30,30/10/2018,12/10/2017,2017,10,12
3418,Tanzania,Tanzania Lake Region,Kagera,Biharamulo,31.5193,-2.8337,ACTLTZ002002,NOT-2,ACPOTZ017563,NPK_micro,12.325,2018,10,30,30/10/2018,12/10/2017,2017,10,12
3419,Tanzania,Tanzania Lake Region,Kagera,Biharamulo,31.5193,-2.8337,ACTLTZ002002,NOT-2,ACPOTZ017566,PK,9.425,2018,10,30,30/10/2018,12/10/2017,2017,10,12
3420,Tanzania,Tanzania Lake Region,Kagera,Biharamulo,31.5193,-2.8337,ACTLTZ002002,NOT-2,ACPOTZ017569,CON,5.555,2018,10,30,30/10/2018,12/10/2017,2017,10,12
3421,Tanzania,Tanzania Lake Region,Kagera,Biharamulo,31.5193,-2.8337,ACTLTZ002002,NOT-2,ACPOTZ017568,NPK,18.495,2018,10,30,30/10/2018,12/10/2017,2017,10,12
3422,Tanzania,Tanzania Lake Region,Kagera,Biharamulo,31.5193,-2.8337,ACTLTZ002002,NOT-2,ACPOTZ017562,half_NPK,12.08,2018,10,30,30/10/2018,12/10/2017,2017,10,12
3423,Tanzania,Tanzania Lake Region,Kagera,Biharamulo,31.5193,-2.8337,ACTLTZ002002,NOT-2,ACPOTZ017565,NK,13.865,2018,10,30,30/10/2018,12/10/2017,2017,10,12
3424,Tanzania,Tanzania Lake Region,Kagera,Biharamulo,31.5193,-2.8337,ACTLTZ002002,NOT-2,ACPOTZ017567,NPK,16.635,2018,10,30,30/10/2018,12/10/2017,2017,10,12
3425,Tanzania,Tanzania Lake Region,Kagera,Biharamulo,31.5193,-2.8337,ACTLTZ002003,NOT-2,ACPOTZ017553,NK,8.865,2018,10,30,30/10/2018,12/10/2017,2017,10,12
3426,Tanzania,Tanzania Lake Region,Kagera,Biharamulo,31.5193,-2.8337,ACTLTZ002003,NOT-2,ACPOTZ017554,PK,8.45,2018,10,30,30/10/2018,12/10/2017,2017,10,12
3427,Tanzania,Tanzania Lake Region,Kagera,Biharamulo,31.5193,-2.8337,ACTLTZ002003,NOT-2,ACPOTZ017557,CON,6.18,2018,10,30,30/10/2018,12/10/2017,2017,10,12
3428,Tanzania,Tanzania Lake Region,Kagera,Biharamulo,31.5193,-2.8337,ACTLTZ002003,NOT-2,ACPOTZ017551,NPK_micro,12.16,2018,10,30,30/10/2018,12/10/2017,2017,10,12
3429,Tanzania,Tanzania Lake Region,Kagera,Biharamulo,31.5193,-2.8337,ACTLTZ002003,NOT-2,ACPOTZ017550,half_NPK,9.801,2018,10,30,30/10/2018,12/10/2017,2017,10,12
3430,Tanzania,Tanzania Lake Region,Kagera,Biharamulo,31.5193,-2.8337,ACTLTZ002003,NOT-2,ACPOTZ017552,NP,12.205,2018,10,30,30/10/2018,12/10/2017,2017,10,12
3431,Tanzania,Tanzania Lake Region,Kagera,Biharamulo,31.5193,-2.8337,ACTLTZ002003,NOT-2,ACPOTZ017556,NPK,9.865,2018,10,30,30/10/2018,12/10/2017,2017,10,12
3432,Tanzania,Tanzania Lake Region,Kagera,Biharamulo,31.5193,-2.8337,ACTLTZ002003,NOT-2,ACPOTZ017555,NPK,12.11,2018,10,30,30/10/2018,12/10/2017,2017,10,12
3433,Tanzania,Tanzania Lake Region,Kagera,Biharamulo,31.5193,-2.8337,ACTLTZ002004,NOT-2,ACPOTZ017689,CON,10.6,2018,10,30,30/10/2018,12/10/2017,2017,10,12
3434,Tanzania,Tanzania Lake Region,Kagera,Biharamulo,31.5193,-2.8337,ACTLTZ002004,NOT-2,ACPOTZ017685,NK,15.055,2018,10,30,30/10/2018,12/10/2017,2017,10,12
3435,Tanzania,Tanzania Lake Region,Kagera,Biharamulo,31.5193,-2.8337,ACTLTZ002004,NOT-2,ACPOTZ017684,NP,13.19,2018,10,30,30/10/2018,12/10/2017,2017,10,12
3436,Tanzania,Tanzania Lake Region,Kagera,Biharamulo,31.5193,-2.8337,ACTLTZ002004,NOT-2,ACPOTZ017686,PK,23.445,2018,10,30,30/10/2018,12/10/2017,2017,10,12
3437,Tanzania,Tanzania Lake Region,Kagera,Biharamulo,31.5193,-2.8337,ACTLTZ002004,NOT-2,ACPOTZ017682,half_NPK,13.365,2018,10,30,30/10/2018,12/10/2017,2017,10,12
3438,Tanzania,Tanzania Lake Region,Kagera,Biharamulo,31.5193,-2.8337,ACTLTZ002004,NOT-2,ACPOTZ017683,NPK_micro,13.705,2018,10,30,30/10/2018,12/10/2017,2017,10,12
3439,Tanzania,Tanzania Lake Region,Kagera,Biharamulo,31.5193,-2.8337,ACTLTZ002004,NOT-2,ACPOTZ017688,NPK,20.07,2018,10,30,30/10/2018,12/10/2017,2017,10,12
3440,Tanzania,Tanzania Lake Region,Kagera,Biharamulo,31.5193,-2.8337,ACTLTZ002004,NOT-2,ACPOTZ017687,NPK,14.49,2018,10,30,30/10/2018,12/10/2017,2017,10,12
3441,Tanzania,Tanzania Lake Region,Kagera,Biharamulo,31.5151,-2.8265,ACTLTZ002005,NOT-2,ACPOTZ017670,half_NPK,7.27,2018,10,31,31/10/2018,12/10/2017,2017,10,12
3442,Tanzania,Tanzania Lake Region,Kagera,Biharamulo,31.5151,-2.8265,ACTLTZ002005,NOT-2,ACPOTZ017677,CON,15.33,2018,10,31,31/10/2018,12/10/2017,2017,10,12
3443,Tanzania,Tanzania Lake Region,Kagera,Biharamulo,31.5151,-2.8265,ACTLTZ002005,NOT-2,ACPOTZ017671,NPK_micro,5.59,2018,10,31,31/10/2018,12/10/2017,2017,10,12
3444,Tanzania,Tanzania Lake Region,Kagera,Biharamulo,31.5151,-2.8265,ACTLTZ002005,NOT-2,ACPOTZ017674,PK,5.3,2018,10,31,31/10/2018,12/10/2017,2017,10,12
3445,Tanzania,Tanzania Lake Region,Kagera,Biharamulo,31.5151,-2.8265,ACTLTZ002005,NOT-2,ACPOTZ017675,NPK,18.61,2018,10,31,31/10/2018,12/10/2017,2017,10,12
3446,Tanzania,Tanzania Lake Region,Kagera,Biharamulo,31.5151,-2.8265,ACTLTZ002005,NOT-2,ACPOTZ017676,NPK,10.9,2018,10,31,31/10/2018,12/10/2017,2017,10,12
3447,Tanzania,Tanzania Lake Region,Kagera,Biharamulo,31.5151,-2.8265,ACTLTZ002005,NOT-2,ACPOTZ017672,NP,8.55,2018,10,31,31/10/2018,12/10/2017,2017,10,12
3448,Tanzania,Tanzania Lake Region,Kagera,Biharamulo,31.5149,-2.8264,ACTLTZ002006,NOT-2,ACPOTZ017662,PK,5.8,2018,10,31,31/10/2018,12/10/2017,2017,10,12
3449,Tanzania,Tanzania Lake Region,Kagera,Biharamulo,31.5149,-2.8264,ACTLTZ002006,NOT-2,ACPOTZ017660,NP,3.63,2018,10,31,31/10/2018,12/10/2017,2017,10,12
3450,Tanzania,Tanzania Lake Region,Kagera,Biharamulo,31.5149,-2.8264,ACTLTZ002006,NOT-2,ACPOTZ017664,NPK,7.43,2018,10,31,31/10/2018,12/10/2017,2017,10,12
3451,Tanzania,Tanzania Lake Region,Kagera,Biharamulo,31.5149,-2.8264,ACTLTZ002006,NOT-2,ACPOTZ017658,half_NPK,7.27,2018,10,31,31/10/2018,12/10/2017,2017,10,12
3452,Tanzania,Tanzania Lake Region,Kagera,Biharamulo,31.5149,-2.8264,ACTLTZ002006,NOT-2,ACPOTZ017659,NPK_micro,13.13,2018,10,31,31/10/2018,12/10/2017,2017,10,12
3453,Tanzania,Tanzania Lake Region,Kagera,Biharamulo,31.5149,-2.8264,ACTLTZ002006,NOT-2,ACPOTZ017663,NPK,3.48,2018,10,31,31/10/2018,12/10/2017,2017,10,12
3454,Tanzania,Tanzania Lake Region,Kagera,Biharamulo,31.5149,-2.8264,ACTLTZ002006,NOT-2,ACPOTZ017665,CON,3.64,2018,10,31,31/10/2018,12/10/2017,2017,10,12
3455,Tanzania,Tanzania Lake Region,Kagera,Biharamulo,31.6861,-2.8112,ACTLTZ002007,NOT-1,ACPOTZ017633,NK,20.565,2018,10,18,18/10/2018,12/10/2017,2017,10,12
3456,Tanzania,Tanzania Lake Region,Kagera,Biharamulo,31.6861,-2.8112,ACTLTZ002007,NOT-1,ACPOTZ017630,half_NPK,9.772,2018,10,18,18/10/2018,12/10/2017,2017,10,12
3457,Tanzania,Tanzania Lake Region,Kagera,Biharamulo,31.6861,-2.8112,ACTLTZ002007,NOT-1,ACPOTZ017632,NP,14.695,2018,10,18,18/10/2018,12/10/2017,2017,10,12
3458,Tanzania,Tanzania Lake Region,Kagera,Biharamulo,31.6861,-2.8112,ACTLTZ002007,NOT-1,ACPOTZ017631,NPK_micro,5.115,2018,10,18,18/10/2018,12/10/2017,2017,10,12
3459,Tanzania,Tanzania Lake Region,Kagera,Biharamulo,31.6861,-2.8112,ACTLTZ002007,NOT-1,ACPOTZ017637,CON,10.435,2018,10,18,18/10/2018,12/10/2017,2017,10,12
3460,Tanzania,Tanzania Lake Region,Kagera,Biharamulo,31.6861,-2.8112,ACTLTZ002007,NOT-1,ACPOTZ017635,NPK,8.6,2018,10,18,18/10/2018,12/10/2017,2017,10,12
3461,Tanzania,Tanzania Lake Region,Kagera,Biharamulo,31.6859,-2.8144,ACTLTZ002008,NOT-1,ACPOTZ017653,CON,20.415,2018,10,18,18/10/2018,12/10/2017,2017,10,12
3462,Tanzania,Tanzania Lake Region,Kagera,Biharamulo,31.6859,-2.8144,ACTLTZ002008,NOT-1,ACPOTZ017647,NPK_micro,6.855,2018,10,18,18/10/2018,12/10/2017,2017,10,12
3463,Tanzania,Tanzania Lake Region,Kagera,Biharamulo,31.6859,-2.8144,ACTLTZ002008,NOT-1,ACPOTZ017649,NK,10.8475,2018,10,18,18/10/2018,12/10/2017,2017,10,12
3464,Tanzania,Tanzania Lake Region,Kagera,Biharamulo,31.6859,-2.8144,ACTLTZ002008,NOT-1,ACPOTZ017646,half_NPK,14.4,2018,10,18,18/10/2018,12/10/2017,2017,10,12
3465,Tanzania,Tanzania Lake Region,Kagera,Biharamulo,31.6859,-2.8144,ACTLTZ002008,NOT-1,ACPOTZ017652,NPK,10.28,2018,10,18,18/10/2018,12/10/2017,2017,10,12
3466,Tanzania,Tanzania Lake Region,Kagera,Biharamulo,31.6859,-2.8144,ACTLTZ002008,NOT-1,ACPOTZ017648,NP,8.39,2018,10,18,18/10/2018,12/10/2017,2017,10,12
3467,Tanzania,Tanzania Lake Region,Kagera,Biharamulo,31.6859,-2.8144,ACTLTZ002008,NOT-1,ACPOTZ017651,NPK,22.125,2018,10,18,18/10/2018,12/10/2017,2017,10,12
3468,Tanzania,Tanzania Lake Region,Kagera,Biharamulo,31.6859,-2.8144,ACTLTZ002008,NOT-1,ACPOTZ017650,PK,6.97,2018,10,18,18/10/2018,12/10/2017,2017,10,12
3469,Tanzania,Tanzania Lake Region,Kagera,Biharamulo,31.6828,-2.8122,ACTLTZ002009,NOT-1,ACPOTZ017515,NPK_micro,15.295,2018,10,18,18/10/2018,12/10/2017,2017,10,12
3470,Tanzania,Tanzania Lake Region,Kagera,Biharamulo,31.6828,-2.8122,ACTLTZ002009,NOT-1,ACPOTZ017521,CON,16.21,2018,10,18,18/10/2018,12/10/2017,2017,10,12
3471,Tanzania,Tanzania Lake Region,Kagera,Biharamulo,31.6828,-2.8122,ACTLTZ002009,NOT-1,ACPOTZ017520,NPK,20.05,2018,10,18,18/10/2018,12/10/2017,2017,10,12
3472,Tanzania,Tanzania Lake Region,Kagera,Biharamulo,31.6828,-2.8122,ACTLTZ002009,NOT-1,ACPOTZ017514,half_NPK,10.825,2018,10,18,18/10/2018,12/10/2017,2017,10,12
3473,Tanzania,Tanzania Lake Region,Kagera,Biharamulo,31.6828,-2.8122,ACTLTZ002009,NOT-1,ACPOTZ017519,NPK,27.47,2018,10,18,18/10/2018,12/10/2017,2017,10,12
3474,Tanzania,Tanzania Lake Region,Kagera,Biharamulo,31.6828,-2.8122,ACTLTZ002009,NOT-1,ACPOTZ017518,PK,19.72,2018,10,18,18/10/2018,12/10/2017,2017,10,12
3475,Tanzania,Tanzania Lake Region,Kagera,Biharamulo,31.6828,-2.8122,ACTLTZ002009,NOT-1,ACPOTZ017517,NK,22.695,2018,10,18,18/10/2018,12/10/2017,2017,10,12
3476,Tanzania,Tanzania Lake Region,Kagera,Biharamulo,31.6828,-2.8122,ACTLTZ002009,NOT-1,ACPOTZ017516,NP,13.455,2018,10,18,18/10/2018,12/10/2017,2017,10,12
3477,Tanzania,Tanzania Lake Region,Kagera,Biharamulo,31.6883,-2.8179,ACTLTZ002010,NOT-1,ACPOTZ017510,PK,18.16,2018,10,18,18/10/2018,12/10/2017,2017,10,12
3478,Tanzania,Tanzania Lake Region,Kagera,Biharamulo,31.6883,-2.8179,ACTLTZ002010,NOT-1,ACPOTZ017512,NPK,21.625,2018,10,18,18/10/2018,12/10/2017,2017,10,12
3479,Tanzania,Tanzania Lake Region,Kagera,Biharamulo,31.6883,-2.8179,ACTLTZ002010,NOT-1,ACPOTZ017530,half_NPK,14.675,2018,10,18,18/10/2018,12/10/2017,2017,10,12
3480,Tanzania,Tanzania Lake Region,Kagera,Biharamulo,31.6883,-2.8179,ACTLTZ002010,NOT-1,ACPOTZ017531,NPK_micro,14.15,2018,10,18,18/10/2018,12/10/2017,2017,10,12
3481,Tanzania,Tanzania Lake Region,Kagera,Biharamulo,31.6883,-2.8179,ACTLTZ002010,NOT-1,ACPOTZ017533,NK,19.9,2018,10,18,18/10/2018,12/10/2017,2017,10,12
3482,Tanzania,Tanzania Lake Region,Kagera,Biharamulo,31.6883,-2.8179,ACTLTZ002010,NOT-1,ACPOTZ017511,NPK,7.205,2018,10,18,18/10/2018,12/10/2017,2017,10,12
3483,Tanzania,Tanzania Lake Region,Kagera,Biharamulo,31.6883,-2.8179,ACTLTZ002010,NOT-1,ACPOTZ017513,CON,11.05,2018,10,18,18/10/2018,12/10/2017,2017,10,12
3484,Tanzania,Tanzania Lake Region,Kagera,Biharamulo,31.6883,-2.8179,ACTLTZ002010,NOT-1,ACPOTZ017532,NP,16.05,2018,10,18,18/10/2018,12/10/2017,2017,10,12
3485,Tanzania,Tanzania Lake Region,Kagera,Biharamulo,31.698,-2.7983,ACTLTZ002011,NOT-1,ACPOTZ017538,half_NPK,13.845,2018,10,18,18/10/2018,12/10/2017,2017,10,12
3486,Tanzania,Tanzania Lake Region,Kagera,Biharamulo,31.698,-2.7983,ACTLTZ002011,NOT-1,ACPOTZ017539,NPK_micro,20.7,2018,10,18,18/10/2018,12/10/2017,2017,10,12
3487,Tanzania,Tanzania Lake Region,Kagera,Biharamulo,31.698,-2.7983,ACTLTZ002011,NOT-1,ACPOTZ017544,NPK,15.675,2018,10,18,18/10/2018,12/10/2017,2017,10,12
3488,Tanzania,Tanzania Lake Region,Kagera,Biharamulo,31.698,-2.7983,ACTLTZ002011,NOT-1,ACPOTZ017545,CON,11.895,2018,10,18,18/10/2018,12/10/2017,2017,10,12
3489,Tanzania,Tanzania Lake Region,Kagera,Biharamulo,31.698,-2.7983,ACTLTZ002011,NOT-1,ACPOTZ017543,NPK,19.555,2018,10,18,18/10/2018,12/10/2017,2017,10,12
3490,Tanzania,Tanzania Lake Region,Kagera,Biharamulo,31.698,-2.7983,ACTLTZ002011,NOT-1,ACPOTZ017541,NK,9.46,2018,10,18,18/10/2018,12/10/2017,2017,10,12
3491,Tanzania,Tanzania Lake Region,Kagera,Biharamulo,31.698,-2.7983,ACTLTZ002011,NOT-1,ACPOTZ017540,NP,15.62,2018,10,18,18/10/2018,12/10/2017,2017,10,12
3492,Tanzania,Tanzania Lake Region,Kagera,Biharamulo,31.5248,-2.8333,ACTLTZ002012,NOT-1,ACPOTZ017528,NPK,18.23,2018,10,31,31/10/2018,12/10/2017,2017,10,12
3493,Tanzania,Tanzania Lake Region,Kagera,Biharamulo,31.5248,-2.8333,ACTLTZ002012,NOT-1,ACPOTZ017526,PK,12.995,2018,10,31,31/10/2018,12/10/2017,2017,10,12
3494,Tanzania,Tanzania Lake Region,Kagera,Biharamulo,31.5248,-2.8333,ACTLTZ002012,NOT-1,ACPOTZ017525,NK,29.545,2018,10,31,31/10/2018,12/10/2017,2017,10,12
3495,Tanzania,Tanzania Lake Region,Kagera,Biharamulo,31.5248,-2.8333,ACTLTZ002012,NOT-1,ACPOTZ017527,NPK,36.23,2018,10,31,31/10/2018,12/10/2017,2017,10,12
3496,Tanzania,Tanzania Lake Region,Kagera,Biharamulo,31.5248,-2.8333,ACTLTZ002012,NOT-1,ACPOTZ017524,NP,11.075,2018,10,31,31/10/2018,12/10/2017,2017,10,12
3497,Tanzania,Tanzania Lake Region,Kagera,Biharamulo,31.5248,-2.8333,ACTLTZ002012,NOT-1,ACPOTZ017529,CON,9.71,2018,10,31,31/10/2018,12/10/2017,2017,10,12
3498,Tanzania,Tanzania Lake Region,Kagera,Biharamulo,31.5248,-2.8333,ACTLTZ002013,NOT-1,ACPOTZ017644,NP,17.62,2018,10,31,31/10/2018,12/10/2017,2017,10,12
3499,Tanzania,Tanzania Lake Region,Kagera,Biharamulo,31.5248,-2.8333,ACTLTZ002013,NOT-1,ACPOTZ017645,NK,18.65,2018,10,31,31/10/2018,12/10/2017,2017,10,12
3500,Tanzania,Tanzania Lake Region,Kagera,Biharamulo,31.5248,-2.8333,ACTLTZ002013,NOT-1,ACPOTZ017537,CON,17.76,2018,10,31,31/10/2018,12/10/2017,2017,10,12
3501,Tanzania,Tanzania Lake Region,Kagera,Biharamulo,31.5248,-2.8333,ACTLTZ002013,NOT-1,ACPOTZ017535,NPK,11.57,2018,10,31,31/10/2018,12/10/2017,2017,10,12
3502,Tanzania,Tanzania Lake Region,Kagera,Biharamulo,31.5248,-2.8333,ACTLTZ002013,NOT-1,ACPOTZ017642,half_NPK,17.51,2018,10,31,31/10/2018,12/10/2017,2017,10,12
3503,Tanzania,Tanzania Lake Region,Kagera,Biharamulo,31.5248,-2.8333,ACTLTZ002013,NOT-1,ACPOTZ017643,NPK_micro,24.66,2018,10,31,31/10/2018,12/10/2017,2017,10,12
3504,Tanzania,Tanzania Lake Region,Kagera,Biharamulo,31.5248,-2.8333,ACTLTZ002013,NOT-1,ACPOTZ017534,PK,15.76,2018,10,31,31/10/2018,12/10/2017,2017,10,12
3505,Tanzania,Tanzania Lake Region,Kagera,Biharamulo,31.5248,-2.8333,ACTLTZ002013,NOT-1,ACPOTZ017536,NPK,16.77,2018,10,31,31/10/2018,12/10/2017,2017,10,12
3506,Tanzania,Tanzania Lake Region,Kagera,Biharamulo,31.5123,-2.8252,ACTLTZ002014,NOT-1,ACPOTZ017709,CON,11.865,2018,10,31,31/10/2018,12/10/2017,2017,10,12
3507,Tanzania,Tanzania Lake Region,Kagera,Biharamulo,31.5123,-2.8252,ACTLTZ002014,NOT-1,ACPOTZ017704,NP,12.52,2018,10,31,31/10/2018,12/10/2017,2017,10,12
3508,Tanzania,Tanzania Lake Region,Kagera,Biharamulo,31.5123,-2.8252,ACTLTZ002014,NOT-1,ACPOTZ017708,NPK,15.41,2018,10,31,31/10/2018,12/10/2017,2017,10,12
3509,Tanzania,Tanzania Lake Region,Kagera,Biharamulo,31.5123,-2.8252,ACTLTZ002014,NOT-1,ACPOTZ017703,NPK_micro,18.465,2018,10,31,31/10/2018,12/10/2017,2017,10,12
3510,Tanzania,Tanzania Lake Region,Kagera,Biharamulo,31.5123,-2.8252,ACTLTZ002014,NOT-1,ACPOTZ017707,NPK,20.55,2018,10,31,31/10/2018,12/10/2017,2017,10,12
3511,Tanzania,Tanzania Lake Region,Kagera,Biharamulo,31.5123,-2.8252,ACTLTZ002014,NOT-1,ACPOTZ017705,NK,16.78,2018,10,31,31/10/2018,12/10/2017,2017,10,12
3512,Tanzania,Tanzania Lake Region,Kagera,Biharamulo,31.5123,-2.8252,ACTLTZ002014,NOT-1,ACPOTZ017702,half_NPK,12.41,2018,10,31,31/10/2018,12/10/2017,2017,10,12
3513,Tanzania,Tanzania Lake Region,Kagera,Biharamulo,31.5123,-2.8252,ACTLTZ002014,NOT-1,ACPOTZ017706,PK,9.83,2018,10,31,31/10/2018,12/10/2017,2017,10,12
3514,Tanzania,Tanzania Lake Region,Mara,Bunda,34.0324,-1.9464,ACTLTZ002024,NOT-3,ACPOTZ017812,NP,18.284,2018,10,25,25/10/2018,12/10/2017,2017,10,12
3515,Tanzania,Tanzania Lake Region,Mara,Bunda,34.0324,-1.9464,ACTLTZ002024,NOT-3,ACPOTZ017827,CON,15.46,2018,10,25,25/10/2018,12/10/2017,2017,10,12
3516,Tanzania,Tanzania Lake Region,Mara,Bunda,34.0324,-1.9464,ACTLTZ002024,NOT-3,ACPOTZ017829,NPK,22.1,2018,10,25,25/10/2018,12/10/2017,2017,10,12
3517,Tanzania,Tanzania Lake Region,Mara,Bunda,34.0324,-1.9464,ACTLTZ002024,NOT-3,ACPOTZ017825,NK,16.484,2018,10,25,25/10/2018,12/10/2017,2017,10,12
3518,Tanzania,Tanzania Lake Region,Mara,Bunda,34.0324,-1.9464,ACTLTZ002024,NOT-3,ACPOTZ017790,PK,19.84,2018,10,25,25/10/2018,12/10/2017,2017,10,12
3519,Tanzania,Tanzania Lake Region,Mara,Bunda,34.0324,-1.9464,ACTLTZ002024,NOT-3,ACPOTZ017824,half_NPK,21.26,2018,10,25,25/10/2018,12/10/2017,2017,10,12
3520,Tanzania,Tanzania Lake Region,Mara,Bunda,34.0324,-1.9464,ACTLTZ002024,NOT-3,ACPOTZ017780,NPK_micro,16.52,2018,10,25,25/10/2018,12/10/2017,2017,10,12
3521,Tanzania,Tanzania Lake Region,Mara,Bunda,34.0324,-1.9464,ACTLTZ002052,NOT-3,ACPOTZ017906,PK,27.6,2018,10,25,25/10/2018,12/10/2017,2017,10,12
3522,Tanzania,Tanzania Lake Region,Mara,Bunda,34.0324,-1.9464,ACTLTZ002052,NOT-3,ACPOTZ017914,CON,24.84,2018,10,25,25/10/2018,12/10/2017,2017,10,12
3523,Tanzania,Tanzania Lake Region,Mara,Bunda,34.0324,-1.9464,ACTLTZ002052,NOT-3,ACPOTZ017922,half_NPK,8.86,2018,10,25,25/10/2018,12/10/2017,2017,10,12
3524,Tanzania,Tanzania Lake Region,Mara,Bunda,34.0324,-1.9464,ACTLTZ002052,NOT-3,ACPOTZ017911,NPK_micro,17,2018,10,25,25/10/2018,12/10/2017,2017,10,12
3525,Tanzania,Tanzania Lake Region,Mara,Bunda,34.0324,-1.9464,ACTLTZ002052,NOT-3,ACPOTZ017921,NPK,16.44,2018,10,25,25/10/2018,12/10/2017,2017,10,12
3526,Tanzania,Tanzania Lake Region,Mara,Bunda,34.0324,-1.9464,ACTLTZ002052,NOT-3,ACPOTZ017924,NP,10.62,2018,10,25,25/10/2018,12/10/2017,2017,10,12
3527,Tanzania,Tanzania Lake Region,Mara,Bunda,34.0324,-1.9464,ACTLTZ002052,NOT-3,ACPOTZ017908,NK,35.8,2018,10,25,25/10/2018,12/10/2017,2017,10,12
3528,Tanzania,Tanzania Lake Region,Mara,Bunda,34.0324,-1.9464,ACTLTZ002052,NOT-3,ACPOTZ017902,NPK,14.92,2018,10,25,25/10/2018,12/10/2017,2017,10,12
3529,Tanzania,Tanzania Lake Region,Mara,Butiam,33.9448,-1.6631,ACTLTZ002053,NOT-3,ACPOTZ017942,NK,12.2,2018,10,23,23/10/2018,12/10/2017,2017,10,12
3530,Tanzania,Tanzania Lake Region,Mara,Butiam,33.9448,-1.6631,ACTLTZ002053,NOT-3,ACPOTZ017919,NP,20.7,2018,10,23,23/10/2018,12/10/2017,2017,10,12
3531,Tanzania,Tanzania Lake Region,Mara,Butiam,33.9448,-1.6631,ACTLTZ002053,NOT-3,ACPOTZ017932,NPK_micro,17.74,2018,10,23,23/10/2018,12/10/2017,2017,10,12
3532,Tanzania,Tanzania Lake Region,Mara,Butiam,33.9448,-1.6631,ACTLTZ002053,NOT-3,ACPOTZ017939,CON,19.52,2018,10,23,23/10/2018,12/10/2017,2017,10,12
3533,Tanzania,Tanzania Lake Region,Mara,Butiam,33.9448,-1.6631,ACTLTZ002053,NOT-3,ACPOTZ017928,PK,1.808,2018,10,23,23/10/2018,12/10/2017,2017,10,12
3534,Tanzania,Tanzania Lake Region,Mara,Butiam,33.9448,-1.6631,ACTLTZ002053,NOT-3,ACPOTZ017941,half_NPK,22.08,2018,10,23,23/10/2018,12/10/2017,2017,10,12
3535,Tanzania,Tanzania Lake Region,Mara,Butiam,33.9448,-1.6631,ACTLTZ002053,NOT-3,ACPOTZ017937,NPK,13.66,2018,10,23,23/10/2018,12/10/2017,2017,10,12
3536,Tanzania,Tanzania Lake Region,Mwanza,Sengerema,32.5845,-2.563,ACTLTZ002082,NOT-3,ACPOTZ013883,PK,7.93,2018,10,17,17/10/2018,12/10/2017,2017,10,12
3537,Tanzania,Tanzania Lake Region,Mwanza,Sengerema,32.5845,-2.563,ACTLTZ002085,NOT-3,ACPOTZ013903,half_NPK,20.12,2018,10,16,16/10/2018,12/10/2017,2017,10,12
3538,Tanzania,Tanzania Lake Region,Mwanza,Sengerema,32.5845,-2.563,ACTLTZ002085,NOT-3,ACPOTZ013916,NPK,14.585,2018,10,16,16/10/2018,12/10/2017,2017,10,12
3539,Tanzania,Tanzania Lake Region,Mwanza,Sengerema,32.5845,-2.563,ACTLTZ002085,NOT-3,ACPOTZ013907,PK,22.005,2018,10,16,16/10/2018,12/10/2017,2017,10,12
3540,Tanzania,Tanzania Lake Region,Mwanza,Sengerema,32.5845,-2.563,ACTLTZ002085,NOT-3,ACPOTZ013908,NPK,9.765,2018,10,16,16/10/2018,12/10/2017,2017,10,12
3541,Tanzania,Tanzania Lake Region,Mwanza,Sengerema,32.5845,-2.563,ACTLTZ002085,NOT-3,ACPOTZ013906,NK,19.265,2018,10,16,16/10/2018,12/10/2017,2017,10,12
3542,Tanzania,Tanzania Lake Region,Mwanza,Sengerema,32.5845,-2.563,ACTLTZ002086,NOT-3,ACPOTZ013873,NPK,16.17,2018,10,16,16/10/2018,12/10/2017,2017,10,12
3543,Tanzania,Tanzania Lake Region,Mwanza,Sengerema,32.5845,-2.563,ACTLTZ002086,NOT-3,ACPOTZ013874,CON,9.22,2018,10,16,16/10/2018,12/10/2017,2017,10,12
3544,Tanzania,Tanzania Lake Region,Mwanza,Sengerema,32.5845,-2.563,ACTLTZ002086,NOT-3,ACPOTZ013870,NK,19.235,2018,10,16,16/10/2018,12/10/2017,2017,10,12
3545,Tanzania,Tanzania Lake Region,Mwanza,Sengerema,32.5845,-2.563,ACTLTZ002086,NOT-3,ACPOTZ013871,PK,11.13,2018,10,16,16/10/2018,12/10/2017,2017,10,12
3546,Tanzania,Tanzania Lake Region,Mwanza,Sengerema,32.5845,-2.563,ACTLTZ002086,NOT-3,ACPOTZ013869,NP,10.665,2018,10,16,16/10/2018,12/10/2017,2017,10,12
3547,Tanzania,Tanzania Lake Region,Mwanza,Sengerema,32.5845,-2.563,ACTLTZ002086,NOT-3,ACPOTZ013872,NPK,7.84,2018,10,16,16/10/2018,12/10/2017,2017,10,12
3548,Tanzania,Tanzania Lake Region,Mwanza,Sengerema,32.5845,-2.563,ACTLTZ002086,NOT-3,ACPOTZ013868,NPK_micro,14.975,2018,10,16,16/10/2018,12/10/2017,2017,10,12
3549,Tanzania,Tanzania Lake Region,Mwanza,Sengerema,32.5845,-2.563,ACTLTZ002087,NOT-3,ACPOTZ013892,NPK_micro,14.04,2018,10,15,15/10/2018,12/10/2017,2017,10,12
3550,Tanzania,Tanzania Lake Region,Mwanza,Sengerema,32.5845,-2.563,ACTLTZ002087,NOT-3,ACPOTZ013896,NPK,12.865,2018,10,15,15/10/2018,12/10/2017,2017,10,12
3551,Tanzania,Tanzania Lake Region,Mwanza,Sengerema,32.5845,-2.563,ACTLTZ002087,NOT-3,ACPOTZ013897,NPK,14.185,2018,10,15,15/10/2018,12/10/2017,2017,10,12
3552,Tanzania,Tanzania Lake Region,Mwanza,Sengerema,32.5845,-2.563,ACTLTZ002087,NOT-3,ACPOTZ013893,NP,19.48,2018,10,15,15/10/2018,12/10/2017,2017,10,12
3553,Tanzania,Tanzania Lake Region,Mwanza,Sengerema,32.5845,-2.563,ACTLTZ002087,NOT-3,ACPOTZ013895,PK,13.45,2018,10,15,15/10/2018,12/10/2017,2017,10,12
3554,Tanzania,Tanzania Lake Region,Mwanza,Sengerema,32.5845,-2.563,ACTLTZ002087,NOT-3,ACPOTZ013891,half_NPK,5.6,2018,10,15,15/10/2018,12/10/2017,2017,10,12
3555,Tanzania,Tanzania Lake Region,Mwanza,Sengerema,32.5845,-2.563,ACTLTZ002087,NOT-3,ACPOTZ013898,CON,12.84,2018,10,15,15/10/2018,12/10/2017,2017,10,12
3556,Tanzania,Tanzania Lake Region,Mwanza,Sengerema,32.5845,-2.563,ACTLTZ002087,NOT-3,ACPOTZ013894,NK,11.5,2018,10,15,15/10/2018,12/10/2017,2017,10,12
3557,Tanzania,Tanzania Lake Region,Mwanza,Sengerema,32.7621,-2.8321,ACTLTZ002141,NOT-1,ACPOTZ013654,NP,13.61,2018,10,28,28/10/2018,12/10/2017,2017,10,12
3558,Tanzania,Tanzania Lake Region,Mwanza,Sengerema,32.7621,-2.8321,ACTLTZ002141,NOT-1,ACPOTZ013656,PK,15.5125,2018,10,28,28/10/2018,12/10/2017,2017,10,12
3559,Tanzania,Tanzania Lake Region,Mwanza,Sengerema,32.7621,-2.8321,ACTLTZ002141,NOT-1,ACPOTZ013653,NPK_micro,11.335,2018,10,28,28/10/2018,12/10/2017,2017,10,12
3560,Tanzania,Tanzania Lake Region,Mwanza,Sengerema,32.7621,-2.8321,ACTLTZ002141,NOT-1,ACPOTZ013655,NK,9.065,2018,10,28,28/10/2018,12/10/2017,2017,10,12
3561,Tanzania,Tanzania Lake Region,Mwanza,Sengerema,32.7621,-2.8321,ACTLTZ002141,NOT-1,ACPOTZ013652,half_NPK,16.22,2018,10,28,28/10/2018,12/10/2017,2017,10,12
3562,Tanzania,Tanzania Lake Region,Mwanza,Sengerema,32.7621,-2.8321,ACTLTZ002141,NOT-1,ACPOTZ013659,CON,8.525,2018,10,28,28/10/2018,12/10/2017,2017,10,12
3563,Tanzania,Tanzania Lake Region,Mwanza,Sengerema,32.7621,-2.8321,ACTLTZ002141,NOT-1,ACPOTZ013657,NPK,10.295,2018,10,28,28/10/2018,12/10/2017,2017,10,12
3564,Tanzania,Tanzania Lake Region,Mwanza,Sengerema,32.7621,-2.8321,ACTLTZ002141,NOT-1,ACPOTZ013658,NPK,13.725,2018,10,28,28/10/2018,12/10/2017,2017,10,12
3565,Tanzania,Tanzania Lake Region,Mwanza,Sengerema,32.5842,-2.5666,ACTLTZ002142,NOT-1,ACPOTZ013637,NPK_micro,12.37666667,2018,10,16,16/10/2018,12/10/2017,2017,10,12
3566,Tanzania,Tanzania Lake Region,Mwanza,Sengerema,32.5842,-2.5666,ACTLTZ002142,NOT-1,ACPOTZ013636,half_NPK,18.53666667,2018,10,16,16/10/2018,12/10/2017,2017,10,12
3567,Tanzania,Tanzania Lake Region,Mwanza,Sengerema,32.5842,-2.5666,ACTLTZ002142,NOT-1,ACPOTZ013639,NK,8.593333333,2018,10,16,16/10/2018,12/10/2017,2017,10,12
3568,Tanzania,Tanzania Lake Region,Mwanza,Sengerema,32.5851,-2.5714,ACTLTZ002143,NOT-1,ACPOTZ013634,NPK,8.1825,2018,10,17,17/10/2018,12/10/2017,2017,10,12
3569,Tanzania,Tanzania Lake Region,Mwanza,Sengerema,32.5851,-2.5714,ACTLTZ002143,NOT-1,ACPOTZ013632,PK,10.675,2018,10,17,17/10/2018,12/10/2017,2017,10,12
3570,Tanzania,Tanzania Lake Region,Mwanza,Sengerema,32.5851,-2.5714,ACTLTZ002143,NOT-1,ACPOTZ013629,NPK_micro,4.115,2018,10,17,17/10/2018,12/10/2017,2017,10,12
3571,Tanzania,Tanzania Lake Region,Mwanza,Sengerema,32.5851,-2.5714,ACTLTZ002143,NOT-1,ACPOTZ013635,CON,11.52,2018,10,17,17/10/2018,12/10/2017,2017,10,12
3572,Tanzania,Tanzania Lake Region,Mwanza,Sengerema,32.5851,-2.5714,ACTLTZ002143,NOT-1,ACPOTZ013633,NPK,11.05,2018,10,17,17/10/2018,12/10/2017,2017,10,12
3573,Tanzania,Tanzania Lake Region,Mwanza,Sengerema,32.5851,-2.5714,ACTLTZ002143,NOT-1,ACPOTZ013631,NK,6.09,2018,10,17,17/10/2018,12/10/2017,2017,10,12
3574,Tanzania,Tanzania Lake Region,Mwanza,Sengerema,32.5851,-2.5714,ACTLTZ002143,NOT-1,ACPOTZ013628,half_NPK,9.785,2018,10,17,17/10/2018,12/10/2017,2017,10,12
3575,Tanzania,Tanzania Lake Region,Mwanza,Sengerema,32.5851,-2.5714,ACTLTZ002143,NOT-1,ACPOTZ013630,NP,7.435,2018,10,17,17/10/2018,12/10/2017,2017,10,12
3576,Tanzania,Tanzania Lake Region,Mwanza,Sengerema,32.806,-2.8342,ACTLTZ002147,NOT-1,ACPOTZ013649,NPK,11.455,2018,10,28,28/10/2018,12/10/2017,2017,10,12
3577,Tanzania,Tanzania Lake Region,Mwanza,Sengerema,32.806,-2.8342,ACTLTZ002147,NOT-1,ACPOTZ013648,PK,8.235,2018,10,28,28/10/2018,12/10/2017,2017,10,12
3578,Tanzania,Tanzania Lake Region,Mwanza,Sengerema,32.806,-2.8342,ACTLTZ002147,NOT-1,ACPOTZ013645,NPK_micro,10.025,2018,10,28,28/10/2018,12/10/2017,2017,10,12
3579,Tanzania,Tanzania Lake Region,Mwanza,Sengerema,32.806,-2.8342,ACTLTZ002147,NOT-1,ACPOTZ013651,CON,7.725,2018,10,28,28/10/2018,12/10/2017,2017,10,12
3580,Tanzania,Tanzania Lake Region,Mwanza,Sengerema,32.806,-2.8342,ACTLTZ002147,NOT-1,ACPOTZ013650,NPK,19.6,2018,10,28,28/10/2018,12/10/2017,2017,10,12
3581,Tanzania,Tanzania Lake Region,Mwanza,Sengerema,32.806,-2.8342,ACTLTZ002147,NOT-1,ACPOTZ013646,NP,11.385,2018,10,28,28/10/2018,12/10/2017,2017,10,12
3582,Tanzania,Tanzania Lake Region,Mwanza,Sengerema,32.806,-2.8342,ACTLTZ002147,NOT-1,ACPOTZ013647,NK,9.715,2018,10,28,28/10/2018,12/10/2017,2017,10,12
3583,Tanzania,Tanzania Lake Region,Mwanza,Sengerema,32.806,-2.8342,ACTLTZ002147,NOT-1,ACPOTZ013644,half_NPK,15.5,2018,10,28,28/10/2018,12/10/2017,2017,10,12
3584,Tanzania,Tanzania Lake Region,Mwanza,Sengerema,32.7676,-2.8307,ACTLTZ002166,NOT-3,ACPOTZ013843,half_NPK,9.04,2018,10,28,28/10/2018,12/10/2017,2017,10,12
3585,Tanzania,Tanzania Lake Region,Mwanza,Sengerema,32.7676,-2.8307,ACTLTZ002166,NOT-3,ACPOTZ013848,NPK,18.015,2018,10,28,28/10/2018,12/10/2017,2017,10,12
3586,Tanzania,Tanzania Lake Region,Mwanza,Sengerema,32.7676,-2.8307,ACTLTZ002166,NOT-3,ACPOTZ013847,PK,10.985,2018,10,28,28/10/2018,12/10/2017,2017,10,12
3587,Tanzania,Tanzania Lake Region,Mwanza,Sengerema,32.7676,-2.8307,ACTLTZ002166,NOT-3,ACPOTZ013846,NK,17.365,2018,10,28,28/10/2018,12/10/2017,2017,10,12
3588,Tanzania,Tanzania Lake Region,Mwanza,Sengerema,32.7676,-2.8307,ACTLTZ002166,NOT-3,ACPOTZ013850,CON,7.51,2018,10,28,28/10/2018,12/10/2017,2017,10,12
3589,Tanzania,Tanzania Lake Region,Mwanza,Sengerema,32.7676,-2.8307,ACTLTZ002166,NOT-3,ACPOTZ013844,NPK_micro,8.015,2018,10,28,28/10/2018,12/10/2017,2017,10,12
3590,Tanzania,Tanzania Lake Region,Mwanza,Sengerema,32.7676,-2.8307,ACTLTZ002166,NOT-3,ACPOTZ013845,NP,6.94,2018,10,28,28/10/2018,12/10/2017,2017,10,12
3591,Tanzania,Tanzania Lake Region,Mwanza,Sengerema,32.7676,-2.8307,ACTLTZ002166,NOT-3,ACPOTZ013849,NPK,23.57,2018,10,28,28/10/2018,12/10/2017,2017,10,12
3592,Tanzania,Tanzania Lake Region,Mwanza,Sengerema,32.762,-2.832,ACTLTZ002167,NOT-1,ACPOTZ013714,NPK,16.115,2018,10,28,28/10/2018,12/10/2017,2017,10,12
3593,Tanzania,Tanzania Lake Region,Mwanza,Sengerema,32.762,-2.832,ACTLTZ002167,NOT-1,ACPOTZ013712,PK,11.115,2018,10,28,28/10/2018,12/10/2017,2017,10,12
3594,Tanzania,Tanzania Lake Region,Mwanza,Sengerema,32.762,-2.832,ACTLTZ002167,NOT-1,ACPOTZ013711,NK,11.56,2018,10,28,28/10/2018,12/10/2017,2017,10,12
3595,Tanzania,Tanzania Lake Region,Mwanza,Sengerema,32.762,-2.832,ACTLTZ002167,NOT-1,ACPOTZ013708,half_NPK,14.84,2018,10,28,28/10/2018,12/10/2017,2017,10,12
3596,Tanzania,Tanzania Lake Region,Mwanza,Sengerema,32.762,-2.832,ACTLTZ002167,NOT-1,ACPOTZ013709,NPK_micro,8.185,2018,10,28,28/10/2018,12/10/2017,2017,10,12
3597,Tanzania,Tanzania Lake Region,Mwanza,Sengerema,32.762,-2.832,ACTLTZ002167,NOT-1,ACPOTZ013713,NPK,8.93,2018,10,28,28/10/2018,12/10/2017,2017,10,12
3598,Tanzania,Tanzania Lake Region,Mwanza,Sengerema,32.762,-2.832,ACTLTZ002167,NOT-1,ACPOTZ013710,NP,12.665,2018,10,28,28/10/2018,12/10/2017,2017,10,12
3599,Tanzania,Tanzania Lake Region,Mwanza,Sengerema,32.7676,-2.8307,ACTLTZ002168,NOT-3,ACPOTZ013706,NPK,18.12,2018,10,26,26/10/2018,12/10/2017,2017,10,12
3600,Tanzania,Tanzania Lake Region,Mwanza,Sengerema,32.7676,-2.8307,ACTLTZ002168,NOT-3,ACPOTZ013704,PK,8.3,2018,10,26,26/10/2018,12/10/2017,2017,10,12
3601,Tanzania,Tanzania Lake Region,Mwanza,Sengerema,32.7676,-2.8307,ACTLTZ002168,NOT-3,ACPOTZ013701,NPK_micro,10.32,2018,10,26,26/10/2018,12/10/2017,2017,10,12
3602,Tanzania,Tanzania Lake Region,Mwanza,Sengerema,32.7676,-2.8307,ACTLTZ002168,NOT-3,ACPOTZ013707,CON,10.76,2018,10,26,26/10/2018,12/10/2017,2017,10,12
3603,Tanzania,Tanzania Lake Region,Mwanza,Sengerema,32.7676,-2.8307,ACTLTZ002168,NOT-3,ACPOTZ013703,NK,9.915,2018,10,26,26/10/2018,12/10/2017,2017,10,12
3604,Tanzania,Tanzania Lake Region,Mwanza,Sengerema,32.7676,-2.8307,ACTLTZ002168,NOT-3,ACPOTZ013702,NP,8.505,2018,10,26,26/10/2018,12/10/2017,2017,10,12
3605,Tanzania,Tanzania Lake Region,Mwanza,Sengerema,32.7676,-2.8307,ACTLTZ002168,NOT-3,ACPOTZ013705,NPK,5.935,2018,10,26,26/10/2018,12/10/2017,2017,10,12
3606,Tanzania,Tanzania Lake Region,Mwanza,Sengerema,32.7676,-2.8307,ACTLTZ002168,NOT-3,ACPOTZ013700,half_NPK,9.03,2018,10,26,26/10/2018,12/10/2017,2017,10,12
3607,Tanzania,Tanzania Lake Region,Mwanza,Sengerema,32.7676,-2.8307,ACTLTZ002169,NOT-3,ACPOTZ013688,half_NPK,6.13,NA,NA,NA,,NA,NA,NA,NA
3608,Tanzania,Tanzania Lake Region,Mwanza,Sengerema,32.7676,-2.8307,ACTLTZ002170,NOT-3,ACPOTZ013838,CON,11.97,2018,10,26,26/10/2018,12/10/2017,2017,10,12
3609,Tanzania,Tanzania Lake Region,Mwanza,Sengerema,32.7676,-2.8307,ACTLTZ002170,NOT-3,ACPOTZ013833,NP,17.41,2018,10,26,26/10/2018,12/10/2017,2017,10,12
3610,Tanzania,Tanzania Lake Region,Mwanza,Sengerema,32.7676,-2.8307,ACTLTZ002170,NOT-3,ACPOTZ013836,NPK,14.03,2018,10,26,26/10/2018,12/10/2017,2017,10,12
3611,Tanzania,Tanzania Lake Region,Mwanza,Sengerema,32.7676,-2.8307,ACTLTZ002170,NOT-3,ACPOTZ013837,NPK,9.974,2018,10,26,26/10/2018,12/10/2017,2017,10,12
3612,Tanzania,Tanzania Lake Region,Mwanza,Sengerema,32.7676,-2.8307,ACTLTZ002170,NOT-3,ACPOTZ013831,half_NPK,16.085,2018,10,26,26/10/2018,12/10/2017,2017,10,12
3613,Tanzania,Tanzania Lake Region,Mwanza,Sengerema,32.7676,-2.8307,ACTLTZ002170,NOT-3,ACPOTZ013832,NPK_micro,12.605,2018,10,26,26/10/2018,12/10/2017,2017,10,12
3614,Tanzania,Tanzania Lake Region,Mwanza,Sengerema,32.7676,-2.8307,ACTLTZ002170,NOT-3,ACPOTZ013835,PK,11.355,2018,10,26,26/10/2018,12/10/2017,2017,10,12
3615,Tanzania,Tanzania Coastal Region,Mtwara,Mtwara,40.0327,-10.2674,ACTLTZ002512,NOT-2,ACPOTZ015636,NP,20.24666667,2019,3,2,02/03/2019,21/02/2018,2018,2,21
3616,Tanzania,Tanzania Coastal Region,Mtwara,Mtwara,40.0327,-10.2674,ACTLTZ002512,NOT-2,ACPOTZ015634,PK,10.12333333,2019,3,2,02/03/2019,21/02/2018,2018,2,21
3617,Tanzania,Tanzania Coastal Region,Mtwara,Mtwara,40.0327,-10.2674,ACTLTZ002512,NOT-2,ACPOTZ015635,NK,5.406666667,2019,3,2,02/03/2019,21/02/2018,2018,2,21
3618,Tanzania,Tanzania Coastal Region,Mtwara,Mtwara,40.0327,-10.2674,ACTLTZ002512,NOT-2,ACPOTZ015638,half_NPK,12.07333333,2019,3,2,02/03/2019,21/02/2018,2018,2,21
3619,Tanzania,Tanzania Coastal Region,Mtwara,Mtwara,40.0327,-10.2674,ACTLTZ002512,NOT-2,ACPOTZ015637,NPK_micro,12.33333333,2019,3,2,02/03/2019,21/02/2018,2018,2,21
3620,Tanzania,Tanzania Coastal Region,Mtwara,Mtwara,40.0327,-10.2674,ACTLTZ002512,NOT-2,ACPOTZ015631,CON,10.8,2019,3,2,02/03/2019,21/02/2018,2018,2,21
3621,Tanzania,Tanzania Coastal Region,Mtwara,Mtwara,40.0327,-10.2674,ACTLTZ002512,NOT-2,ACPOTZ015633,NPK,13.08666667,2019,3,2,02/03/2019,21/02/2018,2018,2,21
3622,Tanzania,Tanzania Coastal Region,Mtwara,Mtwara,40.0327,-10.2674,ACTLTZ002512,NOT-2,ACPOTZ015632,NPK,19.04,2019,3,2,02/03/2019,21/02/2018,2018,2,21
3623,Tanzania,Tanzania Coastal Region,Mtwara,Mtwara,40.0325,-10.2671,ACTLTZ002513,NOT-2,ACPOTZ015643,NPK,9.713333333,2019,3,4,04/03/2019,21/02/2018,2018,2,21
3624,Tanzania,Tanzania Coastal Region,Mtwara,Mtwara,40.0325,-10.2671,ACTLTZ002513,NOT-2,ACPOTZ015647,NP,12.91333333,2019,3,4,04/03/2019,21/02/2018,2018,2,21
3625,Tanzania,Tanzania Coastal Region,Mtwara,Mtwara,40.0325,-10.2671,ACTLTZ002513,NOT-2,ACPOTZ015649,half_NPK,23.15333333,2019,3,4,04/03/2019,21/02/2018,2018,2,21
3626,Tanzania,Tanzania Coastal Region,Mtwara,Mtwara,40.0325,-10.2671,ACTLTZ002513,NOT-2,ACPOTZ015646,NK,18.71333333,2019,3,4,04/03/2019,21/02/2018,2018,2,21
3627,Tanzania,Tanzania Coastal Region,Mtwara,Mtwara,40.0325,-10.2671,ACTLTZ002513,NOT-2,ACPOTZ015648,NPK_micro,18.28666667,2019,3,4,04/03/2019,21/02/2018,2018,2,21
3628,Tanzania,Tanzania Coastal Region,Mtwara,Mtwara,40.0325,-10.2671,ACTLTZ002513,NOT-2,ACPOTZ015644,NPK,11.42666667,2019,3,4,04/03/2019,21/02/2018,2018,2,21
3629,Tanzania,Tanzania Coastal Region,Mtwara,Mtwara,40.0325,-10.2671,ACTLTZ002513,NOT-2,ACPOTZ015642,CON,11.88666667,2019,3,4,04/03/2019,21/02/2018,2018,2,21
3630,Tanzania,Tanzania Coastal Region,Mtwara,Mtwara,40.0325,-10.2671,ACTLTZ002513,NOT-2,ACPOTZ015645,PK,9.926666667,2019,3,4,04/03/2019,21/02/2018,2018,2,21
3631,Tanzania,Tanzania Coastal Region,Mtwara,Mtwara,40.0328,-10.2672,ACTLTZ002514,NOT-1,ACPOTZ015655,NPK,6.8,2019,3,1,01/03/2019,21/02/2018,2018,2,21
3632,Tanzania,Tanzania Coastal Region,Mtwara,Mtwara,40.0328,-10.2672,ACTLTZ002514,NOT-1,ACPOTZ015657,PK,18.8,2019,3,1,01/03/2019,21/02/2018,2018,2,21
3633,Tanzania,Tanzania Coastal Region,Mtwara,Mtwara,40.0328,-10.2672,ACTLTZ002514,NOT-1,ACPOTZ015654,CON,7.146666667,2019,3,1,01/03/2019,21/02/2018,2018,2,21
3634,Tanzania,Tanzania Coastal Region,Mtwara,Mtwara,40.0328,-10.2672,ACTLTZ002514,NOT-1,ACPOTZ015659,NP,19.72666667,2019,3,1,01/03/2019,21/02/2018,2018,2,21
3635,Tanzania,Tanzania Coastal Region,Mtwara,Mtwara,40.0328,-10.2672,ACTLTZ002514,NOT-1,ACPOTZ019296,NK,9.94,2019,3,1,01/03/2019,21/02/2018,2018,2,21
3636,Tanzania,Tanzania Coastal Region,Mtwara,Mtwara,40.0328,-10.2672,ACTLTZ002514,NOT-1,ACPOTZ015660,NPK_micro,16.63666667,2019,3,1,01/03/2019,21/02/2018,2018,2,21
3637,Tanzania,Tanzania Coastal Region,Mtwara,Mtwara,40.0328,-10.2672,ACTLTZ002514,NOT-1,ACPOTZ015661,half_NPK,6.393333333,2019,3,1,01/03/2019,21/02/2018,2018,2,21
3638,Tanzania,Tanzania Coastal Region,Mtwara,Mtwara,40.0305,-10.2991,ACTLTZ002522,NOT-2,ACPOTZ015687,NPK_micro,1.58,2019,2,22,22/02/2019,12/03/2018,2018,3,12
3639,Tanzania,Tanzania Coastal Region,Mtwara,Mtwara,40.0305,-10.2991,ACTLTZ002522,NOT-2,ACPOTZ015685,NK,1.933333333,2019,2,22,22/02/2019,12/03/2018,2018,3,12
3640,Tanzania,Tanzania Coastal Region,Mtwara,Mtwara,40.0305,-10.2991,ACTLTZ002522,NOT-2,ACPOTZ019293,NPK,0.506666667,2019,2,22,22/02/2019,12/03/2018,2018,3,12
3641,Tanzania,Tanzania Coastal Region,Mtwara,Mtwara,40.0305,-10.2991,ACTLTZ002522,NOT-2,ACPOTZ019292,PK,2.293333333,2019,2,22,22/02/2019,12/03/2018,2018,3,12
3642,Tanzania,Tanzania Coastal Region,Mtwara,Mtwara,40.0305,-10.2991,ACTLTZ002522,NOT-2,ACPOTZ015682,NPK,1.506666667,2019,2,22,22/02/2019,12/03/2018,2018,3,12
3643,Tanzania,Tanzania Coastal Region,Mtwara,Mtwara,40.0305,-10.2991,ACTLTZ002522,NOT-2,ACPOTZ019294,CON,1.186666667,2019,2,22,22/02/2019,12/03/2018,2018,3,12
3644,Tanzania,Tanzania Coastal Region,Mtwara,Mtwara,40.0305,-10.2991,ACTLTZ002522,NOT-2,ACPOTZ019290,half_NPK,0.44,2019,2,22,22/02/2019,12/03/2018,2018,3,12
3645,Tanzania,Tanzania Coastal Region,Mtwara,Mtwara,40.0305,-10.2991,ACTLTZ002522,NOT-2,ACPOTZ019291,NP,1.24,2019,2,22,22/02/2019,12/03/2018,2018,3,12
3646,Tanzania,Tanzania Coastal Region,Lindi,Lindi,39.7179,-10.216,ACTLTZ002524,NOT-2,ACPOTZ015699,PK,13.12,2019,3,26,26/03/2019,25/02/2018,2018,2,25
3647,Tanzania,Tanzania Coastal Region,Lindi,Lindi,39.7179,-10.216,ACTLTZ002524,NOT-2,ACPOTZ015701,NP,21.81333333,2019,3,26,26/03/2019,25/02/2018,2018,2,25
3648,Tanzania,Tanzania Coastal Region,Lindi,Lindi,39.7179,-10.216,ACTLTZ002524,NOT-2,ACPOTZ015703,half_NPK,11.74666667,2019,3,26,26/03/2019,25/02/2018,2018,2,25
3649,Tanzania,Tanzania Coastal Region,Lindi,Lindi,39.7179,-10.216,ACTLTZ002524,NOT-2,ACPOTZ015702,NPK_micro,12.86,2019,3,26,26/03/2019,25/02/2018,2018,2,25
3650,Tanzania,Tanzania Coastal Region,Lindi,Lindi,39.7179,-10.216,ACTLTZ002524,NOT-2,ACPOTZ015700,NK,12.87,2019,3,26,26/03/2019,25/02/2018,2018,2,25
3651,Tanzania,Tanzania Coastal Region,Lindi,Lindi,39.7179,-10.216,ACTLTZ002524,NOT-2,ACPOTZ015697,NPK,9.64,2019,3,26,26/03/2019,25/02/2018,2018,2,25
3652,Tanzania,Tanzania Coastal Region,Lindi,Lindi,39.7179,-10.216,ACTLTZ002524,NOT-2,ACPOTZ015696,CON,14.72666667,2019,3,26,26/03/2019,25/02/2018,2018,2,25
3653,Tanzania,Tanzania Coastal Region,Lindi,Lindi,39.7179,-10.216,ACTLTZ002524,NOT-2,ACPOTZ015698,NPK,10.02,2019,3,26,26/03/2019,25/02/2018,2018,2,25
3654,Tanzania,Tanzania Coastal Region,Lindi,Lindi Urban,39.568,-10.1084,ACTLTZ002526,NOT-1,ACPOTZ015716,NPK,9.533333333,2019,5,10,10/05/2019,10/01/2018,2018,1,10
3655,Tanzania,Tanzania Coastal Region,Lindi,Lindi Urban,39.568,-10.1084,ACTLTZ002526,NOT-1,ACPOTZ015717,NPK,10.18666667,2019,5,10,10/05/2019,10/01/2018,2018,1,10
3656,Tanzania,Tanzania Coastal Region,Lindi,Lindi Urban,39.568,-10.1084,ACTLTZ002526,NOT-1,ACPOTZ015713,NP,8.39,2019,5,10,10/05/2019,10/01/2018,2018,1,10
3657,Tanzania,Tanzania Coastal Region,Lindi,Lindi Urban,39.568,-10.1084,ACTLTZ002526,NOT-1,ACPOTZ015711,half_NPK,13.4,2019,5,10,10/05/2019,10/01/2018,2018,1,10
3658,Tanzania,Tanzania Coastal Region,Lindi,Lindi Urban,39.568,-10.1084,ACTLTZ002526,NOT-1,ACPOTZ015714,NK,13.93,2019,5,10,10/05/2019,10/01/2018,2018,1,10
3659,Tanzania,Tanzania Coastal Region,Lindi,Lindi Urban,39.568,-10.1084,ACTLTZ002526,NOT-1,ACPOTZ015715,PK,5.773333333,2019,5,10,10/05/2019,10/01/2018,2018,1,10
3660,Tanzania,Tanzania Coastal Region,Lindi,Lindi Urban,39.568,-10.1084,ACTLTZ002526,NOT-1,ACPOTZ015718,CON,10.25333333,2019,5,10,10/05/2019,10/01/2018,2018,1,10
3661,Tanzania,Tanzania Coastal Region,Lindi,Lindi Urban,39.568,-10.1084,ACTLTZ002526,NOT-1,ACPOTZ015712,NPK_micro,7.293333333,2019,5,10,10/05/2019,10/01/2018,2018,1,10
3662,Tanzania,Tanzania Coastal Region,Lindi,Lindi Urban,39.5789,-10.0927,ACTLTZ002527,NOT-2,ACPOTZ019990,NK,7.8,2019,6,9,09/06/2019,03/03/2017,2017,3,3
3663,Tanzania,Tanzania Coastal Region,Lindi,Lindi Urban,39.5788,-10.0926,ACTLTZ002527,NOT-3,ACPOTZ015720,CON,10.48666667,2019,6,9,09/06/2019,03/03/2017,2017,3,3
3664,Tanzania,Tanzania Coastal Region,Lindi,Lindi Urban,39.5789,-10.0927,ACTLTZ002527,NOT-2,ACPOTZ015723,NPK,4.46,2019,6,9,09/06/2019,03/03/2017,2017,3,3
3665,Tanzania,Tanzania Coastal Region,Lindi,Lindi Urban,39.5788,-10.0926,ACTLTZ002527,NOT-3,ACPOTZ015725,NPK_micro,9.013333333,2019,6,9,09/06/2019,03/03/2017,2017,3,3
3666,Tanzania,Tanzania Coastal Region,Lindi,Lindi Urban,39.5788,-10.0926,ACTLTZ002527,NOT-3,ACPOTZ015726,half_NPK,10.18666667,2019,6,9,09/06/2019,03/03/2017,2017,3,3
3667,Tanzania,Tanzania Coastal Region,Lindi,Lindi Urban,39.5789,-10.0927,ACTLTZ002527,NOT-2,ACPOTZ015722,NP,5.33,2019,6,9,09/06/2019,03/03/2017,2017,3,3
3668,Tanzania,Tanzania Coastal Region,Mtwara,Mtwara,40.0321,-10.2674,ACTLTZ002533,NOT-2,ACPOTZ015771,NP,6.693333333,2019,3,8,08/03/2019,21/02/2018,2018,2,21
3669,Tanzania,Tanzania Coastal Region,Mtwara,Mtwara,40.0321,-10.2674,ACTLTZ002533,NOT-2,ACPOTZ019505,PK,3.28,2019,3,8,08/03/2019,21/02/2018,2018,2,21
3670,Tanzania,Tanzania Coastal Region,Mtwara,Mtwara,40.0321,-10.2674,ACTLTZ002533,NOT-2,ACPOTZ019504,NPK,6.173333333,2019,3,8,08/03/2019,21/02/2018,2018,2,21
3671,Tanzania,Tanzania Coastal Region,Mtwara,Mtwara,40.0321,-10.2674,ACTLTZ002533,NOT-2,ACPOTZ019506,NK,6.64,2019,3,8,08/03/2019,21/02/2018,2018,2,21
3672,Tanzania,Tanzania Coastal Region,Mtwara,Mtwara,40.0321,-10.2674,ACTLTZ002533,NOT-2,ACPOTZ015773,half_NPK,7,2019,3,8,08/03/2019,21/02/2018,2018,2,21
3673,Tanzania,Tanzania Coastal Region,Mtwara,Mtwara,40.0321,-10.2674,ACTLTZ002533,NOT-2,ACPOTZ015772,NPK_micro,1.946666667,2019,3,8,08/03/2019,21/02/2018,2018,2,21
3674,Tanzania,Tanzania Coastal Region,Mtwara,Mtwara,40.0321,-10.2674,ACTLTZ002533,NOT-2,ACPOTZ019503,NPK,6.06,2019,3,8,08/03/2019,21/02/2018,2018,2,21
3675,Tanzania,Tanzania Coastal Region,Mtwara,Mtwara,40.0321,-10.2674,ACTLTZ002533,NOT-2,ACPOTZ019502,CON,4.593333333,2019,3,8,08/03/2019,21/02/2018,2018,2,21
3676,Tanzania,Tanzania Coastal Region,Mtwara,Mtwara,40.0321,-10.2674,ACTLTZ002534,NOT-2,ACPOTZ015779,NPK,9.613333333,2019,3,16,16/03/2019,21/02/2018,2018,2,21
3677,Tanzania,Tanzania Coastal Region,Mtwara,Mtwara,40.0321,-10.2674,ACTLTZ002534,NOT-2,ACPOTZ015783,NP,8.16,2019,3,16,16/03/2019,21/02/2018,2018,2,21
3678,Tanzania,Tanzania Coastal Region,Mtwara,Mtwara,40.0321,-10.2674,ACTLTZ002534,NOT-2,ACPOTZ015778,CON,5.453333333,2019,3,16,16/03/2019,21/02/2018,2018,2,21
3679,Tanzania,Tanzania Coastal Region,Mtwara,Mtwara,40.0321,-10.2674,ACTLTZ002534,NOT-2,ACPOTZ015785,half_NPK,5.986666667,2019,3,16,16/03/2019,21/02/2018,2018,2,21
3680,Tanzania,Tanzania Coastal Region,Mtwara,Mtwara,40.0321,-10.2674,ACTLTZ002534,NOT-2,ACPOTZ015782,NK,10.86666667,2019,3,16,16/03/2019,21/02/2018,2018,2,21
3681,Tanzania,Tanzania Coastal Region,Mtwara,Mtwara,40.0321,-10.2674,ACTLTZ002534,NOT-2,ACPOTZ015781,PK,7.8,2019,3,16,16/03/2019,21/02/2018,2018,2,21
3682,Tanzania,Tanzania Coastal Region,Mtwara,Mtwara,40.0321,-10.2674,ACTLTZ002534,NOT-2,ACPOTZ015784,NPK_micro,8.153333333,2019,3,16,16/03/2019,21/02/2018,2018,2,21
3683,Tanzania,Tanzania Coastal Region,Mtwara,Mtwara,40.0321,-10.2674,ACTLTZ002534,NOT-2,ACPOTZ015780,NPK,7.713333333,2019,3,16,16/03/2019,21/02/2018,2018,2,21
3684,Tanzania,Tanzania Coastal Region,Mtwara,Mtwara,40.0321,-10.2674,ACTLTZ002535,NOT-2,ACPOTZ015797,half_NPK,8.713333333,2019,3,5,05/03/2019,21/02/2018,2018,2,21
3685,Tanzania,Tanzania Coastal Region,Mtwara,Mtwara,40.0321,-10.2674,ACTLTZ002535,NOT-2,ACPOTZ015793,PK,8.1,2019,3,5,05/03/2019,21/02/2018,2018,2,21
3686,Tanzania,Tanzania Coastal Region,Mtwara,Mtwara,40.0321,-10.2674,ACTLTZ002535,NOT-2,ACPOTZ015795,NP,7.833333333,2019,3,5,05/03/2019,21/02/2018,2018,2,21
3687,Tanzania,Tanzania Coastal Region,Mtwara,Mtwara,40.0321,-10.2674,ACTLTZ002535,NOT-2,ACPOTZ015790,CON,6.766666667,2019,3,5,05/03/2019,21/02/2018,2018,2,21
3688,Tanzania,Tanzania Coastal Region,Mtwara,Mtwara,40.0321,-10.2674,ACTLTZ002535,NOT-2,ACPOTZ015794,NK,9.526666667,2019,3,5,05/03/2019,21/02/2018,2018,2,21
3689,Tanzania,Tanzania Coastal Region,Mtwara,Mtwara,40.0321,-10.2674,ACTLTZ002535,NOT-2,ACPOTZ015792,NPK,15.14666667,2019,3,5,05/03/2019,21/02/2018,2018,2,21
3690,Tanzania,Tanzania Coastal Region,Mtwara,Mtwara,40.0321,-10.2674,ACTLTZ002535,NOT-2,ACPOTZ015791,NPK,5.553333333,2019,3,5,05/03/2019,21/02/2018,2018,2,21
3691,Tanzania,Tanzania Coastal Region,Mtwara,Mtwara,40.0321,-10.2674,ACTLTZ002536,NOT-2,ACPOTZ015805,PK,8.173333333,2019,3,5,05/03/2019,21/02/2018,2018,2,21
3692,Tanzania,Tanzania Coastal Region,Mtwara,Mtwara,40.0321,-10.2674,ACTLTZ002536,NOT-2,ACPOTZ015807,NP,12.34666667,2019,3,5,05/03/2019,21/02/2018,2018,2,21
3693,Tanzania,Tanzania Coastal Region,Mtwara,Mtwara,40.0321,-10.2674,ACTLTZ002536,NOT-2,ACPOTZ015802,CON,2.62,2019,3,5,05/03/2019,21/02/2018,2018,2,21
3694,Tanzania,Tanzania Coastal Region,Mtwara,Mtwara,40.0321,-10.2674,ACTLTZ002536,NOT-2,ACPOTZ015809,half_NPK,15.1,2019,3,5,05/03/2019,21/02/2018,2018,2,21
3695,Tanzania,Tanzania Coastal Region,Mtwara,Mtwara,40.0321,-10.2674,ACTLTZ002536,NOT-3,ACPOTZ019318,NK,10.54666667,2019,3,5,05/03/2019,21/02/2018,2018,2,21
3696,Tanzania,Tanzania Coastal Region,Mtwara,Mtwara,40.0321,-10.2674,ACTLTZ002536,NOT-2,ACPOTZ015804,NPK,3.4,2019,3,5,05/03/2019,21/02/2018,2018,2,21
3697,Tanzania,Tanzania Coastal Region,Mtwara,Mtwara,40.0321,-10.2674,ACTLTZ002536,NOT-2,ACPOTZ015808,NPK_micro,10.12,2019,3,5,05/03/2019,21/02/2018,2018,2,21
3698,Tanzania,Tanzania Coastal Region,Mtwara,Mtwara,40.0321,-10.2674,ACTLTZ002536,NOT-3,ACPOTZ019304,NPK,5.253333333,2019,3,5,05/03/2019,21/02/2018,2018,2,21
3699,Tanzania,Tanzania Coastal Region,Mtwara,Tandahimba,39.4545,-10.8693,ACTLTZ002550,NOT-3,ACPOTZ019807,half_NPK,20.07,2018,10,15,15/10/2018,24/01/2018,2018,1,24
3700,Tanzania,Tanzania Coastal Region,Mtwara,Tandahimba,39.4545,-10.8693,ACTLTZ002550,NOT-3,ACPOTZ019801,NP,6.16,2018,10,15,15/10/2018,24/01/2018,2018,1,24
3701,Tanzania,Tanzania Coastal Region,Mtwara,Tandahimba,39.4545,-10.8693,ACTLTZ002550,NOT-3,ACPOTZ019804,NPK,13.78333333,2018,10,15,15/10/2018,24/01/2018,2018,1,24
3702,Tanzania,Tanzania Coastal Region,Mtwara,Tandahimba,39.4545,-10.8693,ACTLTZ002550,NOT-3,ACPOTZ019806,CON,13.60666667,2018,10,15,15/10/2018,24/01/2018,2018,1,24
3703,Tanzania,Tanzania Coastal Region,Mtwara,Tandahimba,39.4545,-10.8693,ACTLTZ002550,NOT-3,ACPOTZ019803,NK,16.04,2018,10,15,15/10/2018,24/01/2018,2018,1,24
3704,Tanzania,Tanzania Coastal Region,Mtwara,Tandahimba,39.4545,-10.8693,ACTLTZ002550,NOT-3,ACPOTZ019805,NPK,17.59333333,2018,10,15,15/10/2018,24/01/2018,2018,1,24
3705,Tanzania,Tanzania Coastal Region,Mtwara,Mtwara,39.7815,-10.5437,ACTLTZ002553,NOT-1,ACPOTZ019254,NPK,7.08,2018,10,30,30/10/2018,12/01/2018,2018,1,12
3706,Tanzania,Tanzania Coastal Region,Mtwara,Mtwara,39.7815,-10.5437,ACTLTZ002553,NOT-1,ACPOTZ019255,NPK,23.21333333,2018,10,30,30/10/2018,12/01/2018,2018,1,12
3707,Tanzania,Tanzania Coastal Region,Mtwara,Mtwara,39.7815,-10.5437,ACTLTZ002553,NOT-1,ACPOTZ019256,half_NPK,5.153333333,2018,10,30,30/10/2018,12/01/2018,2018,1,12
3708,Tanzania,Tanzania Coastal Region,Mtwara,Mtwara,39.7815,-10.5437,ACTLTZ002553,NOT-1,ACPOTZ019253,PK,8.653333333,2018,10,30,30/10/2018,12/01/2018,2018,1,12
3709,Tanzania,Tanzania Coastal Region,Mtwara,Mtwara,39.7024,-10.5631,ACTLTZ002555,NOT-3,ACPOTZ019261,CON,12.59666667,2018,10,31,31/10/2018,16/01/2018,2018,1,16
3710,Tanzania,Tanzania Coastal Region,Lindi,Lindi Urban,39.5682,-10.1076,ACTLTZ002558,NOT-1,ACPOTZ019265,CON,55.80666667,2018,11,3,03/11/2018,15/01/2018,2018,1,15
3711,Tanzania,Tanzania Coastal Region,Lindi,Lindi Urban,39.5682,-10.1076,ACTLTZ002558,NOT-1,ACPOTZ004110,NPK,44.78666667,2018,11,3,03/11/2018,15/01/2018,2018,1,15
3712,Tanzania,Tanzania Coastal Region,Lindi,Lindi Urban,39.5682,-10.1076,ACTLTZ002558,NOT-1,ACPOTZ019266,PK,39.30666667,2018,11,3,03/11/2018,15/01/2018,2018,1,15
3713,Tanzania,Tanzania Coastal Region,Lindi,Lindi Urban,39.5652,-10.1081,ACTLTZ002559,NOT-1,ACPOTZ019268,NP,20.46,2018,11,4,04/11/2018,15/01/2018,2018,1,15
3714,Tanzania,Tanzania Coastal Region,Lindi,Lindi Urban,39.5652,-10.1081,ACTLTZ002559,NOT-1,ACPOTZ019269,NPK,26.46666667,2018,11,4,04/11/2018,15/01/2018,2018,1,15
3715,Tanzania,Tanzania Coastal Region,Mtwara,Tandahimba,39.5354,-10.8724,ACTLTZ002560,NOT-1,ACPOTZ019855,NPK,6.98,2019,1,31,31/01/2019,20/02/2018,2018,2,20
3716,Tanzania,Tanzania Coastal Region,Mtwara,Tandahimba,39.5354,-10.8724,ACTLTZ002560,NOT-1,ACPOTZ019520,NPK,4.9,2019,1,31,31/01/2019,20/02/2018,2018,2,20
3717,Tanzania,Tanzania Coastal Region,Mtwara,Tandahimba,39.5354,-10.8724,ACTLTZ002560,NOT-1,ACPOTZ019856,NP,3.593333333,2019,1,31,31/01/2019,20/02/2018,2018,2,20
3718,Tanzania,Tanzania Coastal Region,Mtwara,Tandahimba,39.5354,-10.8724,ACTLTZ002560,NOT-1,ACPOTZ019854,half_NPK,5.366666667,2019,1,31,31/01/2019,20/02/2018,2018,2,20
3719,Tanzania,Tanzania Coastal Region,Mtwara,Tandahimba,NA,NA,ACTLTZ002613,NOT-2,ACPOTZ015876,NPK_micro,9.24,NA,NA,NA,,NA,NA,NA,NA
3720,Tanzania,Tanzania Coastal Region,Mtwara,Tandahimba,NA,NA,ACTLTZ002613,NOT-2,ACPOTZ015872,NPK,5.693333333,NA,NA,NA,,NA,NA,NA,NA
3721,Tanzania,Tanzania Coastal Region,Mtwara,Tandahimba,NA,NA,ACTLTZ002613,NOT-2,ACPOTZ015871,NPK,7.773333333,NA,NA,NA,,NA,NA,NA,NA
3722,Tanzania,Tanzania Coastal Region,Mtwara,Tandahimba,NA,NA,ACTLTZ002613,NOT-2,ACPOTZ015873,PK,13.72666667,NA,NA,NA,,NA,NA,NA,NA
3723,Tanzania,Tanzania Coastal Region,Mtwara,Tandahimba,NA,NA,ACTLTZ002613,NOT-2,ACPOTZ015877,half_NPK,9.346666667,NA,NA,NA,,NA,NA,NA,NA
3724,Tanzania,Tanzania Coastal Region,Mtwara,Tandahimba,NA,NA,ACTLTZ002613,NOT-2,ACPOTZ015874,NK,2.18,NA,NA,NA,,NA,NA,NA,NA
3725,Tanzania,Tanzania Coastal Region,Mtwara,Tandahimba,NA,NA,ACTLTZ002613,NOT-2,ACPOTZ015870,CON,12.32666667,NA,NA,NA,,NA,NA,NA,NA
3726,Tanzania,Tanzania Coastal Region,Mtwara,Tandahimba,NA,NA,ACTLTZ002613,NOT-2,ACPOTZ015875,NP,9.813333333,NA,NA,NA,,NA,NA,NA,NA
3727,Tanzania,Tanzania Coastal Region,Mtwara,Tandahimba,NA,NA,ACTLTZ002614,NOT-2,ACPOTZ015887,NP,17.14,NA,NA,NA,,NA,NA,NA,NA
3728,Tanzania,Tanzania Coastal Region,Mtwara,Tandahimba,NA,NA,ACTLTZ002614,NOT-2,ACPOTZ015884,NPK,5.373333333,NA,NA,NA,,NA,NA,NA,NA
3729,Tanzania,Tanzania Coastal Region,Mtwara,Tandahimba,NA,NA,ACTLTZ002614,NOT-2,ACPOTZ015883,NPK,4.373333333,NA,NA,NA,,NA,NA,NA,NA
3730,Tanzania,Tanzania Coastal Region,Mtwara,Tandahimba,NA,NA,ACTLTZ002614,NOT-2,ACPOTZ015888,NPK_micro,11.62666667,NA,NA,NA,,NA,NA,NA,NA
3731,Tanzania,Tanzania Coastal Region,Mtwara,Tandahimba,NA,NA,ACTLTZ002614,NOT-2,ACPOTZ015885,PK,3.5,NA,NA,NA,,NA,NA,NA,NA
3732,Tanzania,Tanzania Coastal Region,Mtwara,Tandahimba,NA,NA,ACTLTZ002614,NOT-2,ACPOTZ015882,CON,5.98,NA,NA,NA,,NA,NA,NA,NA
3733,Tanzania,Tanzania Coastal Region,Mtwara,Tandahimba,NA,NA,ACTLTZ002614,NOT-2,ACPOTZ015886,NK,7.846666667,NA,NA,NA,,NA,NA,NA,NA
3734,Tanzania,Tanzania Coastal Region,Mtwara,Tandahimba,NA,NA,ACTLTZ002614,NOT-2,ACPOTZ015889,half_NPK,15.02,NA,NA,NA,,NA,NA,NA,NA
3735,Tanzania,Tanzania Coastal Region,Mtwara,Tandahimba,39.5059,-10.875,ACTLTZ002618,NOT-2,ACPOTZ015864,NPK_micro,6.14,2019,2,4,04/02/2019,10/02/2018,2018,2,10
3736,Tanzania,Tanzania Coastal Region,Mtwara,Tandahimba,39.5059,-10.875,ACTLTZ002618,NOT-2,ACPOTZ015863,NP,4.733333333,2019,2,4,04/02/2019,10/02/2018,2018,2,10
3737,Tanzania,Tanzania Coastal Region,Mtwara,Tandahimba,39.5059,-10.875,ACTLTZ002618,NOT-2,ACPOTZ015862,NK,10.58666667,2019,2,4,04/02/2019,10/02/2018,2018,2,10
3738,Tanzania,Tanzania Coastal Region,Mtwara,Tandahimba,39.5059,-10.875,ACTLTZ002618,NOT-2,ACPOTZ015865,half_NPK,1.293333333,2019,2,4,04/02/2019,10/02/2018,2018,2,10
3739,Tanzania,Tanzania Coastal Region,Mtwara,Tandahimba,39.5059,-10.875,ACTLTZ002618,NOT-2,ACPOTZ015861,PK,4.913333333,2019,2,4,04/02/2019,10/02/2018,2018,2,10
3740,Tanzania,Tanzania Coastal Region,Mtwara,Tandahimba,39.5059,-10.875,ACTLTZ002618,NOT-2,ACPOTZ015860,NPK,4.12,2019,2,4,04/02/2019,10/02/2018,2018,2,10
3741,Tanzania,Tanzania Coastal Region,Mtwara,Tandahimba,39.5068,-10.8759,ACTLTZ002620,NOT-2,ACPOTZ019013,NPK_micro,3.746666667,2019,2,3,03/02/2019,09/02/2018,2018,2,9
3742,Tanzania,Tanzania Coastal Region,Mtwara,Tandahimba,39.5068,-10.8759,ACTLTZ002620,NOT-2,ACPOTZ019859,PK,7.613333333,2019,2,3,03/02/2019,09/02/2018,2018,2,9
3743,Tanzania,Tanzania Coastal Region,Mtwara,Tandahimba,39.5068,-10.8759,ACTLTZ002620,NOT-2,ACPOTZ019018,half_NPK,5.44,2019,2,3,03/02/2019,09/02/2018,2018,2,9
3744,Tanzania,Tanzania Coastal Region,Mtwara,Tandahimba,39.5068,-10.8759,ACTLTZ002620,NOT-2,ACPOTZ019012,NP,6.826666667,2019,2,3,03/02/2019,09/02/2018,2018,2,9
3745,Tanzania,Tanzania Coastal Region,Mtwara,Tandahimba,39.5068,-10.8759,ACTLTZ002620,NOT-2,ACPOTZ019008,NPK,8.98,2019,2,3,03/02/2019,09/02/2018,2018,2,9
3746,Tanzania,Tanzania Coastal Region,Mtwara,Tandahimba,39.5068,-10.8759,ACTLTZ002620,NOT-2,ACPOTZ019866,NPK,6.826666667,2019,2,3,03/02/2019,09/02/2018,2018,2,9
3747,Tanzania,Tanzania Coastal Region,Mtwara,Tandahimba,39.5068,-10.8759,ACTLTZ002620,NOT-2,ACPOTZ019011,NK,9.42,2019,2,3,03/02/2019,09/02/2018,2018,2,9
3748,Tanzania,Tanzania Coastal Region,Mtwara,Tandahimba,39.5068,-10.8759,ACTLTZ002620,NOT-2,ACPOTZ019007,CON,6.106666667,2019,2,3,03/02/2019,09/02/2018,2018,2,9
3749,Tanzania,Tanzania Coastal Region,Mtwara,Tandahimba,39.5082,-10.873,ACTLTZ002621,NOT-2,ACPOTZ019590,NP,5.546666667,2019,2,5,05/02/2019,13/02/2018,2018,2,13
3750,Tanzania,Tanzania Coastal Region,Mtwara,Tandahimba,39.5082,-10.873,ACTLTZ002621,NOT-2,ACPOTZ019588,PK,4.046666667,2019,2,5,05/02/2019,13/02/2018,2018,2,13
3751,Tanzania,Tanzania Coastal Region,Mtwara,Tandahimba,39.5082,-10.873,ACTLTZ002621,NOT-2,ACPOTZ019592,half_NPK,5,2019,2,5,05/02/2019,13/02/2018,2018,2,13
3752,Tanzania,Tanzania Coastal Region,Mtwara,Tandahimba,39.5082,-10.873,ACTLTZ002621,NOT-2,ACPOTZ019589,NK,4.813333333,2019,2,5,05/02/2019,13/02/2018,2018,2,13
3753,Tanzania,Tanzania Coastal Region,Mtwara,Tandahimba,39.5082,-10.873,ACTLTZ002621,NOT-2,ACPOTZ019585,CON,3.92,2019,2,5,05/02/2019,13/02/2018,2018,2,13
3754,Tanzania,Tanzania Coastal Region,Mtwara,Tandahimba,39.5082,-10.873,ACTLTZ002621,NOT-2,ACPOTZ019587,NPK,2.433333333,2019,2,5,05/02/2019,13/02/2018,2018,2,13
3755,Tanzania,Tanzania Coastal Region,Mtwara,Tandahimba,39.5082,-10.873,ACTLTZ002621,NOT-2,ACPOTZ019591,NPK_micro,8.766666667,2019,2,5,05/02/2019,13/02/2018,2018,2,13
3756,Tanzania,Tanzania Coastal Region,Mtwara,Tandahimba,39.5082,-10.873,ACTLTZ002621,NOT-2,ACPOTZ019586,NPK,3.593333333,2019,2,5,05/02/2019,13/02/2018,2018,2,13
3757,Tanzania,Tanzania Coastal Region,Mtwara,Tandahimba,39.5082,-10.873,ACTLTZ002622,NOT-2,ACPOTZ019141,half_NPK,3.353333333,2019,2,6,06/02/2019,13/02/2018,2018,2,13
3758,Tanzania,Tanzania Coastal Region,Mtwara,Tandahimba,39.5082,-10.873,ACTLTZ002622,NOT-2,ACPOTZ019597,CON,3.493333333,2019,2,6,06/02/2019,13/02/2018,2018,2,13
3759,Tanzania,Tanzania Coastal Region,Mtwara,Tandahimba,39.5082,-10.873,ACTLTZ002622,NOT-2,ACPOTZ019139,NP,0.62,2019,2,6,06/02/2019,13/02/2018,2018,2,13
3760,Tanzania,Tanzania Coastal Region,Mtwara,Tandahimba,39.5082,-10.873,ACTLTZ002622,NOT-2,ACPOTZ019600,PK,2.746666667,2019,2,6,06/02/2019,13/02/2018,2018,2,13
3761,Tanzania,Tanzania Coastal Region,Mtwara,Tandahimba,39.5082,-10.873,ACTLTZ002622,NOT-2,ACPOTZ019598,NPK,1.8,2019,2,6,06/02/2019,13/02/2018,2018,2,13
3762,Tanzania,Tanzania Coastal Region,Mtwara,Tandahimba,39.5082,-10.873,ACTLTZ002622,NOT-2,ACPOTZ019601,NK,4.24,2019,2,6,06/02/2019,13/02/2018,2018,2,13
3763,Tanzania,Tanzania Coastal Region,Mtwara,Tandahimba,39.5082,-10.873,ACTLTZ002622,NOT-2,ACPOTZ019140,NPK_micro,3.64,2019,2,6,06/02/2019,13/02/2018,2018,2,13
3764,Tanzania,Tanzania Coastal Region,Mtwara,Tandahimba,39.5082,-10.873,ACTLTZ002622,NOT-2,ACPOTZ019599,NPK,6.573333333,2019,2,6,06/02/2019,13/02/2018,2018,2,13
3765,Tanzania,Tanzania Coastal Region,Mtwara,Mtwara,39.7359,-10.5886,ACTLTZ002627,NOT-1,ACPOTZ019129,NPK,11.53333333,2019,3,24,24/03/2019,04/01/2018,2018,1,4
3766,Tanzania,Tanzania Coastal Region,Mtwara,Mtwara,39.7359,-10.5886,ACTLTZ002627,NOT-1,ACPOTZ019128,CON,8.053333333,2019,3,24,24/03/2019,04/01/2018,2018,1,4
3767,Tanzania,Tanzania Coastal Region,Mtwara,Mtwara,39.7359,-10.5886,ACTLTZ002627,NOT-1,ACPOTZ019132,NK,4.706666667,2019,3,24,24/03/2019,04/01/2018,2018,1,4
3768,Tanzania,Tanzania Coastal Region,Mtwara,Mtwara,39.7359,-10.5886,ACTLTZ002627,NOT-1,ACPOTZ019135,half_NPK,6.393333333,2019,3,24,24/03/2019,04/01/2018,2018,1,4
3769,Tanzania,Tanzania Coastal Region,Mtwara,Mtwara,39.7359,-10.5886,ACTLTZ002627,NOT-1,ACPOTZ019131,PK,5.58,2019,3,24,24/03/2019,04/01/2018,2018,1,4
3770,Tanzania,Tanzania Coastal Region,Mtwara,Mtwara,39.7359,-10.5886,ACTLTZ002627,NOT-1,ACPOTZ019130,NPK,7.526666667,2019,3,24,24/03/2019,04/01/2018,2018,1,4
3771,Tanzania,Tanzania Coastal Region,Mtwara,Mtwara,39.7359,-10.5886,ACTLTZ002627,NOT-1,ACPOTZ019133,NP,6.32,2019,3,24,24/03/2019,04/01/2018,2018,1,4
3772,Tanzania,Tanzania Coastal Region,Mtwara,Mtwara,39.7359,-10.5886,ACTLTZ002627,NOT-1,ACPOTZ019134,NPK_micro,7.54,2019,3,24,24/03/2019,04/01/2018,2018,1,4
3773,Tanzania,Tanzania Coastal Region,Mtwara,Tandahimba,39.5315,-10.8656,ACTLTZ002649,NOT-2,ACPOTZ019104,PK,0.633333333,2019,2,2,02/02/2019,02/02/2018,2018,2,2
3774,Tanzania,Tanzania Coastal Region,Mtwara,Tandahimba,39.5315,-10.8656,ACTLTZ002649,NOT-2,ACPOTZ019107,NPK_micro,2.926666667,2019,2,2,02/02/2019,02/02/2018,2018,2,2
3775,Tanzania,Tanzania Coastal Region,Mtwara,Tandahimba,39.5315,-10.8656,ACTLTZ002649,NOT-2,ACPOTZ019101,CON,2.64,2019,2,2,02/02/2019,02/02/2018,2018,2,2
3776,Tanzania,Tanzania Coastal Region,Mtwara,Tandahimba,39.5315,-10.8656,ACTLTZ002649,NOT-2,ACPOTZ019102,NPK,0.713333333,2019,2,2,02/02/2019,02/02/2018,2018,2,2
3777,Tanzania,Tanzania Coastal Region,Mtwara,Tandahimba,39.5315,-10.8656,ACTLTZ002649,NOT-2,ACPOTZ019108,half_NPK,0.866666667,2019,2,2,02/02/2019,02/02/2018,2018,2,2
3778,Tanzania,Tanzania Coastal Region,Mtwara,Tandahimba,39.5315,-10.8656,ACTLTZ002649,NOT-2,ACPOTZ019103,NPK,2.493333333,2019,2,2,02/02/2019,02/02/2018,2018,2,2
3779,Tanzania,Tanzania Coastal Region,Mtwara,Tandahimba,39.5315,-10.8656,ACTLTZ002649,NOT-2,ACPOTZ019105,NK,2.72,2019,2,2,02/02/2019,02/02/2018,2018,2,2
3780,Tanzania,Tanzania Coastal Region,Mtwara,Tandahimba,39.5315,-10.8656,ACTLTZ002649,NOT-2,ACPOTZ019106,NP,0.76,2019,2,2,02/02/2019,02/02/2018,2018,2,2
3781,Tanzania,Tanzania Coastal Region,Mtwara,Tandahimba,39.5533,-10.8776,ACTLTZ002651,NOT-2,ACPOTZ019051,half_NPK,4.313333333,NA,NA,NA,,NA,NA,NA,NA
3782,Tanzania,Tanzania Coastal Region,Mtwara,Tandahimba,39.5518,-10.8682,ACTLTZ002655,NOT-2,ACPOTZ019065,NPK_micro,2.326666667,2019,1,31,31/01/2019,09/02/2018,2018,2,9
3783,Tanzania,Tanzania Coastal Region,Mtwara,Tandahimba,39.5518,-10.8682,ACTLTZ002655,NOT-2,ACPOTZ019063,NK,7.773333333,2019,1,31,31/01/2019,09/02/2018,2018,2,9
3784,Tanzania,Tanzania Coastal Region,Mtwara,Tandahimba,39.5518,-10.8682,ACTLTZ002655,NOT-2,ACPOTZ019061,NPK,11.78,2019,1,31,31/01/2019,09/02/2018,2018,2,9
3785,Tanzania,Tanzania Coastal Region,Mtwara,Tandahimba,39.5518,-10.8682,ACTLTZ002655,NOT-2,ACPOTZ019066,half_NPK,8.446666667,2019,1,31,31/01/2019,09/02/2018,2018,2,9
3786,Tanzania,Tanzania Coastal Region,Mtwara,Tandahimba,39.5518,-10.8682,ACTLTZ002655,NOT-2,ACPOTZ019064,NP,5.126666667,2019,1,31,31/01/2019,09/02/2018,2018,2,9
3787,Tanzania,Tanzania Coastal Region,Mtwara,Tandahimba,39.5518,-10.8682,ACTLTZ002655,NOT-2,ACPOTZ019059,CON,8.153333333,2019,1,31,31/01/2019,09/02/2018,2018,2,9
3788,Tanzania,Tanzania Coastal Region,Mtwara,Tandahimba,39.5518,-10.8682,ACTLTZ002655,NOT-2,ACPOTZ019060,NPK,4.633333333,2019,1,31,31/01/2019,09/02/2018,2018,2,9
3789,Tanzania,Tanzania Coastal Region,Mtwara,Tandahimba,39.5518,-10.8682,ACTLTZ002655,NOT-2,ACPOTZ019062,PK,9.213333333,2019,1,31,31/01/2019,09/02/2018,2018,2,9
3790,Tanzania,Tanzania Coastal Region,Mtwara,Tandahimba,39.5334,-10.8663,ACTLTZ002656,NOT-1,ACPOTZ019534,NP,0.646666667,2019,1,31,31/01/2019,09/02/2018,2018,2,9
3791,Tanzania,Tanzania Coastal Region,Mtwara,Tandahimba,39.5334,-10.8663,ACTLTZ002656,NOT-1,ACPOTZ019533,NK,2.183333333,2019,1,31,31/01/2019,09/02/2018,2018,2,9
3792,Tanzania,Tanzania Coastal Region,Mtwara,Tandahimba,39.5334,-10.8663,ACTLTZ002656,NOT-1,ACPOTZ019532,PK,2.013333333,2019,1,31,31/01/2019,09/02/2018,2018,2,9
3793,Tanzania,Tanzania Coastal Region,Mtwara,Tandahimba,39.5334,-10.8663,ACTLTZ002656,NOT-1,ACPOTZ019535,NPK_micro,3.36,2019,1,31,31/01/2019,09/02/2018,2018,2,9
3794,Tanzania,Tanzania Coastal Region,Mtwara,Tandahimba,39.5334,-10.8663,ACTLTZ002656,NOT-1,ACPOTZ019536,half_NPK,2.793333333,2019,1,31,31/01/2019,09/02/2018,2018,2,9
3795,Tanzania,Tanzania Coastal Region,Mtwara,Tandahimba,39.5334,-10.8663,ACTLTZ002656,NOT-1,ACPOTZ019531,NPK,5.573333333,2019,1,31,31/01/2019,09/02/2018,2018,2,9
3796,Tanzania,Tanzania Coastal Region,Mtwara,Tandahimba,39.5334,-10.8663,ACTLTZ002656,NOT-1,ACPOTZ019529,CON,2.366666667,2019,1,31,31/01/2019,09/02/2018,2018,2,9
3797,Tanzania,Tanzania Coastal Region,Mtwara,Tandahimba,39.5334,-10.8663,ACTLTZ002656,NOT-1,ACPOTZ019530,NPK,2.573333333,2019,1,31,31/01/2019,09/02/2018,2018,2,9
3798,Tanzania,Tanzania Coastal Region,Mtwara,Tandahimba,39.5357,-10.8724,ACTLTZ002660,NOT-1,ACPOTZ019522,NK,4.386666667,2019,1,31,31/01/2019,20/02/2018,2018,2,20
3799,Tanzania,Tanzania Coastal Region,Mtwara,Tandahimba,39.5357,-10.8724,ACTLTZ002660,NOT-1,ACPOTZ019524,NPK_micro,3.146666667,2019,1,31,31/01/2019,20/02/2018,2018,2,20
3800,Tanzania,Tanzania Coastal Region,Mtwara,Tandahimba,39.5357,-10.8724,ACTLTZ002660,NOT-1,ACPOTZ019521,PK,5.713333333,2019,1,31,31/01/2019,20/02/2018,2018,2,20
3801,Tanzania,Tanzania Coastal Region,Mtwara,Newala,39.3997,-10.8277,ACTLTZ002661,NOT-1,ACPOTZ019083,NPK,21.26666667,2019,3,22,22/03/2019,01/01/2018,2018,1,1
3802,Tanzania,Tanzania Coastal Region,Mtwara,Newala,39.3997,-10.8277,ACTLTZ002661,NOT-1,ACPOTZ019089,half_NPK,15.70666667,2019,3,22,22/03/2019,01/01/2018,2018,1,1
3803,Tanzania,Tanzania Coastal Region,Mtwara,Newala,39.3997,-10.8277,ACTLTZ002661,NOT-1,ACPOTZ019085,PK,16.29333333,2019,3,22,22/03/2019,01/01/2018,2018,1,1
3804,Tanzania,Tanzania Coastal Region,Mtwara,Newala,39.3997,-10.8277,ACTLTZ002661,NOT-1,ACPOTZ019087,NP,17.47333333,2019,3,22,22/03/2019,01/01/2018,2018,1,1
3805,Tanzania,Tanzania Coastal Region,Mtwara,Newala,39.3997,-10.8277,ACTLTZ002661,NOT-1,ACPOTZ019084,NPK,15.22666667,2019,3,22,22/03/2019,01/01/2018,2018,1,1
3806,Tanzania,Tanzania Coastal Region,Mtwara,Newala,39.3997,-10.8277,ACTLTZ002661,NOT-1,ACPOTZ019086,NK,15.42666667,2019,3,22,22/03/2019,01/01/2018,2018,1,1
3807,Tanzania,Tanzania Coastal Region,Mtwara,Newala,39.3997,-10.8277,ACTLTZ002661,NOT-1,ACPOTZ019082,CON,21.14,2019,3,22,22/03/2019,01/01/2018,2018,1,1
3808,Tanzania,Tanzania Coastal Region,Mtwara,Newala,39.4002,-10.6878,ACTLTZ002667,NOT-1,ACPOTZ015965,NPK,5.3,2019,3,17,17/03/2019,17/02/2018,2018,2,17
3809,Tanzania,Tanzania Coastal Region,Mtwara,Newala,39.4002,-10.6878,ACTLTZ002667,NOT-1,ACPOTZ015966,PK,9.453333333,2019,3,17,17/03/2019,17/02/2018,2018,2,17
3810,Tanzania,Tanzania Coastal Region,Mtwara,Newala,39.4002,-10.6878,ACTLTZ002667,NOT-1,ACPOTZ015969,NPK_micro,6.32,2019,3,17,17/03/2019,17/02/2018,2018,2,17
3811,Tanzania,Tanzania Coastal Region,Mtwara,Newala,39.4002,-10.6878,ACTLTZ002667,NOT-1,ACPOTZ015964,NPK,4.7,2019,3,17,17/03/2019,17/02/2018,2018,2,17
3812,Tanzania,Tanzania Coastal Region,Mtwara,Newala,39.4002,-10.6878,ACTLTZ002667,NOT-1,ACPOTZ015967,NK,3.106666667,2019,3,17,17/03/2019,17/02/2018,2018,2,17
3813,Tanzania,Tanzania Coastal Region,Mtwara,Newala,39.4002,-10.6878,ACTLTZ002667,NOT-1,ACPOTZ015970,half_NPK,8.24,2019,3,17,17/03/2019,17/02/2018,2018,2,17
3814,Tanzania,Tanzania Coastal Region,Mtwara,Newala,39.4002,-10.6878,ACTLTZ002667,NOT-1,ACPOTZ015963,NP,8.433333333,2019,3,17,17/03/2019,17/02/2018,2018,2,17
3815,Tanzania,Tanzania Coastal Region,Mtwara,Newala,39.3245,-10.616,ACTLTZ002673,NOT-1,ACPOTZ015935,CON,19.40666667,2019,3,14,14/03/2019,13/02/2018,2018,2,13
3816,Tanzania,Tanzania Coastal Region,Mtwara,Newala,39.3245,-10.616,ACTLTZ002673,NOT-1,ACPOTZ015940,NP,14.24,2019,3,14,14/03/2019,13/02/2018,2018,2,13
3817,Tanzania,Tanzania Coastal Region,Mtwara,Newala,39.3245,-10.616,ACTLTZ002673,NOT-1,ACPOTZ015938,PK,13.44,2019,3,14,14/03/2019,13/02/2018,2018,2,13
3818,Tanzania,Tanzania Coastal Region,Mtwara,Newala,39.3245,-10.616,ACTLTZ002673,NOT-1,ACPOTZ015936,NPK,20.04,2019,3,14,14/03/2019,13/02/2018,2018,2,13
3819,Tanzania,Tanzania Coastal Region,Mtwara,Newala,39.3245,-10.616,ACTLTZ002673,NOT-1,ACPOTZ015941,NPK_micro,19.65333333,2019,3,14,14/03/2019,13/02/2018,2018,2,13
3820,Tanzania,Tanzania Coastal Region,Mtwara,Newala,39.3245,-10.616,ACTLTZ002673,NOT-1,ACPOTZ015937,NPK,21.66,2019,3,14,14/03/2019,13/02/2018,2018,2,13
3821,Tanzania,Tanzania Coastal Region,Mtwara,Newala,39.3245,-10.616,ACTLTZ002673,NOT-1,ACPOTZ015942,half_NPK,22.35,2019,3,14,14/03/2019,13/02/2018,2018,2,13
3822,Tanzania,Tanzania Coastal Region,Mtwara,Newala,39.3245,-10.616,ACTLTZ002673,NOT-1,ACPOTZ015939,NK,18.34666667,2019,3,14,14/03/2019,13/02/2018,2018,2,13
3823,Tanzania,Tanzania Coastal Region,Mtwara,Newala,39.4308,-10.6568,ACTLTZ002674,NOT-2,ACPOTZ015927,NK,6.62,2019,3,16,16/03/2019,10/02/2018,2018,2,10
3824,Tanzania,Tanzania Coastal Region,Mtwara,Newala,39.4308,-10.6568,ACTLTZ002674,NOT-2,ACPOTZ015926,PK,4.52,2019,3,16,16/03/2019,10/02/2018,2018,2,10
3825,Tanzania,Tanzania Coastal Region,Mtwara,Newala,39.4308,-10.6568,ACTLTZ002674,NOT-2,ACPOTZ015923,CON,11.43666667,2019,3,16,16/03/2019,10/02/2018,2018,2,10
3826,Tanzania,Tanzania Coastal Region,Mtwara,Newala,39.4308,-10.6568,ACTLTZ002674,NOT-2,ACPOTZ015929,NPK_micro,7.426666667,2019,3,16,16/03/2019,10/02/2018,2018,2,10
3827,Tanzania,Tanzania Coastal Region,Mtwara,Newala,39.4308,-10.6568,ACTLTZ002674,NOT-2,ACPOTZ015928,NP,7.223333333,2019,3,16,16/03/2019,10/02/2018,2018,2,10
3828,Tanzania,Tanzania Coastal Region,Mtwara,Newala,39.4308,-10.6568,ACTLTZ002674,NOT-2,ACPOTZ015925,NPK,8.226666667,2019,3,16,16/03/2019,10/02/2018,2018,2,10
3829,Tanzania,Tanzania Coastal Region,Mtwara,Newala,39.4308,-10.6568,ACTLTZ002674,NOT-2,ACPOTZ015924,NPK,8.066666667,2019,3,16,16/03/2019,10/02/2018,2018,2,10
3830,Tanzania,Tanzania Coastal Region,Mtwara,Newala,39.4308,-10.6568,ACTLTZ002674,NOT-2,ACPOTZ015930,half_NPK,5.306666667,2019,3,16,16/03/2019,10/02/2018,2018,2,10
3831,Tanzania,Tanzania Coastal Region,Mtwara,Newala,39.3921,-10.6518,ACTLTZ002675,NOT-2,ACPOTZ015915,NK,8.446666667,2019,3,17,17/03/2019,17/02/2018,2018,2,17
3832,Tanzania,Tanzania Coastal Region,Mtwara,Newala,39.3921,-10.6518,ACTLTZ002675,NOT-2,ACPOTZ015911,CON,9.64,2019,3,17,17/03/2019,17/02/2018,2018,2,17
3833,Tanzania,Tanzania Coastal Region,Mtwara,Newala,39.3921,-10.6518,ACTLTZ002675,NOT-2,ACPOTZ015916,NP,6.926666667,2019,3,17,17/03/2019,17/02/2018,2018,2,17
3834,Tanzania,Tanzania Coastal Region,Mtwara,Newala,39.3921,-10.6518,ACTLTZ002675,NOT-2,ACPOTZ015917,NPK_micro,10.54666667,2019,3,17,17/03/2019,17/02/2018,2018,2,17
3835,Tanzania,Tanzania Coastal Region,Mtwara,Newala,39.3921,-10.6518,ACTLTZ002675,NOT-2,ACPOTZ015914,PK,11.36666667,2019,3,17,17/03/2019,17/02/2018,2018,2,17
3836,Tanzania,Tanzania Coastal Region,Mtwara,Newala,39.3921,-10.6518,ACTLTZ002675,NOT-2,ACPOTZ015918,half_NPK,9.9,2019,3,17,17/03/2019,17/02/2018,2018,2,17
3837,Tanzania,Tanzania Coastal Region,Mtwara,Newala,39.3921,-10.6518,ACTLTZ002675,NOT-2,ACPOTZ015912,NPK,11.62,2019,3,17,17/03/2019,17/02/2018,2018,2,17
3838,Tanzania,Tanzania Coastal Region,Mtwara,Newala,39.3921,-10.6518,ACTLTZ002675,NOT-2,ACPOTZ015913,NPK,9.553333333,2019,3,17,17/03/2019,17/02/2018,2018,2,17
3839,Tanzania,Tanzania Coastal Region,Mtwara,Newala,39.4059,-10.6314,ACTLTZ002681,NOT-2,ACPOTZ019606,NP,9.753333333,2019,3,18,18/03/2019,17/02/2018,2018,2,17
3840,Tanzania,Tanzania Coastal Region,Mtwara,Newala,39.4059,-10.6314,ACTLTZ002681,NOT-2,ACPOTZ019608,half_NPK,10.42666667,2019,3,18,18/03/2019,17/02/2018,2018,2,17
3841,Tanzania,Tanzania Coastal Region,Mtwara,Newala,39.4059,-10.6314,ACTLTZ002681,NOT-2,ACPOTZ019605,NK,13.78,2019,3,18,18/03/2019,17/02/2018,2018,2,17
3842,Tanzania,Tanzania Coastal Region,Mtwara,Newala,39.4059,-10.6314,ACTLTZ002681,NOT-2,ACPOTZ019607,NPK_micro,13.59333333,2019,3,18,18/03/2019,17/02/2018,2018,2,17
3843,Tanzania,Tanzania Coastal Region,Mtwara,Newala,39.4059,-10.6314,ACTLTZ002681,NOT-2,ACPOTZ020093,PK,6.86,2019,3,18,18/03/2019,17/02/2018,2018,2,17
3844,Tanzania,Tanzania Coastal Region,Mtwara,Newala,39.4059,-10.6314,ACTLTZ002681,NOT-2,ACPOTZ019602,NPK,11.07333333,2019,3,18,18/03/2019,17/02/2018,2018,2,17
3845,Tanzania,Tanzania Coastal Region,Mtwara,Newala,39.4059,-10.6314,ACTLTZ002681,NOT-2,ACPOTZ020069,CON,10.36,2019,3,18,18/03/2019,17/02/2018,2018,2,17
3846,Tanzania,Tanzania Coastal Region,Mtwara,Newala,39.4059,-10.6314,ACTLTZ002681,NOT-2,ACPOTZ019603,NPK,12.86,2019,3,18,18/03/2019,17/02/2018,2018,2,17
3847,Tanzania,Tanzania Coastal Region,Mtwara,Newala,39.4059,-10.6314,ACTLTZ002682,NOT-2,ACPOTZ019910,NK,3.193333333,2019,3,19,19/03/2019,19/02/2018,2018,2,19
3848,Tanzania,Tanzania Coastal Region,Mtwara,Newala,39.4059,-10.6314,ACTLTZ002682,NOT-2,ACPOTZ019616,PK,2.42,2019,3,19,19/03/2019,19/02/2018,2018,2,19
3849,Tanzania,Tanzania Coastal Region,Mtwara,Newala,39.4059,-10.6314,ACTLTZ002682,NOT-2,ACPOTZ019618,NP,3.513333333,2019,3,19,19/03/2019,19/02/2018,2018,2,19
3850,Tanzania,Tanzania Coastal Region,Mtwara,Newala,39.4059,-10.6314,ACTLTZ002682,NOT-2,ACPOTZ019620,half_NPK,2.62,2019,3,19,19/03/2019,19/02/2018,2018,2,19
3851,Tanzania,Tanzania Coastal Region,Mtwara,Newala,39.4059,-10.6314,ACTLTZ002682,NOT-2,ACPOTZ019619,NPK_micro,2.353333333,2019,3,19,19/03/2019,19/02/2018,2018,2,19
3852,Tanzania,Tanzania Coastal Region,Mtwara,Newala,39.4059,-10.6314,ACTLTZ002682,NOT-2,ACPOTZ019613,CON,0.94,2019,3,19,19/03/2019,19/02/2018,2018,2,19
3853,Tanzania,Tanzania Coastal Region,Mtwara,Newala,39.4059,-10.6314,ACTLTZ002682,NOT-2,ACPOTZ019614,NPK,3.823333333,2019,3,19,19/03/2019,19/02/2018,2018,2,19
3854,Tanzania,Tanzania Coastal Region,Mtwara,Newala,39.4059,-10.6314,ACTLTZ002682,NOT-2,ACPOTZ019615,NPK,4.88,2019,3,19,19/03/2019,19/02/2018,2018,2,19
3855,Tanzania,Tanzania Coastal Region,Mtwara,Newala,39.4059,-10.6314,ACTLTZ002683,NOT-2,ACPOTZ019629,NK,6.413333333,2019,3,19,19/03/2019,19/02/2018,2018,2,19
3856,Tanzania,Tanzania Coastal Region,Mtwara,Newala,39.4059,-10.6314,ACTLTZ002683,NOT-2,ACPOTZ019628,PK,4.73,2019,3,19,19/03/2019,19/02/2018,2018,2,19
3857,Tanzania,Tanzania Coastal Region,Mtwara,Newala,39.4059,-10.6314,ACTLTZ002683,NOT-2,ACPOTZ019626,NPK,2.786666667,2019,3,19,19/03/2019,19/02/2018,2018,2,19
3858,Tanzania,Tanzania Coastal Region,Mtwara,Newala,39.4059,-10.6314,ACTLTZ002683,NOT-2,ACPOTZ019632,half_NPK,2.333333333,2019,3,19,19/03/2019,19/02/2018,2018,2,19
3859,Tanzania,Tanzania Coastal Region,Mtwara,Newala,39.4059,-10.6314,ACTLTZ002683,NOT-2,ACPOTZ019627,NPK,3.506666667,2019,3,19,19/03/2019,19/02/2018,2018,2,19
3860,Tanzania,Tanzania Coastal Region,Mtwara,Newala,39.4059,-10.6314,ACTLTZ002683,NOT-2,ACPOTZ019631,NPK_micro,2.9,2019,3,19,19/03/2019,19/02/2018,2018,2,19
3861,Tanzania,Tanzania Coastal Region,Mtwara,Newala,39.4059,-10.6314,ACTLTZ002683,NOT-2,ACPOTZ019630,NP,7.233333333,2019,3,19,19/03/2019,19/02/2018,2018,2,19
3862,Tanzania,Tanzania Coastal Region,Mtwara,Newala,39.4059,-10.6314,ACTLTZ002684,NOT-2,ACPOTZ019641,NK,1.62,2019,3,20,20/03/2019,19/02/2018,2018,2,19
3863,Tanzania,Tanzania Coastal Region,Mtwara,Newala,39.4059,-10.6314,ACTLTZ002684,NOT-2,ACPOTZ019642,NP,7.946666667,2019,3,20,20/03/2019,19/02/2018,2018,2,19
3864,Tanzania,Tanzania Coastal Region,Mtwara,Newala,39.4059,-10.6314,ACTLTZ002684,NOT-2,ACPOTZ019644,half_NPK,3.833333333,2019,3,20,20/03/2019,19/02/2018,2018,2,19
3865,Tanzania,Tanzania Coastal Region,Mtwara,Newala,39.4059,-10.6314,ACTLTZ002684,NOT-2,ACPOTZ019640,PK,4.593333333,2019,3,20,20/03/2019,19/02/2018,2018,2,19
3866,Tanzania,Tanzania Coastal Region,Mtwara,Newala,39.4059,-10.6314,ACTLTZ002684,NOT-2,ACPOTZ019637,CON,5.733333333,2019,3,20,20/03/2019,19/02/2018,2018,2,19
3867,Tanzania,Tanzania Coastal Region,Mtwara,Newala,39.4059,-10.6314,ACTLTZ002684,NOT-2,ACPOTZ019639,NPK,4.156666667,2019,3,20,20/03/2019,19/02/2018,2018,2,19
3868,Tanzania,Tanzania Coastal Region,Mtwara,Newala,39.4059,-10.6314,ACTLTZ002684,NOT-2,ACPOTZ019643,NPK_micro,4.566666667,2019,3,20,20/03/2019,19/02/2018,2018,2,19
3869,Tanzania,Tanzania Coastal Region,Mtwara,Newala,39.4059,-10.6314,ACTLTZ002684,NOT-2,ACPOTZ019638,NPK,3.453333333,2019,3,20,20/03/2019,19/02/2018,2018,2,19
3870,Tanzania,Tanzania Coastal Region,Mtwara,Newala,39.3917,-10.6292,ACTLTZ002685,NOT-2,ACPOTZ019656,half_NPK,4.753333333,2019,3,14,14/03/2019,13/02/2018,2018,2,13
3871,Tanzania,Tanzania Coastal Region,Mtwara,Newala,39.3917,-10.6292,ACTLTZ002685,NOT-2,ACPOTZ019651,NPK,5.926666667,2019,3,14,14/03/2019,13/02/2018,2018,2,13
3872,Tanzania,Tanzania Coastal Region,Mtwara,Newala,39.3917,-10.6292,ACTLTZ002685,NOT-2,ACPOTZ019653,NK,2.2,2019,3,14,14/03/2019,13/02/2018,2018,2,13
3873,Tanzania,Tanzania Coastal Region,Mtwara,Newala,39.3917,-10.6292,ACTLTZ002685,NOT-2,ACPOTZ019655,NPK_micro,1.566666667,2019,3,14,14/03/2019,13/02/2018,2018,2,13
3874,Tanzania,Tanzania Coastal Region,Mtwara,Newala,39.3917,-10.6292,ACTLTZ002685,NOT-2,ACPOTZ019654,NP,4.093333333,2019,3,14,14/03/2019,13/02/2018,2018,2,13
3875,Tanzania,Tanzania Coastal Region,Mtwara,Newala,39.3917,-10.6292,ACTLTZ002685,NOT-2,ACPOTZ019652,PK,4.866666667,2019,3,14,14/03/2019,13/02/2018,2018,2,13
3876,Tanzania,Tanzania Coastal Region,Mtwara,Mtwara,39.7729,-10.5955,ACTLTZ002688,NOT-1,ACPOTZ020060,NP,8.21,2019,3,24,24/03/2019,24/03/2018,2018,3,24
3877,Tanzania,Tanzania Coastal Region,Mtwara,Mtwara,39.7729,-10.5955,ACTLTZ002688,NOT-1,ACPOTZ019918,CON,10.74666667,2019,3,24,24/03/2019,24/03/2018,2018,3,24
3878,Tanzania,Tanzania Coastal Region,Mtwara,Mtwara,39.7729,-10.5955,ACTLTZ002688,NOT-1,ACPOTZ020058,PK,4.426666667,2019,3,24,24/03/2019,24/03/2018,2018,3,24
3879,Tanzania,Tanzania Coastal Region,Mtwara,Mtwara,39.7729,-10.5955,ACTLTZ002688,NOT-1,ACPOTZ020061,NPK_micro,15.04,2019,3,24,24/03/2019,24/03/2018,2018,3,24
3880,Tanzania,Tanzania Coastal Region,Mtwara,Mtwara,39.7729,-10.5955,ACTLTZ002688,NOT-1,ACPOTZ020057,NPK,12.22,2019,3,24,24/03/2019,24/03/2018,2018,3,24
3881,Tanzania,Tanzania Coastal Region,Mtwara,Mtwara,39.7729,-10.5955,ACTLTZ002688,NOT-1,ACPOTZ020059,NK,11.72,2019,3,24,24/03/2019,24/03/2018,2018,3,24
3882,Tanzania,Tanzania Coastal Region,Mtwara,Mtwara,39.7729,-10.5955,ACTLTZ002688,NOT-1,ACPOTZ019919,half_NPK,12.38666667,2019,3,24,24/03/2019,24/03/2018,2018,3,24
3883,Tanzania,Tanzania Coastal Region,Mtwara,Mtwara,39.7729,-10.5955,ACTLTZ002688,NOT-1,ACPOTZ020056,NPK,10.23333333,2019,3,24,24/03/2019,24/03/2018,2018,3,24
3884,Tanzania,Tanzania Coastal Region,Mtwara,Mtwara,39.7883,-10.6008,ACTLTZ002689,NOT-2,ACPOTZ020034,NPK_micro,6.246666667,2019,3,23,23/03/2019,13/03/2018,2018,3,13
3885,Tanzania,Tanzania Coastal Region,Mtwara,Mtwara,39.7883,-10.6008,ACTLTZ002689,NOT-2,ACPOTZ020029,NPK,9.36,2019,3,23,23/03/2019,13/03/2018,2018,3,13
3886,Tanzania,Tanzania Coastal Region,Mtwara,Mtwara,39.7883,-10.6008,ACTLTZ002689,NOT-2,ACPOTZ020031,PK,1.313333333,2019,3,23,23/03/2019,13/03/2018,2018,3,13
3887,Tanzania,Tanzania Coastal Region,Mtwara,Mtwara,39.7883,-10.6008,ACTLTZ002689,NOT-2,ACPOTZ019916,NP,1.78,2019,3,23,23/03/2019,13/03/2018,2018,3,13
3888,Tanzania,Tanzania Coastal Region,Mtwara,Mtwara,39.7883,-10.6008,ACTLTZ002689,NOT-2,ACPOTZ020030,NPK,4.283333333,2019,3,23,23/03/2019,13/03/2018,2018,3,13
3889,Tanzania,Tanzania Coastal Region,Mtwara,Mtwara,39.7883,-10.6008,ACTLTZ002689,NOT-2,ACPOTZ020028,CON,4.906666667,2019,3,23,23/03/2019,13/03/2018,2018,3,13
3890,Tanzania,Tanzania Coastal Region,Mtwara,Mtwara,39.7883,-10.6008,ACTLTZ002689,NOT-2,ACPOTZ020035,half_NPK,6.96,2019,3,23,23/03/2019,13/03/2018,2018,3,13
3891,Tanzania,Tanzania Coastal Region,Mtwara,Mtwara,39.7883,-10.6008,ACTLTZ002690,NOT-2,ACPOTZ019917,CON,6.713333333,2019,3,23,23/03/2019,13/03/2018,2018,3,13
3892,Tanzania,Tanzania Coastal Region,Mtwara,Mtwara,39.7883,-10.6008,ACTLTZ002690,NOT-2,ACPOTZ020046,NPK_micro,0.953333333,2019,3,23,23/03/2019,13/03/2018,2018,3,13
3893,Tanzania,Tanzania Coastal Region,Mtwara,Mtwara,39.7883,-10.6008,ACTLTZ002690,NOT-2,ACPOTZ020045,NP,0.906666667,2019,3,23,23/03/2019,13/03/2018,2018,3,13
3894,Tanzania,Tanzania Coastal Region,Mtwara,Mtwara,39.7883,-10.6008,ACTLTZ002690,NOT-2,ACPOTZ020043,PK,4.4,2019,3,23,23/03/2019,13/03/2018,2018,3,13
3895,Tanzania,Tanzania Coastal Region,Mtwara,Mtwara,39.7883,-10.6008,ACTLTZ002690,NOT-2,ACPOTZ020044,NK,6.053333333,2019,3,23,23/03/2019,13/03/2018,2018,3,13
3896,Tanzania,Tanzania Coastal Region,Mtwara,Mtwara,39.7883,-10.6008,ACTLTZ002690,NOT-2,ACPOTZ020047,half_NPK,4.1,2019,3,23,23/03/2019,13/03/2018,2018,3,13
3897,Tanzania,Tanzania Coastal Region,Mtwara,Mtwara,39.7883,-10.6008,ACTLTZ002690,NOT-2,ACPOTZ020042,NPK,1.3,2019,3,23,23/03/2019,13/03/2018,2018,3,13
3898,Tanzania,Tanzania Coastal Region,Mtwara,Mtwara,39.7883,-10.6008,ACTLTZ002690,NOT-2,ACPOTZ020041,NPK,1.513333333,2019,3,23,23/03/2019,13/03/2018,2018,3,13
3899,Tanzania,Tanzania Coastal Region,Mtwara,Mtwara,39.8201,-10.5927,ACTLTZ002692,NOT-2,ACPOTZ019907,NPK,4.546666667,2019,2,10,10/02/2019,10/02/2018,2018,2,10
3900,Tanzania,Tanzania Coastal Region,Mtwara,Mtwara,39.8201,-10.5927,ACTLTZ002692,NOT-2,ACPOTZ020004,PK,4.473333333,2019,2,10,10/02/2019,10/02/2018,2018,2,10
3901,Tanzania,Tanzania Coastal Region,Mtwara,Mtwara,39.8201,-10.5927,ACTLTZ002692,NOT-2,ACPOTZ020006,NP,4.3,2019,2,10,10/02/2019,10/02/2018,2018,2,10
3902,Tanzania,Tanzania Coastal Region,Mtwara,Mtwara,39.8201,-10.5927,ACTLTZ002692,NOT-2,ACPOTZ020002,NPK,2.606666667,2019,2,10,10/02/2019,10/02/2018,2018,2,10
3903,Tanzania,Tanzania Coastal Region,Mtwara,Mtwara,39.8201,-10.5927,ACTLTZ002692,NOT-2,ACPOTZ020008,half_NPK,5.766666667,2019,2,10,10/02/2019,10/02/2018,2018,2,10
3904,Tanzania,Tanzania Coastal Region,Mtwara,Mtwara,39.8201,-10.5927,ACTLTZ002692,NOT-2,ACPOTZ020005,NK,4.753333333,2019,2,10,10/02/2019,10/02/2018,2018,2,10
3905,Tanzania,Tanzania Coastal Region,Mtwara,Mtwara,39.8201,-10.5927,ACTLTZ002692,NOT-2,ACPOTZ020007,NPK_micro,7.013333333,2019,2,10,10/02/2019,10/02/2018,2018,2,10
3906,Tanzania,Tanzania Coastal Region,Mtwara,Mtwara,39.8201,-10.5927,ACTLTZ002692,NOT-2,ACPOTZ020001,CON,3.466666667,2019,2,10,10/02/2019,10/02/2018,2018,2,10
3907,Tanzania,Tanzania Coastal Region,Mtwara,Mtwara,39.8201,-10.5927,ACTLTZ002693,NOT-2,ACPOTZ019923,half_NPK,5.813333333,2019,3,25,25/03/2019,19/02/2018,2018,2,19
3908,Tanzania,Tanzania Coastal Region,Mtwara,Mtwara,39.8201,-10.5927,ACTLTZ002693,NOT-2,ACPOTZ020013,CON,8.36,2019,3,25,25/03/2019,19/02/2018,2018,2,19
3909,Tanzania,Tanzania Coastal Region,Mtwara,Mtwara,39.8201,-10.5927,ACTLTZ002693,NOT-2,ACPOTZ019921,NK,9.873333333,2019,3,25,25/03/2019,19/02/2018,2018,2,19
3910,Tanzania,Tanzania Coastal Region,Mtwara,Mtwara,39.8201,-10.5927,ACTLTZ002693,NOT-2,ACPOTZ020015,NPK,1.713333333,2019,3,25,25/03/2019,19/02/2018,2018,2,19
3911,Tanzania,Tanzania Coastal Region,Mtwara,Mtwara,39.8201,-10.5927,ACTLTZ002693,NOT-2,ACPOTZ020016,PK,3.326666667,2019,3,25,25/03/2019,19/02/2018,2018,2,19
3912,Tanzania,Tanzania Coastal Region,Mtwara,Mtwara,39.8201,-10.5927,ACTLTZ002693,NOT-2,ACPOTZ020014,NPK,9.826666667,2019,3,25,25/03/2019,19/02/2018,2018,2,19
3913,Tanzania,Tanzania Coastal Region,Mtwara,Mtwara,39.8201,-10.5927,ACTLTZ002693,NOT-2,ACPOTZ020018,NP,2.273333333,2019,3,25,25/03/2019,19/02/2018,2018,2,19
3914,Tanzania,Tanzania Coastal Region,Lindi,Lindi,39.3572,-10.3257,ACTLTZ002694,NOT-3,ACPOTZ016201,NK,3,2019,4,1,01/04/2019,24/02/2018,2018,2,24
3915,Tanzania,Tanzania Coastal Region,Lindi,Lindi,39.3572,-10.3257,ACTLTZ002694,NOT-3,ACPOTZ016204,half_NPK,5.813333333,2019,4,1,01/04/2019,24/02/2018,2018,2,24
3916,Tanzania,Tanzania Coastal Region,Lindi,Lindi,39.3572,-10.3257,ACTLTZ002694,NOT-3,ACPOTZ016203,NPK_micro,20.07333333,2019,4,1,01/04/2019,24/02/2018,2018,2,24
3917,Tanzania,Tanzania Coastal Region,Lindi,Lindi,39.3572,-10.3257,ACTLTZ002694,NOT-3,ACPOTZ016202,NP,9.746666667,2019,4,1,01/04/2019,24/02/2018,2018,2,24
3918,Tanzania,Tanzania Coastal Region,Lindi,Lindi,39.3572,-10.3257,ACTLTZ002694,NOT-3,ACPOTZ016197,CON,11.1,2019,4,1,01/04/2019,24/02/2018,2018,2,24
3919,Tanzania,Tanzania Coastal Region,Lindi,Lindi,39.3572,-10.3257,ACTLTZ002694,NOT-3,ACPOTZ016198,NPK,21.25333333,2019,4,1,01/04/2019,24/02/2018,2018,2,24
3920,Tanzania,Tanzania Coastal Region,Lindi,Lindi,39.3572,-10.3257,ACTLTZ002694,NOT-3,ACPOTZ016200,PK,12.84,2019,4,1,01/04/2019,24/02/2018,2018,2,24
3921,Tanzania,Tanzania Coastal Region,Lindi,Lindi,39.3572,-10.3257,ACTLTZ002694,NOT-3,ACPOTZ016199,NPK,13.41333333,2019,4,1,01/04/2019,24/02/2018,2018,2,24
3922,Tanzania,Tanzania Coastal Region,Lindi,Lindi,39.3572,-10.3257,ACTLTZ002695,NOT-3,ACPOTZ016214,NP,20.11,2019,4,1,01/04/2019,24/02/2018,2018,2,24
3923,Tanzania,Tanzania Coastal Region,Lindi,Lindi,39.3572,-10.3257,ACTLTZ002695,NOT-3,ACPOTZ016216,half_NPK,12.16666667,2019,4,1,01/04/2019,24/02/2018,2018,2,24
3924,Tanzania,Tanzania Coastal Region,Lindi,Lindi,39.3572,-10.3257,ACTLTZ002695,NOT-3,ACPOTZ016212,PK,18.16,2019,4,1,01/04/2019,24/02/2018,2018,2,24
3925,Tanzania,Tanzania Coastal Region,Lindi,Lindi,39.3573,-10.3255,ACTLTZ002695,NOT-2,ACPOTZ019934,NK,17.94666667,2019,4,1,01/04/2019,24/02/2018,2018,2,24
3926,Tanzania,Tanzania Coastal Region,Lindi,Lindi,39.3572,-10.3257,ACTLTZ002695,NOT-3,ACPOTZ016211,NPK,17.78,2019,4,1,01/04/2019,24/02/2018,2018,2,24
3927,Tanzania,Tanzania Coastal Region,Lindi,Lindi,39.3572,-10.3257,ACTLTZ002695,NOT-3,ACPOTZ016209,CON,0.966666667,2019,4,1,01/04/2019,24/02/2018,2018,2,24
3928,Tanzania,Tanzania Coastal Region,Lindi,Lindi,39.3572,-10.3257,ACTLTZ002695,NOT-3,ACPOTZ016210,NPK,14.96,2019,4,1,01/04/2019,24/02/2018,2018,2,24
3929,Tanzania,Tanzania Coastal Region,Lindi,Lindi,39.3572,-10.3257,ACTLTZ002695,NOT-3,ACPOTZ016215,NPK_micro,4.553333333,2019,4,1,01/04/2019,24/02/2018,2018,2,24
3930,Tanzania,Tanzania Coastal Region,Lindi,Lindi,39.3572,-10.3257,ACTLTZ002696,NOT-3,ACPOTZ016221,CON,12.13333333,2019,3,31,31/03/2019,03/03/2018,2018,3,3
3931,Tanzania,Tanzania Coastal Region,Lindi,Lindi,39.3572,-10.3257,ACTLTZ002696,NOT-3,ACPOTZ016226,NP,6.1,2019,3,31,31/03/2019,03/03/2018,2018,3,3
3932,Tanzania,Tanzania Coastal Region,Lindi,Lindi,39.3572,-10.3257,ACTLTZ002696,NOT-3,ACPOTZ016222,NPK,0.346666667,2019,3,31,31/03/2019,03/03/2018,2018,3,3
3933,Tanzania,Tanzania Coastal Region,Lindi,Lindi,39.3572,-10.3257,ACTLTZ002696,NOT-3,ACPOTZ016223,NPK,5.64,2019,3,31,31/03/2019,03/03/2018,2018,3,3
3934,Tanzania,Tanzania Coastal Region,Lindi,Lindi,39.3572,-10.3257,ACTLTZ002696,NOT-3,ACPOTZ016228,half_NPK,14.41333333,2019,3,31,31/03/2019,03/03/2018,2018,3,3
3935,Tanzania,Tanzania Coastal Region,Lindi,Lindi,39.3572,-10.3257,ACTLTZ002696,NOT-3,ACPOTZ016224,PK,9.68,2019,3,31,31/03/2019,03/03/2018,2018,3,3
3936,Tanzania,Tanzania Coastal Region,Lindi,Lindi,39.3572,-10.3257,ACTLTZ002696,NOT-3,ACPOTZ016227,NPK_micro,2.48,2019,3,31,31/03/2019,03/03/2018,2018,3,3
3937,Tanzania,Tanzania Coastal Region,Lindi,Lindi,39.3572,-10.3257,ACTLTZ002697,NOT-3,ACPOTZ016240,half_NPK,13.75333333,2019,3,30,30/03/2019,03/03/2018,2018,3,3
3938,Tanzania,Tanzania Coastal Region,Lindi,Lindi,39.3572,-10.3257,ACTLTZ002697,NOT-3,ACPOTZ016237,NK,28.92,2019,3,30,30/03/2019,03/03/2018,2018,3,3
3939,Tanzania,Tanzania Coastal Region,Lindi,Lindi,39.3572,-10.3257,ACTLTZ002697,NOT-3,ACPOTZ016233,CON,2.88,2019,3,30,30/03/2019,03/03/2018,2018,3,3
3940,Tanzania,Tanzania Coastal Region,Lindi,Lindi,39.3572,-10.3257,ACTLTZ002697,NOT-3,ACPOTZ016239,NPK_micro,18.79333333,2019,3,30,30/03/2019,03/03/2018,2018,3,3
3941,Tanzania,Tanzania Coastal Region,Lindi,Lindi,39.3572,-10.3257,ACTLTZ002697,NOT-3,ACPOTZ016236,PK,21.72,2019,3,30,30/03/2019,03/03/2018,2018,3,3
3942,Tanzania,Tanzania Coastal Region,Lindi,Lindi,39.3572,-10.3257,ACTLTZ002697,NOT-3,ACPOTZ016238,NP,24.45333333,2019,3,30,30/03/2019,03/03/2018,2018,3,3
3943,Tanzania,Tanzania Coastal Region,Lindi,Lindi,39.3572,-10.3257,ACTLTZ002697,NOT-3,ACPOTZ016235,NPK,14.83,2019,3,30,30/03/2019,03/03/2018,2018,3,3
3944,Tanzania,Tanzania Coastal Region,Lindi,Lindi,39.3571,-10.3262,ACTLTZ002698,NOT-1,ACPOTZ016257,NK,14.65333333,2019,3,31,31/03/2019,24/02/2018,2018,2,24
3945,Tanzania,Tanzania Coastal Region,Lindi,Lindi,39.3571,-10.3262,ACTLTZ002698,NOT-1,ACPOTZ016253,CON,31.64666667,2019,3,31,31/03/2019,24/02/2018,2018,2,24
3946,Tanzania,Tanzania Coastal Region,Lindi,Lindi,39.3571,-10.3262,ACTLTZ002698,NOT-1,ACPOTZ016254,NPK,33.52666667,2019,3,31,31/03/2019,24/02/2018,2018,2,24
3947,Tanzania,Tanzania Coastal Region,Lindi,Lindi,39.3571,-10.3262,ACTLTZ002698,NOT-1,ACPOTZ016255,NPK,25.08666667,2019,3,31,31/03/2019,24/02/2018,2018,2,24
3948,Tanzania,Tanzania Coastal Region,Lindi,Lindi,39.3571,-10.3262,ACTLTZ002698,NOT-1,ACPOTZ016256,PK,29.81333333,2019,3,31,31/03/2019,24/02/2018,2018,2,24
3949,Tanzania,Tanzania Coastal Region,Lindi,Lindi,39.3571,-10.3262,ACTLTZ002698,NOT-1,ACPOTZ016260,half_NPK,28.08,2019,3,31,31/03/2019,24/02/2018,2018,2,24
3950,Tanzania,Tanzania Coastal Region,Lindi,Lindi,39.3571,-10.3262,ACTLTZ002698,NOT-1,ACPOTZ016258,NP,26.67333333,2019,3,31,31/03/2019,24/02/2018,2018,2,24
3951,Tanzania,Tanzania Coastal Region,Lindi,Lindi,39.357,-10.3262,ACTLTZ002699,NOT-1,ACPOTZ016252,half_NPK,14.62666667,2019,3,29,29/03/2019,24/01/2018,2018,1,24
3952,Tanzania,Tanzania Coastal Region,Lindi,Lindi,39.357,-10.3262,ACTLTZ002699,NOT-1,ACPOTZ016250,NP,27.46,2019,3,29,29/03/2019,24/01/2018,2018,1,24
3953,Tanzania,Tanzania Coastal Region,Lindi,Lindi,39.357,-10.3262,ACTLTZ002699,NOT-1,ACPOTZ016249,NK,22.06666667,2019,3,29,29/03/2019,24/01/2018,2018,1,24
3954,Tanzania,Tanzania Coastal Region,Lindi,Lindi,39.357,-10.3262,ACTLTZ002699,NOT-1,ACPOTZ016245,CON,32.31333333,2019,3,29,29/03/2019,24/01/2018,2018,1,24
3955,Tanzania,Tanzania Coastal Region,Lindi,Lindi,39.357,-10.3262,ACTLTZ002699,NOT-1,ACPOTZ016247,NPK,28.05666667,2019,3,29,29/03/2019,24/01/2018,2018,1,24
3956,Tanzania,Tanzania Coastal Region,Lindi,Lindi,39.357,-10.3262,ACTLTZ002699,NOT-1,ACPOTZ016248,PK,30.41333333,2019,3,29,29/03/2019,24/01/2018,2018,1,24
3957,Tanzania,Tanzania Coastal Region,Lindi,Lindi,39.357,-10.3262,ACTLTZ002699,NOT-1,ACPOTZ016246,NPK,22.56666667,2019,3,29,29/03/2019,24/01/2018,2018,1,24
3958,Tanzania,Tanzania Coastal Region,Lindi,Lindi,39.3668,-10.2907,ACTLTZ002702,NOT-2,ACPOTZ016268,NPK,6.68,2019,4,4,04/04/2019,15/01/2018,2018,1,15
3959,Tanzania,Tanzania Coastal Region,Lindi,Lindi,39.3668,-10.2907,ACTLTZ002702,NOT-2,ACPOTZ016271,NK,8.16,2019,4,4,04/04/2019,15/01/2018,2018,1,15
3960,Tanzania,Tanzania Coastal Region,Lindi,Lindi,39.3668,-10.2907,ACTLTZ002702,NOT-2,ACPOTZ016270,PK,9.146666667,2019,4,4,04/04/2019,15/01/2018,2018,1,15
3961,Tanzania,Tanzania Coastal Region,Lindi,Lindi,39.3668,-10.2907,ACTLTZ002702,NOT-2,ACPOTZ016269,NPK,8.64,2019,4,4,04/04/2019,15/01/2018,2018,1,15
3962,Tanzania,Tanzania Coastal Region,Lindi,Lindi,39.3668,-10.2907,ACTLTZ002702,NOT-2,ACPOTZ016274,half_NPK,12.78,2019,4,4,04/04/2019,15/01/2018,2018,1,15
3963,Tanzania,Tanzania Coastal Region,Lindi,Lindi,39.3668,-10.2907,ACTLTZ002702,NOT-2,ACPOTZ016272,NP,11.64666667,2019,4,4,04/04/2019,15/01/2018,2018,1,15
3964,Tanzania,Tanzania Coastal Region,Lindi,Lindi,39.3668,-10.2907,ACTLTZ002702,NOT-2,ACPOTZ016267,CON,9.393333333,2019,4,4,04/04/2019,15/01/2018,2018,1,15
3965,Tanzania,Tanzania Coastal Region,Lindi,Nachingwea,38.813,-10.3192,ACTLTZ002720,NOT-2,ACPOTZ016338,PK,1.406666667,2019,1,31,31/01/2019,04/03/2018,2018,3,4
3966,Tanzania,Tanzania Coastal Region,Lindi,Nachingwea,38.813,-10.3192,ACTLTZ002720,NOT-2,ACPOTZ016335,CON,2.933333333,2019,1,31,31/01/2019,04/03/2018,2018,3,4
3967,Tanzania,Tanzania Coastal Region,Lindi,Nachingwea,38.813,-10.3192,ACTLTZ002720,NOT-2,ACPOTZ016341,NPK_micro,8.1,2019,1,31,31/01/2019,04/03/2018,2018,3,4
3968,Tanzania,Tanzania Coastal Region,Lindi,Nachingwea,38.813,-10.3192,ACTLTZ002720,NOT-3,ACPOTZ019737,half_NPK,3.54,2019,1,31,31/01/2019,04/03/2018,2018,3,4
3969,Tanzania,Tanzania Coastal Region,Lindi,Nachingwea,38.813,-10.3192,ACTLTZ002720,NOT-2,ACPOTZ016340,NP,6.893333333,2019,1,31,31/01/2019,04/03/2018,2018,3,4
3970,Tanzania,Tanzania Coastal Region,Lindi,Nachingwea,38.813,-10.3192,ACTLTZ002720,NOT-2,ACPOTZ016337,NPK,6.426666667,2019,1,31,31/01/2019,04/03/2018,2018,3,4
3971,Tanzania,Tanzania Coastal Region,Lindi,Nachingwea,38.813,-10.3192,ACTLTZ002720,NOT-2,ACPOTZ016339,NK,6.836666667,2019,1,31,31/01/2019,04/03/2018,2018,3,4
3972,Tanzania,Tanzania Coastal Region,Lindi,Nachingwea,38.813,-10.3192,ACTLTZ002720,NOT-2,ACPOTZ016336,NPK,3.766666667,2019,1,31,31/01/2019,04/03/2018,2018,3,4
3973,Tanzania,Tanzania Coastal Region,Lindi,Nachingwea,38.8129,-10.3195,ACTLTZ002722,NOT-1,ACPOTZ016354,NK,7.51,2019,1,31,31/01/2019,08/03/2018,2018,3,8
3974,Tanzania,Tanzania Coastal Region,Lindi,Nachingwea,38.8129,-10.3195,ACTLTZ002722,NOT-1,ACPOTZ016350,CON,2.12,2019,1,31,31/01/2019,08/03/2018,2018,3,8
3975,Tanzania,Tanzania Coastal Region,Lindi,Nachingwea,38.8129,-10.3195,ACTLTZ002722,NOT-1,ACPOTZ016352,NPK,4.28,2019,1,31,31/01/2019,08/03/2018,2018,3,8
3976,Tanzania,Tanzania Coastal Region,Lindi,Nachingwea,38.8129,-10.3195,ACTLTZ002722,NOT-1,ACPOTZ016357,half_NPK,1.253333333,2019,1,31,31/01/2019,08/03/2018,2018,3,8
3977,Tanzania,Tanzania Coastal Region,Lindi,Nachingwea,38.8129,-10.3195,ACTLTZ002722,NOT-1,ACPOTZ016351,NPK,5.226666667,2019,1,31,31/01/2019,08/03/2018,2018,3,8
3978,Tanzania,Tanzania Coastal Region,Lindi,Nachingwea,38.8129,-10.3195,ACTLTZ002722,NOT-1,ACPOTZ016353,PK,2.713333333,2019,1,31,31/01/2019,08/03/2018,2018,3,8
3979,Tanzania,Tanzania Coastal Region,Lindi,Nachingwea,38.8129,-10.3195,ACTLTZ002722,NOT-1,ACPOTZ016355,NP,9.006666667,2019,1,31,31/01/2019,08/03/2018,2018,3,8
3980,Tanzania,Tanzania Coastal Region,Lindi,Nachingwea,38.7915,-10.3264,ACTLTZ002727,NOT-2,ACPOTZ016379,CON,2.42,2019,1,28,28/01/2019,09/03/2018,2018,3,9
3981,Tanzania,Tanzania Coastal Region,Lindi,Nachingwea,38.7915,-10.3264,ACTLTZ002727,NOT-2,ACPOTZ016384,NP,0.893333333,2019,1,28,28/01/2019,09/03/2018,2018,3,9
3982,Tanzania,Tanzania Coastal Region,Lindi,Nachingwea,38.7915,-10.3264,ACTLTZ002727,NOT-2,ACPOTZ016383,NK,2.333333333,2019,1,28,28/01/2019,09/03/2018,2018,3,9
3983,Tanzania,Tanzania Coastal Region,Lindi,Nachingwea,38.7915,-10.3264,ACTLTZ002727,NOT-2,ACPOTZ016385,NPK_micro,0.87,2019,1,28,28/01/2019,09/03/2018,2018,3,9
3984,Tanzania,Tanzania Coastal Region,Lindi,Nachingwea,38.7915,-10.3264,ACTLTZ002727,NOT-2,ACPOTZ016380,NPK,2.426666667,2019,1,28,28/01/2019,09/03/2018,2018,3,9
3985,Tanzania,Tanzania Coastal Region,Lindi,Nachingwea,38.7915,-10.3264,ACTLTZ002727,NOT-2,ACPOTZ016382,PK,5.02,2019,1,28,28/01/2019,09/03/2018,2018,3,9
3986,Tanzania,Tanzania Coastal Region,Lindi,Nachingwea,38.7915,-10.3264,ACTLTZ002727,NOT-2,ACPOTZ016381,NPK,1.086666667,2019,1,28,28/01/2019,09/03/2018,2018,3,9
3987,Tanzania,Tanzania Coastal Region,Lindi,Nachingwea,38.7915,-10.3264,ACTLTZ002727,NOT-2,ACPOTZ016386,half_NPK,0.356666667,2019,1,28,28/01/2019,09/03/2018,2018,3,9
3988,Tanzania,Tanzania Coastal Region,Lindi,Nachingwea,38.7915,-10.3264,ACTLTZ002728,NOT-2,ACPOTZ016397,NPK_micro,3.2,2019,1,28,28/01/2019,09/03/2018,2018,3,9
3989,Tanzania,Tanzania Coastal Region,Lindi,Nachingwea,38.7915,-10.3264,ACTLTZ002728,NOT-2,ACPOTZ016398,half_NPK,1.98,2019,1,28,28/01/2019,09/03/2018,2018,3,9
3990,Tanzania,Tanzania Coastal Region,Lindi,Nachingwea,38.7915,-10.3264,ACTLTZ002728,NOT-2,ACPOTZ016391,CON,2.24,2019,1,28,28/01/2019,09/03/2018,2018,3,9
3991,Tanzania,Tanzania Coastal Region,Lindi,Nachingwea,38.7915,-10.3264,ACTLTZ002728,NOT-2,ACPOTZ016393,NPK,0.173333333,2019,1,28,28/01/2019,09/03/2018,2018,3,9
3992,Tanzania,Tanzania Coastal Region,Lindi,Nachingwea,38.7915,-10.3264,ACTLTZ002728,NOT-2,ACPOTZ016396,NP,4.14,2019,1,28,28/01/2019,09/03/2018,2018,3,9
3993,Tanzania,Tanzania Coastal Region,Lindi,Nachingwea,38.7915,-10.3264,ACTLTZ002728,NOT-2,ACPOTZ016392,NPK,3.446666667,2019,1,28,28/01/2019,09/03/2018,2018,3,9
3994,Tanzania,Tanzania Coastal Region,Lindi,Nachingwea,38.7915,-10.3264,ACTLTZ002728,NOT-2,ACPOTZ016395,NK,0.74,2019,1,28,28/01/2019,09/03/2018,2018,3,9
3995,Tanzania,Tanzania Coastal Region,Lindi,Nachingwea,38.7915,-10.3264,ACTLTZ002728,NOT-2,ACPOTZ016394,PK,0.633333333,2019,1,28,28/01/2019,09/03/2018,2018,3,9
3996,Tanzania,Tanzania Coastal Region,Lindi,Nachingwea,38.7915,-10.3264,ACTLTZ002729,NOT-2,ACPOTZ016404,NPK,0.98,2019,1,29,29/01/2019,09/03/2018,2018,3,9
3997,Tanzania,Tanzania Coastal Region,Lindi,Nachingwea,38.7915,-10.3264,ACTLTZ002729,NOT-2,ACPOTZ016410,half_NPK,0.486666667,2019,1,29,29/01/2019,09/03/2018,2018,3,9
3998,Tanzania,Tanzania Coastal Region,Lindi,Nachingwea,38.7915,-10.3264,ACTLTZ002729,NOT-2,ACPOTZ016403,CON,0.233333333,2019,1,29,29/01/2019,09/03/2018,2018,3,9
3999,Tanzania,Tanzania Coastal Region,Lindi,Nachingwea,38.7915,-10.3264,ACTLTZ002729,NOT-2,ACPOTZ016409,NPK_micro,3,2019,1,29,29/01/2019,09/03/2018,2018,3,9
4000,Tanzania,Tanzania Coastal Region,Lindi,Nachingwea,38.7915,-10.3264,ACTLTZ002729,NOT-2,ACPOTZ016407,NK,1.02,2019,1,29,29/01/2019,09/03/2018,2018,3,9
4001,Tanzania,Tanzania Coastal Region,Lindi,Nachingwea,38.7915,-10.3264,ACTLTZ002729,NOT-2,ACPOTZ016408,NP,1.353333333,2019,1,29,29/01/2019,09/03/2018,2018,3,9
4002,Tanzania,Tanzania Coastal Region,Lindi,Nachingwea,38.7915,-10.3264,ACTLTZ002729,NOT-2,ACPOTZ016406,PK,1.953333333,2019,1,29,29/01/2019,09/03/2018,2018,3,9
4003,Tanzania,Tanzania Coastal Region,Lindi,Nachingwea,38.7915,-10.3264,ACTLTZ002729,NOT-2,ACPOTZ016405,NPK,2.84,2019,1,29,29/01/2019,09/03/2018,2018,3,9
4004,Tanzania,Tanzania Coastal Region,Lindi,Nachingwea,38.7915,-10.3264,ACTLTZ002730,NOT-2,ACPOTZ016419,NK,4.686666667,2019,1,29,29/01/2019,09/03/2018,2018,3,9
4005,Tanzania,Tanzania Coastal Region,Lindi,Nachingwea,38.7915,-10.3264,ACTLTZ002730,NOT-2,ACPOTZ016420,NP,1.47,2019,1,29,29/01/2019,09/03/2018,2018,3,9
4006,Tanzania,Tanzania Coastal Region,Lindi,Nachingwea,38.7915,-10.3264,ACTLTZ002730,NOT-2,ACPOTZ016418,PK,3.94,2019,1,29,29/01/2019,09/03/2018,2018,3,9
4007,Tanzania,Tanzania Coastal Region,Lindi,Nachingwea,38.7915,-10.3264,ACTLTZ002730,NOT-2,ACPOTZ016415,CON,8.073333333,2019,1,29,29/01/2019,09/03/2018,2018,3,9
4008,Tanzania,Tanzania Coastal Region,Lindi,Nachingwea,38.7915,-10.3264,ACTLTZ002730,NOT-2,ACPOTZ016421,NPK_micro,3.16,2019,1,29,29/01/2019,09/03/2018,2018,3,9
4009,Tanzania,Tanzania Coastal Region,Lindi,Nachingwea,38.7915,-10.3264,ACTLTZ002730,NOT-2,ACPOTZ016417,NPK,1.446666667,2019,1,29,29/01/2019,09/03/2018,2018,3,9
4010,Tanzania,Tanzania Coastal Region,Lindi,Nachingwea,38.7199,-10.3713,ACTLTZ002733,NOT-1,ACPOTZ019740,NP,0.733333333,2019,2,1,01/02/2019,27/02/2018,2018,2,27
4011,Tanzania,Tanzania Coastal Region,Lindi,Nachingwea,38.7199,-10.3713,ACTLTZ002733,NOT-1,ACPOTZ016439,NPK_micro,1.373333333,2019,2,1,01/02/2019,27/02/2018,2018,2,27
4012,Tanzania,Tanzania Coastal Region,Lindi,Nachingwea,38.7199,-10.3713,ACTLTZ002733,NOT-1,ACPOTZ016437,NK,3.843333333,2019,2,1,01/02/2019,27/02/2018,2018,2,27
4013,Tanzania,Tanzania Coastal Region,Lindi,Nachingwea,38.7199,-10.3713,ACTLTZ002733,NOT-1,ACPOTZ016433,CON,0,2019,2,1,01/02/2019,27/02/2018,2018,2,27
4014,Tanzania,Tanzania Coastal Region,Lindi,Nachingwea,38.7199,-10.3713,ACTLTZ002733,NOT-1,ACPOTZ019739,NPK,1.8,2019,2,1,01/02/2019,27/02/2018,2018,2,27
4015,Tanzania,Tanzania Coastal Region,Lindi,Nachingwea,38.7199,-10.3713,ACTLTZ002733,NOT-1,ACPOTZ016436,PK,2.94,2019,2,1,01/02/2019,27/02/2018,2018,2,27
4016,Tanzania,Tanzania Coastal Region,Lindi,Nachingwea,38.7199,-10.3713,ACTLTZ002733,NOT-1,ACPOTZ019738,NPK,4.113333333,2019,2,1,01/02/2019,27/02/2018,2018,2,27
4017,Tanzania,Tanzania Coastal Region,Lindi,Nachingwea,38.7199,-10.3713,ACTLTZ002733,NOT-1,ACPOTZ016440,half_NPK,0.96,2019,2,1,01/02/2019,27/02/2018,2018,2,27
4018,Tanzania,Tanzania Coastal Region,Lindi,Nachingwea,38.7176,-10.3604,ACTLTZ002742,NOT-2,ACPOTZ016504,CON,0.14,2019,2,1,01/02/2019,09/03/2018,2018,3,9
4019,Tanzania,Tanzania Coastal Region,Lindi,Nachingwea,38.7176,-10.3604,ACTLTZ002742,NOT-2,ACPOTZ016509,NP,4.366666667,2019,2,1,01/02/2019,09/03/2018,2018,3,9
4020,Tanzania,Tanzania Coastal Region,Lindi,Nachingwea,38.7176,-10.3604,ACTLTZ002742,NOT-2,ACPOTZ016508,NK,3.18,2019,2,1,01/02/2019,09/03/2018,2018,3,9
4021,Tanzania,Tanzania Coastal Region,Lindi,Nachingwea,38.7176,-10.3604,ACTLTZ002742,NOT-2,ACPOTZ016510,NPK_micro,1.713333333,2019,2,1,01/02/2019,09/03/2018,2018,3,9
4022,Tanzania,Tanzania Coastal Region,Lindi,Nachingwea,38.7176,-10.3604,ACTLTZ002742,NOT-2,ACPOTZ016511,half_NPK,2.706666667,2019,2,1,01/02/2019,09/03/2018,2018,3,9
4023,Tanzania,Tanzania Coastal Region,Lindi,Nachingwea,38.7176,-10.3604,ACTLTZ002742,NOT-2,ACPOTZ016507,PK,10.64,2019,2,1,01/02/2019,09/03/2018,2018,3,9
4024,Tanzania,Tanzania Coastal Region,Lindi,Nachingwea,38.7176,-10.3604,ACTLTZ002742,NOT-2,ACPOTZ016505,NPK,2.706666667,2019,2,1,01/02/2019,09/03/2018,2018,3,9
4025,Tanzania,Tanzania Coastal Region,Lindi,Nachingwea,38.7176,-10.3604,ACTLTZ002742,NOT-2,ACPOTZ016506,NPK,10,2019,2,1,01/02/2019,09/03/2018,2018,3,9
4026,Tanzania,Tanzania Coastal Region,Mtwara,Masasi,38.9055,-10.6031,ACTLTZ002755,NOT-1,ACPOTZ016557,NPK,4.413333333,2019,4,19,19/04/2019,11/01/2018,2018,1,11
4027,Tanzania,Tanzania Coastal Region,Mtwara,Masasi,38.9055,-10.6031,ACTLTZ002755,NOT-1,ACPOTZ016563,half_NPK,1.793333333,2019,4,19,19/04/2019,11/01/2018,2018,1,11
4028,Tanzania,Tanzania Coastal Region,Mtwara,Masasi,38.9055,-10.6031,ACTLTZ002755,NOT-1,ACPOTZ016560,NK,3.086666667,2019,4,19,19/04/2019,11/01/2018,2018,1,11
4029,Tanzania,Tanzania Coastal Region,Mtwara,Masasi,38.9055,-10.6031,ACTLTZ002755,NOT-1,ACPOTZ016561,NP,4.293333333,2019,4,19,19/04/2019,11/01/2018,2018,1,11
4030,Tanzania,Tanzania Coastal Region,Mtwara,Masasi,38.9055,-10.6031,ACTLTZ002755,NOT-1,ACPOTZ016559,PK,3.86,2019,4,19,19/04/2019,11/01/2018,2018,1,11
4031,Tanzania,Tanzania Coastal Region,Mtwara,Masasi,38.9055,-10.6031,ACTLTZ002755,NOT-1,ACPOTZ016558,NPK,7.94,2019,4,19,19/04/2019,11/01/2018,2018,1,11
4032,Tanzania,Tanzania Coastal Region,Mtwara,Masasi,38.9055,-10.6031,ACTLTZ002755,NOT-1,ACPOTZ016556,CON,3.106666667,2019,4,19,19/04/2019,11/01/2018,2018,1,11
4033,Tanzania,Tanzania Coastal Region,Mtwara,Masasi,38.9003,-10.6122,ACTLTZ002759,NOT-1,ACPOTZ016582,NK,7.346666667,2019,4,18,18/04/2019,10/01/2018,2018,1,10
4034,Tanzania,Tanzania Coastal Region,Mtwara,Masasi,38.9003,-10.6122,ACTLTZ002759,NOT-1,ACPOTZ016585,half_NPK,12.84666667,2019,4,18,18/04/2019,10/01/2018,2018,1,10
4035,Tanzania,Tanzania Coastal Region,Mtwara,Masasi,38.9003,-10.6122,ACTLTZ002759,NOT-1,ACPOTZ016578,CON,8.106666667,2019,4,18,18/04/2019,10/01/2018,2018,1,10
4036,Tanzania,Tanzania Coastal Region,Mtwara,Masasi,38.9003,-10.6122,ACTLTZ002759,NOT-1,ACPOTZ016580,NPK,16.42,2019,4,18,18/04/2019,10/01/2018,2018,1,10
4037,Tanzania,Tanzania Coastal Region,Mtwara,Masasi,38.9003,-10.6122,ACTLTZ002759,NOT-1,ACPOTZ016581,PK,9.186666667,2019,4,18,18/04/2019,10/01/2018,2018,1,10
4038,Tanzania,Tanzania Coastal Region,Mtwara,Masasi,38.9003,-10.6122,ACTLTZ002759,NOT-1,ACPOTZ016579,NPK,11.35333333,2019,4,18,18/04/2019,10/01/2018,2018,1,10
4039,Tanzania,Tanzania Coastal Region,Mtwara,Masasi,38.9003,-10.6122,ACTLTZ002759,NOT-1,ACPOTZ016583,NP,14.43333333,2019,4,18,18/04/2019,10/01/2018,2018,1,10
4040,Tanzania,Tanzania Coastal Region,Mtwara,Masasi,38.8998,-10.584,ACTLTZ002764,NOT-2,ACPOTZ016608,NP,3.326666667,2019,4,19,19/04/2019,09/01/2018,2018,1,9
4041,Tanzania,Tanzania Coastal Region,Mtwara,Masasi,38.8998,-10.584,ACTLTZ002764,NOT-2,ACPOTZ019375,NK,5.653333333,2019,4,19,19/04/2019,09/01/2018,2018,1,9
4042,Tanzania,Tanzania Coastal Region,Mtwara,Masasi,38.8998,-10.584,ACTLTZ002764,NOT-2,ACPOTZ019373,CON,5.326666667,2019,4,19,19/04/2019,09/01/2018,2018,1,9
4043,Tanzania,Tanzania Coastal Region,Mtwara,Masasi,38.8998,-10.584,ACTLTZ002764,NOT-2,ACPOTZ016606,PK,3.1,2019,4,19,19/04/2019,09/01/2018,2018,1,9
4044,Tanzania,Tanzania Coastal Region,Mtwara,Masasi,38.8998,-10.584,ACTLTZ002764,NOT-2,ACPOTZ016605,NPK,4.613333333,2019,4,19,19/04/2019,09/01/2018,2018,1,9
4045,Tanzania,Tanzania Coastal Region,Mtwara,Masasi,38.8998,-10.584,ACTLTZ002764,NOT-2,ACPOTZ019377,half_NPK,2.893333333,2019,4,19,19/04/2019,09/01/2018,2018,1,9
4046,Tanzania,Tanzania Coastal Region,Mtwara,Masasi,38.8998,-10.584,ACTLTZ002764,NOT-2,ACPOTZ019374,NPK,3.486666667,2019,4,19,19/04/2019,09/01/2018,2018,1,9
4047,Tanzania,Tanzania Coastal Region,Mtwara,Masasi,38.8991,-10.5868,ACTLTZ002767,NOT-1,ACPOTZ016628,half_NPK,11.69333333,2019,4,18,18/04/2019,10/01/2018,2018,1,10
4048,Tanzania,Tanzania Coastal Region,Mtwara,Masasi,38.8991,-10.5868,ACTLTZ002767,NOT-1,ACPOTZ019983,NP,11.00666667,2019,4,18,18/04/2019,10/01/2018,2018,1,10
4049,Tanzania,Tanzania Coastal Region,Mtwara,Masasi,38.8991,-10.5868,ACTLTZ002767,NOT-1,ACPOTZ016625,NK,8.146666667,2019,4,18,18/04/2019,10/01/2018,2018,1,10
4050,Tanzania,Tanzania Coastal Region,Mtwara,Masasi,38.8991,-10.5868,ACTLTZ002767,NOT-1,ACPOTZ016622,NPK,12.12,2019,4,18,18/04/2019,10/01/2018,2018,1,10
4051,Tanzania,Tanzania Coastal Region,Mtwara,Masasi,38.8991,-10.5868,ACTLTZ002767,NOT-1,ACPOTZ016621,CON,10.91333333,2019,4,18,18/04/2019,10/01/2018,2018,1,10
4052,Tanzania,Tanzania Coastal Region,Mtwara,Masasi,38.8991,-10.5868,ACTLTZ002767,NOT-1,ACPOTZ019984,NPK,8.306666667,2019,4,18,18/04/2019,10/01/2018,2018,1,10
4053,Tanzania,Tanzania Coastal Region,Mtwara,Masasi,38.8991,-10.5868,ACTLTZ002767,NOT-1,ACPOTZ016624,PK,12.28333333,2019,4,18,18/04/2019,10/01/2018,2018,1,10
4054,Tanzania,Tanzania Coastal Region,Mtwara,Masasi,38.9323,-10.9168,ACTLTZ002768,NOT-1,ACPOTZ003512,NP,29.71428571,2019,4,16,16/04/2019,12/02/2018,2018,2,12
4055,Tanzania,Tanzania Coastal Region,Mtwara,Masasi,38.9323,-10.9168,ACTLTZ002768,NOT-1,ACPOTZ016686,CON,39.66666667,2019,4,16,16/04/2019,12/02/2018,2018,2,12
4056,Tanzania,Tanzania Coastal Region,Mtwara,Masasi,38.9323,-10.9168,ACTLTZ002768,NOT-1,ACPOTZ003514,half_NPK,18.24615385,2019,4,16,16/04/2019,12/02/2018,2018,2,12
4057,Tanzania,Tanzania Coastal Region,Mtwara,Masasi,38.9323,-10.9168,ACTLTZ002768,NOT-1,ACPOTZ016688,NPK,23.95,2019,4,16,16/04/2019,12/02/2018,2018,2,12
4058,Tanzania,Tanzania Coastal Region,Mtwara,Masasi,38.9323,-10.9168,ACTLTZ002768,NOT-1,ACPOTZ016690,NK,26.83333333,2019,4,16,16/04/2019,12/02/2018,2018,2,12
4059,Tanzania,Tanzania Coastal Region,Mtwara,Masasi,38.9323,-10.9168,ACTLTZ002768,NOT-1,ACPOTZ016689,PK,37.53333333,2019,4,16,16/04/2019,12/02/2018,2018,2,12
4060,Tanzania,Tanzania Coastal Region,Mtwara,Masasi,38.9323,-10.9168,ACTLTZ002768,NOT-1,ACPOTZ016687,NPK,27.04166667,2019,4,16,16/04/2019,12/02/2018,2018,2,12
4061,Tanzania,Tanzania Coastal Region,Mtwara,Masasi,38.9261,-10.9071,ACTLTZ002769,NOT-2,ACPOTZ016695,NPK,14.37692308,2019,4,16,16/04/2019,13/02/2018,2018,2,13
4062,Tanzania,Tanzania Coastal Region,Mtwara,Masasi,38.9261,-10.9071,ACTLTZ002769,NOT-2,ACPOTZ016698,NK,19.21666667,2019,4,16,16/04/2019,13/02/2018,2018,2,13
4063,Tanzania,Tanzania Coastal Region,Mtwara,Masasi,38.9261,-10.9071,ACTLTZ002769,NOT-2,ACPOTZ016696,NPK,15.65,2019,4,16,16/04/2019,13/02/2018,2018,2,13
4064,Tanzania,Tanzania Coastal Region,Mtwara,Masasi,38.9261,-10.9071,ACTLTZ002769,NOT-2,ACPOTZ016699,NP,25.38333333,2019,4,16,16/04/2019,13/02/2018,2018,2,13
4065,Tanzania,Tanzania Coastal Region,Mtwara,Masasi,38.9261,-10.9071,ACTLTZ002769,NOT-2,ACPOTZ016697,PK,27.5,2019,4,16,16/04/2019,13/02/2018,2018,2,13
4066,Tanzania,Tanzania Coastal Region,Mtwara,Masasi,38.9261,-10.9071,ACTLTZ002769,NOT-2,ACPOTZ016694,CON,13.36666667,2019,4,16,16/04/2019,13/02/2018,2018,2,13
4067,Tanzania,Tanzania Coastal Region,Mtwara,Masasi,38.9261,-10.9071,ACTLTZ002769,NOT-2,ACPOTZ016701,half_NPK,19.6,2019,4,16,16/04/2019,13/02/2018,2018,2,13
4068,Tanzania,Tanzania Coastal Region,Mtwara,Masasi,38.9261,-10.9071,ACTLTZ002769,NOT-2,ACPOTZ016700,NPK_micro,20.76363636,2019,4,16,16/04/2019,13/02/2018,2018,2,13
4069,Tanzania,Tanzania Coastal Region,Mtwara,Masasi,38.9485,-10.9277,ACTLTZ002775,NOT-2,ACPOTZ016630,NPK,6.26,2019,2,6,06/02/2019,23/01/2018,2018,1,23
4070,Tanzania,Tanzania Coastal Region,Mtwara,Masasi,38.9485,-10.9277,ACTLTZ002775,NOT-2,ACPOTZ016633,NK,7.96,2019,2,6,06/02/2019,23/01/2018,2018,1,23
4071,Tanzania,Tanzania Coastal Region,Mtwara,Masasi,38.9484,-10.9275,ACTLTZ002775,NOT-3,ACPOTZ019745,PK,9.733333333,2019,2,6,06/02/2019,23/01/2018,2018,1,23
4072,Tanzania,Tanzania Coastal Region,Mtwara,Masasi,38.9485,-10.9277,ACTLTZ002775,NOT-2,ACPOTZ016631,NPK,10.37,2019,2,6,06/02/2019,23/01/2018,2018,1,23
4073,Tanzania,Tanzania Coastal Region,Mtwara,Masasi,38.9485,-10.9277,ACTLTZ002775,NOT-2,ACPOTZ016629,CON,6.363333333,2019,2,6,06/02/2019,23/01/2018,2018,1,23
4074,Tanzania,Tanzania Coastal Region,Mtwara,Masasi,38.9485,-10.9277,ACTLTZ002775,NOT-2,ACPOTZ016636,half_NPK,9.883333333,2019,2,6,06/02/2019,23/01/2018,2018,1,23
4075,Tanzania,Tanzania Coastal Region,Mtwara,Masasi,38.9485,-10.9277,ACTLTZ002775,NOT-2,ACPOTZ016634,NP,7.66,2019,2,6,06/02/2019,23/01/2018,2018,1,23
4076,Tanzania,Tanzania Coastal Region,Mtwara,Masasi,38.9485,-10.9277,ACTLTZ002775,NOT-2,ACPOTZ016635,NPK_micro,6.986666667,2019,2,6,06/02/2019,23/01/2018,2018,1,23
4077,Tanzania,Tanzania Coastal Region,Mtwara,Masasi,38.9485,-10.9277,ACTLTZ002776,NOT-2,ACPOTZ016647,NPK_micro,6.186666667,2019,2,7,07/02/2019,28/01/2018,2018,1,28
4078,Tanzania,Tanzania Coastal Region,Mtwara,Masasi,38.9485,-10.9277,ACTLTZ002776,NOT-3,ACPOTZ003486,half_NPK,7.96,2019,2,7,07/02/2019,28/01/2018,2018,1,28
4079,Tanzania,Tanzania Coastal Region,Mtwara,Masasi,38.9485,-10.9277,ACTLTZ002776,NOT-2,ACPOTZ016643,NPK,6.173333333,2019,2,7,07/02/2019,28/01/2018,2018,1,28
4080,Tanzania,Tanzania Coastal Region,Mtwara,Masasi,38.9485,-10.9277,ACTLTZ002776,NOT-2,ACPOTZ016642,NPK,9.12,2019,2,7,07/02/2019,28/01/2018,2018,1,28
4081,Tanzania,Tanzania Coastal Region,Mtwara,Masasi,38.9485,-10.9277,ACTLTZ002776,NOT-2,ACPOTZ016645,NK,6.68,2019,2,7,07/02/2019,28/01/2018,2018,1,28
4082,Tanzania,Tanzania Coastal Region,Mtwara,Masasi,38.9485,-10.9277,ACTLTZ002776,NOT-2,ACPOTZ016646,NP,8.397333333,2019,2,7,07/02/2019,28/01/2018,2018,1,28
4083,Tanzania,Tanzania Coastal Region,Mtwara,Masasi,38.9485,-10.9277,ACTLTZ002776,NOT-2,ACPOTZ016644,PK,6.526666667,2019,2,7,07/02/2019,28/01/2018,2018,1,28
4084,Tanzania,Tanzania Coastal Region,Mtwara,Masasi,38.9485,-10.9277,ACTLTZ002776,NOT-2,ACPOTZ016641,CON,4.570666667,2019,2,7,07/02/2019,28/01/2018,2018,1,28
4085,Tanzania,Tanzania Coastal Region,Mtwara,Masasi,38.9485,-10.9277,ACTLTZ002777,NOT-2,ACPOTZ016658,NP,9.12,2019,2,7,07/02/2019,28/01/2018,2018,1,28
4086,Tanzania,Tanzania Coastal Region,Mtwara,Masasi,38.9485,-10.9277,ACTLTZ002777,NOT-2,ACPOTZ016657,NK,5.71,2019,2,7,07/02/2019,28/01/2018,2018,1,28
4087,Tanzania,Tanzania Coastal Region,Mtwara,Masasi,38.9485,-10.9277,ACTLTZ002777,NOT-2,ACPOTZ016659,NPK_micro,6.946666667,2019,2,7,07/02/2019,28/01/2018,2018,1,28
4088,Tanzania,Tanzania Coastal Region,Mtwara,Masasi,38.9485,-10.9277,ACTLTZ002777,NOT-2,ACPOTZ016654,NPK,5.233333333,2019,2,7,07/02/2019,28/01/2018,2018,1,28
4089,Tanzania,Tanzania Coastal Region,Mtwara,Masasi,38.9485,-10.9277,ACTLTZ002777,NOT-2,ACPOTZ016660,half_NPK,8.613333333,2019,2,7,07/02/2019,28/01/2018,2018,1,28
4090,Tanzania,Tanzania Coastal Region,Mtwara,Masasi,38.9485,-10.9277,ACTLTZ002777,NOT-2,ACPOTZ016655,NPK,7.633333333,2019,2,7,07/02/2019,28/01/2018,2018,1,28
4091,Tanzania,Tanzania Coastal Region,Mtwara,Masasi,38.9485,-10.9277,ACTLTZ002777,NOT-2,ACPOTZ016656,PK,6.516,2019,2,7,07/02/2019,28/01/2018,2018,1,28
4092,Tanzania,Tanzania Coastal Region,Mtwara,Masasi,38.9485,-10.9277,ACTLTZ002777,NOT-2,ACPOTZ016653,CON,6.98,2019,2,7,07/02/2019,28/01/2018,2018,1,28
4093,Tanzania,Tanzania Coastal Region,Mtwara,Masasi,38.9485,-10.9277,ACTLTZ002778,NOT-2,ACPOTZ016667,NPK,22.16666667,2019,4,15,15/04/2019,28/01/2018,2018,1,28
4094,Tanzania,Tanzania Coastal Region,Mtwara,Masasi,38.9485,-10.9277,ACTLTZ002778,NOT-2,ACPOTZ016670,NP,29.75,2019,4,15,15/04/2019,28/01/2018,2018,1,28
4095,Tanzania,Tanzania Coastal Region,Mtwara,Masasi,38.9485,-10.9277,ACTLTZ002778,NOT-2,ACPOTZ016672,half_NPK,23.95,2019,4,15,15/04/2019,28/01/2018,2018,1,28
4096,Tanzania,Tanzania Coastal Region,Mtwara,Masasi,38.9485,-10.9277,ACTLTZ002778,NOT-2,ACPOTZ016669,NK,27.77777778,2019,4,15,15/04/2019,28/01/2018,2018,1,28
4097,Tanzania,Tanzania Coastal Region,Mtwara,Masasi,38.9485,-10.9277,ACTLTZ002778,NOT-2,ACPOTZ016668,PK,28.34166667,2019,4,15,15/04/2019,28/01/2018,2018,1,28
4098,Tanzania,Tanzania Coastal Region,Mtwara,Masasi,38.9485,-10.9277,ACTLTZ002778,NOT-2,ACPOTZ016666,NPK,16.35454545,2019,4,15,15/04/2019,28/01/2018,2018,1,28
4099,Tanzania,Tanzania Coastal Region,Mtwara,Masasi,38.9485,-10.9277,ACTLTZ002778,NOT-2,ACPOTZ016665,CON,48.825,2019,4,15,15/04/2019,28/01/2018,2018,1,28
4100,Tanzania,Tanzania Coastal Region,Mtwara,Masasi,38.9485,-10.9277,ACTLTZ002778,NOT-2,ACPOTZ016671,NPK_micro,53.83333333,2019,4,15,15/04/2019,28/01/2018,2018,1,28
4101,Tanzania,Tanzania Coastal Region,Mtwara,Masasi,38.8997,-10.861,ACTLTZ002794,NOT-2,ACPOTZ016759,NPK_micro,23.50909091,2019,4,17,17/04/2019,14/02/2018,2018,2,14
4102,Tanzania,Tanzania Coastal Region,Mtwara,Masasi,38.8997,-10.861,ACTLTZ002794,NOT-2,ACPOTZ016754,NPK,19.92,2019,4,17,17/04/2019,14/02/2018,2018,2,14
4103,Tanzania,Tanzania Coastal Region,Mtwara,Masasi,38.8997,-10.861,ACTLTZ002794,NOT-2,ACPOTZ016756,PK,12.31666667,2019,4,17,17/04/2019,14/02/2018,2018,2,14
4104,Tanzania,Tanzania Coastal Region,Mtwara,Masasi,38.8997,-10.861,ACTLTZ002794,NOT-2,ACPOTZ016755,NPK,24.83333333,2019,4,17,17/04/2019,14/02/2018,2018,2,14
4105,Tanzania,Tanzania Coastal Region,Mtwara,Masasi,38.8997,-10.861,ACTLTZ002794,NOT-2,ACPOTZ016760,half_NPK,26.35555556,2019,4,17,17/04/2019,14/02/2018,2018,2,14
4106,Tanzania,Tanzania Coastal Region,Mtwara,Masasi,38.8997,-10.861,ACTLTZ002794,NOT-2,ACPOTZ016753,CON,26.05833333,2019,4,17,17/04/2019,14/02/2018,2018,2,14
4107,Tanzania,Tanzania Coastal Region,Mtwara,Masasi,38.8997,-10.861,ACTLTZ002794,NOT-2,ACPOTZ016757,NK,22,2019,4,17,17/04/2019,14/02/2018,2018,2,14
4108,Tanzania,Tanzania Coastal Region,Mtwara,Masasi,38.8997,-10.861,ACTLTZ002794,NOT-2,ACPOTZ016758,NP,13.56666667,2019,4,17,17/04/2019,14/02/2018,2018,2,14
4109,Tanzania,Tanzania Coastal Region,Mtwara,Nanyumbu,38.2923,-10.8275,ACTLTZ002810,NOT-2,ACPOTZ016818,NPK,8.326666667,2019,2,5,05/02/2019,06/01/2018,2018,1,6
4110,Tanzania,Tanzania Coastal Region,Mtwara,Nanyumbu,38.2923,-10.8275,ACTLTZ002810,NOT-3,ACPOTZ019744,NK,4.04,2019,2,5,05/02/2019,06/01/2018,2018,1,6
4111,Tanzania,Tanzania Coastal Region,Mtwara,Nanyumbu,38.2923,-10.8275,ACTLTZ002810,NOT-2,ACPOTZ016823,half_NPK,16.46,2019,2,5,05/02/2019,06/01/2018,2018,1,6
4112,Tanzania,Tanzania Coastal Region,Mtwara,Nanyumbu,38.2923,-10.8275,ACTLTZ002810,NOT-2,ACPOTZ016817,NPK,4.433333333,2019,2,5,05/02/2019,06/01/2018,2018,1,6
4113,Tanzania,Tanzania Coastal Region,Mtwara,Nanyumbu,38.2923,-10.8275,ACTLTZ002810,NOT-2,ACPOTZ016819,PK,13.00666667,2019,2,5,05/02/2019,06/01/2018,2018,1,6
4114,Tanzania,Tanzania Coastal Region,Mtwara,Nanyumbu,38.2923,-10.8275,ACTLTZ002810,NOT-2,ACPOTZ016816,CON,1.76,2019,2,5,05/02/2019,06/01/2018,2018,1,6
4115,Tanzania,Tanzania Coastal Region,Mtwara,Nanyumbu,38.2923,-10.8275,ACTLTZ002810,NOT-2,ACPOTZ016821,NP,9.626666667,2019,2,5,05/02/2019,06/01/2018,2018,1,6
4116,Tanzania,Tanzania Coastal Region,Mtwara,Nanyumbu,38.2923,-10.8275,ACTLTZ002810,NOT-2,ACPOTZ016822,NPK_micro,10.36,2019,2,5,05/02/2019,06/01/2018,2018,1,6
4117,Tanzania,Tanzania Coastal Region,Mtwara,Nanyumbu,38.2917,-10.8289,ACTLTZ002812,NOT-1,ACPOTZ016835,NK,6.526666667,2019,2,5,05/02/2019,06/01/2018,2018,1,6
4118,Tanzania,Tanzania Coastal Region,Mtwara,Nanyumbu,38.2917,-10.8289,ACTLTZ002812,NOT-1,ACPOTZ016831,CON,4.113333333,2019,2,5,05/02/2019,06/01/2018,2018,1,6
4119,Tanzania,Tanzania Coastal Region,Mtwara,Nanyumbu,38.2917,-10.8289,ACTLTZ002812,NOT-1,ACPOTZ016838,half_NPK,6.653333333,2019,2,5,05/02/2019,06/01/2018,2018,1,6
4120,Tanzania,Tanzania Coastal Region,Mtwara,Nanyumbu,38.2917,-10.8289,ACTLTZ002812,NOT-1,ACPOTZ016833,NPK,7.006666667,2019,2,5,05/02/2019,06/01/2018,2018,1,6
4121,Tanzania,Tanzania Coastal Region,Mtwara,Nanyumbu,38.2917,-10.8289,ACTLTZ002812,NOT-1,ACPOTZ016834,PK,11.7,2019,2,5,05/02/2019,06/01/2018,2018,1,6
4122,Tanzania,Tanzania Coastal Region,Mtwara,Nanyumbu,38.2917,-10.8289,ACTLTZ002812,NOT-1,ACPOTZ016832,NPK,7.553333333,2019,2,5,05/02/2019,06/01/2018,2018,1,6
4123,Tanzania,Tanzania Coastal Region,Mtwara,Nanyumbu,38.2917,-10.8289,ACTLTZ002812,NOT-1,ACPOTZ016836,NP,5.873333333,2019,2,5,05/02/2019,06/01/2018,2018,1,6
4124,Tanzania,Tanzania Coastal Region,Mtwara,Nanyumbu,38.3056,-10.8426,ACTLTZ002814,NOT-2,ACPOTZ006906,CON,6.16,2018,11,3,03/11/2018,19/01/2018,2018,1,19
4125,Tanzania,Tanzania Coastal Region,Mtwara,Nanyumbu,38.3056,-10.8426,ACTLTZ002814,NOT-2,ACPOTZ006905,NPK,8.366666667,2018,11,3,03/11/2018,19/01/2018,2018,1,19
4126,Tanzania,Tanzania Coastal Region,Mtwara,Nanyumbu,38.3056,-10.8426,ACTLTZ002814,NOT-2,ACPOTZ006903,PK,14.17333333,2018,11,3,03/11/2018,19/01/2018,2018,1,19
4127,Tanzania,Tanzania Coastal Region,Mtwara,Nanyumbu,38.3056,-10.8426,ACTLTZ002814,NOT-2,ACPOTZ006908,half_NPK,5.253333333,2018,11,3,03/11/2018,19/01/2018,2018,1,19
4128,Tanzania,Tanzania Coastal Region,Mtwara,Nanyumbu,38.3056,-10.8426,ACTLTZ002814,NOT-2,ACPOTZ006907,NP,8.86,2018,11,3,03/11/2018,19/01/2018,2018,1,19
4129,Tanzania,Tanzania Coastal Region,Mtwara,Nanyumbu,38.3056,-10.8426,ACTLTZ002814,NOT-2,ACPOTZ006910,NPK_micro,6.7,2018,11,3,03/11/2018,19/01/2018,2018,1,19
4130,Tanzania,Tanzania Coastal Region,Mtwara,Nanyumbu,38.3064,-10.8557,ACTLTZ002815,NOT-1,ACPOTZ004677,NPK,0.446666667,2018,11,3,03/11/2018,19/01/2018,2018,1,19
4131,Tanzania,Tanzania Coastal Region,Mtwara,Nanyumbu,38.3064,-10.8557,ACTLTZ002815,NOT-1,ACPOTZ004679,NK,0.126666667,2018,11,3,03/11/2018,19/01/2018,2018,1,19
4132,Tanzania,Tanzania Coastal Region,Mtwara,Nanyumbu,38.3064,-10.8557,ACTLTZ002815,NOT-1,ACPOTZ006877,half_NPK,0,2018,11,3,03/11/2018,19/01/2018,2018,1,19
4133,Tanzania,Tanzania Coastal Region,Mtwara,Nanyumbu,38.3064,-10.8557,ACTLTZ002815,NOT-1,ACPOTZ006876,NPK_micro,4.913333333,2018,11,3,03/11/2018,19/01/2018,2018,1,19
4134,Tanzania,Tanzania Coastal Region,Mtwara,Nanyumbu,38.3064,-10.8557,ACTLTZ002815,NOT-1,ACPOTZ004678,NP,1.733333333,2018,11,3,03/11/2018,19/01/2018,2018,1,19
4135,Tanzania,Tanzania Coastal Region,Mtwara,Nanyumbu,38.3231,-10.8556,ACTLTZ002816,NOT-2,ACPOTZ004675,NPK_micro,28.58,2018,11,4,04/11/2018,19/01/2018,2018,1,19
4136,Tanzania,Tanzania Coastal Region,Mtwara,Nanyumbu,38.3231,-10.8556,ACTLTZ002816,NOT-2,ACPOTZ004674,PK,14.04,2018,11,4,04/11/2018,19/01/2018,2018,1,19
4137,Tanzania,Tanzania Coastal Region,Mtwara,Nanyumbu,38.3231,-10.8556,ACTLTZ002816,NOT-2,ACPOTZ004673,CON,19.68666667,2018,11,4,04/11/2018,19/01/2018,2018,1,19
4138,Tanzania,Tanzania Coastal Region,Mtwara,Nanyumbu,38.3231,-10.8556,ACTLTZ002816,NOT-2,ACPOTZ004676,NP,16.1,2018,11,4,04/11/2018,19/01/2018,2018,1,19
4139,Tanzania,Tanzania Coastal Region,Mtwara,Nanyumbu,38.3231,-10.8556,ACTLTZ002816,NOT-2,ACPOTZ019813,NPK,17.58666667,2018,11,4,04/11/2018,19/01/2018,2018,1,19
4140,Tanzania,Tanzania Coastal Region,Mtwara,Nanyumbu,38.3231,-10.8556,ACTLTZ002816,NOT-2,ACPOTZ019814,half_NPK,30.36,2018,11,4,04/11/2018,19/01/2018,2018,1,19
4141,Tanzania,Tanzania Coastal Region,Lindi,Nachingwea,NA,NA,ACTLTZ002817,NOT-2,ACPOTZ006920,CON,6.14,NA,NA,NA,,NA,NA,NA,NA
4142,Tanzania,Tanzania Coastal Region,Lindi,Nachingwea,NA,NA,ACTLTZ002817,NOT-2,ACPOTZ006917,NK,2.873333333,NA,NA,NA,,NA,NA,NA,NA
4143,Tanzania,Tanzania Coastal Region,Lindi,Nachingwea,NA,NA,ACTLTZ002817,NOT-2,ACPOTZ006911,NPK,7.606666667,NA,NA,NA,,NA,NA,NA,NA
4144,Tanzania,Tanzania Coastal Region,Lindi,Nachingwea,NA,NA,ACTLTZ002817,NOT-2,ACPOTZ006918,NPK,8.953333333,NA,NA,NA,,NA,NA,NA,NA
4145,Tanzania,Tanzania Coastal Region,Lindi,Nachingwea,NA,NA,ACTLTZ002817,NOT-2,ACPOTZ006912,NPK_micro,13.06666667,NA,NA,NA,,NA,NA,NA,NA
4146,Tanzania,Tanzania Coastal Region,Lindi,Nachingwea,NA,NA,ACTLTZ002817,NOT-2,ACPOTZ006919,PK,10.81333333,NA,NA,NA,,NA,NA,NA,NA
4147,Tanzania,Tanzania Coastal Region,Lindi,Nachingwea,38.7953,-10.5465,ACTLTZ002818,NOT-2,ACPOTZ003582,half_NPK,5.82,2018,11,5,05/11/2018,10/01/2018,2018,1,10
4148,Tanzania,Tanzania Coastal Region,Lindi,Nachingwea,38.7953,-10.5465,ACTLTZ002818,NOT-2,ACPOTZ003581,NK,13.92333333,2018,11,5,05/11/2018,10/01/2018,2018,1,10
4149,Tanzania,Tanzania Coastal Region,Lindi,Nachingwea,38.7953,-10.5465,ACTLTZ002818,NOT-2,ACPOTZ003589,PK,10.66,2018,11,5,05/11/2018,10/01/2018,2018,1,10
4150,Tanzania,Tanzania Coastal Region,Lindi,Nachingwea,38.7953,-10.5465,ACTLTZ002818,NOT-2,ACPOTZ006915,CON,6.2,2018,11,5,05/11/2018,10/01/2018,2018,1,10
4151,Tanzania,Tanzania Coastal Region,Lindi,Nachingwea,38.7953,-10.5465,ACTLTZ002818,NOT-2,ACPOTZ003583,NP,9.213333333,2018,11,5,05/11/2018,10/01/2018,2018,1,10
4152,Tanzania,Tanzania Coastal Region,Lindi,Nachingwea,38.8742,-10.387,ACTLTZ002845,NOT-2,ACPOTZ004695,NK,10.31333333,2018,11,10,10/11/2018,08/01/2018,2018,1,8
4153,Tanzania,Tanzania Coastal Region,Lindi,Nachingwea,38.8742,-10.387,ACTLTZ002845,NOT-2,ACPOTZ004693,NPK,11.85333333,2018,11,10,10/11/2018,08/01/2018,2018,1,8
4154,Tanzania,Tanzania Coastal Region,Lindi,Nachingwea,38.8742,-10.387,ACTLTZ002845,NOT-2,ACPOTZ004694,PK,16.86666667,2018,11,10,10/11/2018,08/01/2018,2018,1,8
4155,Tanzania,Tanzania Coastal Region,Lindi,Nachingwea,38.8742,-10.387,ACTLTZ002845,NOT-2,ACPOTZ004692,NPK,8.073333333,2018,11,10,10/11/2018,08/01/2018,2018,1,8
4156,Tanzania,Tanzania Coastal Region,Lindi,Nachingwea,38.8742,-10.387,ACTLTZ002845,NOT-2,ACPOTZ004696,NP,8.746666667,2018,11,10,10/11/2018,08/01/2018,2018,1,8
4157,Tanzania,Tanzania Coastal Region,Lindi,Nachingwea,38.8742,-10.387,ACTLTZ002845,NOT-2,ACPOTZ004698,half_NPK,8.076666667,2018,11,10,10/11/2018,08/01/2018,2018,1,8
4158,Tanzania,Tanzania Coastal Region,Lindi,Nachingwea,38.8742,-10.387,ACTLTZ002845,NOT-2,ACPOTZ004691,CON,9.113333333,2018,11,10,10/11/2018,08/01/2018,2018,1,8
4159,Tanzania,Tanzania Coastal Region,Lindi,Nachingwea,38.8281,-10.4746,ACTLTZ002846,NOT-1,ACPOTZ019845,NP,18.58333333,2018,11,9,09/11/2018,08/01/2018,2018,1,8
4160,Tanzania,Tanzania Coastal Region,Lindi,Nachingwea,38.8281,-10.4746,ACTLTZ002846,NOT-1,ACPOTZ019846,half_NPK,27.89333333,2018,11,9,09/11/2018,08/01/2018,2018,1,8
4161,Tanzania,Tanzania Coastal Region,Lindi,Nachingwea,38.8281,-10.4746,ACTLTZ002846,NOT-1,ACPOTZ019847,NPK_micro,9.94,2018,11,9,09/11/2018,08/01/2018,2018,1,8
4162,Tanzania,Tanzania Coastal Region,Lindi,Nachingwea,38.8281,-10.4746,ACTLTZ002846,NOT-1,ACPOTZ019844,NPK,26.57333333,2018,11,9,09/11/2018,08/01/2018,2018,1,8
4163,Tanzania,Tanzania Coastal Region,Lindi,Nachingwea,38.8281,-10.4746,ACTLTZ002846,NOT-1,ACPOTZ019853,NK,12.85333333,2018,11,9,09/11/2018,08/01/2018,2018,1,8
4164,Tanzania,Tanzania Coastal Region,Lindi,Nachingwea,38.8281,-10.4746,ACTLTZ002846,NOT-1,ACPOTZ019848,NPK,12.69333333,2018,11,9,09/11/2018,08/01/2018,2018,1,8
4165,Tanzania,Tanzania Coastal Region,Mtwara,Tandahimba,39.5532,-10.8776,ACTLTZ002861,NOT-2,ACPOTZ019871,PK,1.413333333,2019,2,2,02/02/2019,11/02/2018,2018,2,11
4166,Tanzania,Tanzania Coastal Region,Mtwara,Tandahimba,39.5532,-10.8776,ACTLTZ002861,NOT-2,ACPOTZ019869,NP,5.353333333,2019,2,2,02/02/2019,11/02/2018,2018,2,11
4167,Tanzania,Tanzania Coastal Region,Mtwara,Tandahimba,39.5532,-10.8776,ACTLTZ002861,NOT-2,ACPOTZ019872,CON,0.386666667,2019,2,2,02/02/2019,11/02/2018,2018,2,11
4168,Tanzania,Tanzania Coastal Region,Mtwara,Tandahimba,39.5532,-10.8776,ACTLTZ002861,NOT-2,ACPOTZ019867,NPK,9.593333333,2019,2,2,02/02/2019,11/02/2018,2018,2,11
4169,Tanzania,Tanzania Coastal Region,Mtwara,Tandahimba,39.5532,-10.8776,ACTLTZ002861,NOT-2,ACPOTZ019868,NPK,6.386666667,2019,2,2,02/02/2019,11/02/2018,2018,2,11
4170,Tanzania,Tanzania Coastal Region,Mtwara,Tandahimba,39.5532,-10.8776,ACTLTZ002861,NOT-2,ACPOTZ019870,NK,3.606666667,2019,2,2,02/02/2019,11/02/2018,2018,2,11
4171,Tanzania,Tanzania Coastal Region,Mtwara,Tandahimba,39.5513,-10.8588,ACTLTZ002862,NOT-2,ACPOTZ019873,half_NPK,3.133333333,2019,2,2,02/02/2019,12/02/2018,2018,2,12
4172,Tanzania,Tanzania Coastal Region,Mtwara,Tandahimba,39.5513,-10.8588,ACTLTZ002862,NOT-2,ACPOTZ019883,NP,6.12,2019,2,2,02/02/2019,12/02/2018,2018,2,12
4173,Tanzania,Tanzania Coastal Region,Mtwara,Tandahimba,39.5513,-10.8588,ACTLTZ002862,NOT-2,ACPOTZ019876,PK,4.446666667,2019,2,2,02/02/2019,12/02/2018,2018,2,12
4174,Tanzania,Tanzania Coastal Region,Mtwara,Tandahimba,39.5513,-10.8588,ACTLTZ002862,NOT-2,ACPOTZ019881,NPK,7.106666667,2019,2,2,02/02/2019,12/02/2018,2018,2,12
4175,Tanzania,Tanzania Coastal Region,Mtwara,Tandahimba,39.5513,-10.8588,ACTLTZ002862,NOT-2,ACPOTZ019879,CON,0.62,2019,2,2,02/02/2019,12/02/2018,2018,2,12
4176,Tanzania,Tanzania Coastal Region,Mtwara,Tandahimba,39.5513,-10.8588,ACTLTZ002862,NOT-2,ACPOTZ019880,NK,7.893333333,2019,2,2,02/02/2019,12/02/2018,2018,2,12
4177,Tanzania,Tanzania Coastal Region,Mtwara,Tandahimba,39.5513,-10.8588,ACTLTZ002862,NOT-2,ACPOTZ019875,NPK,5.18,2019,2,2,02/02/2019,12/02/2018,2018,2,12
4178,Tanzania,Tanzania Coastal Region,Mtwara,Tandahimba,NA,NA,ACTLTZ002863,NOT-2,ACPOTZ019889,PK,4.913333333,NA,NA,NA,,NA,NA,NA,NA
4179,Tanzania,Tanzania Coastal Region,Mtwara,Tandahimba,NA,NA,ACTLTZ002863,NOT-2,ACPOTZ019888,NPK,2.186666667,NA,NA,NA,,NA,NA,NA,NA
4180,Tanzania,Tanzania Coastal Region,Mtwara,Newala,39.3918,-10.6292,ACTLTZ002867,NOT-2,ACPOTZ019649,CON,2.646666667,2019,3,14,14/03/2019,13/02/2018,2018,2,13
4181,Tanzania,Tanzania Coastal Region,Mtwara,Newala,39.4062,-10.6321,ACTLTZ002870,NOT-2,ACPOTZ019913,CON,5.466666667,2019,3,19,19/03/2019,19/02/2018,2018,2,19
4182,Tanzania,Tanzania Coastal Region,Mtwara,Newala,NA,NA,ACTLTZ002871,NOT-2,ACPOTZ019928,half_NPK,13.75333333,NA,NA,NA,,NA,NA,NA,NA
4183,Tanzania,Tanzania Lake Region,Mara,Serengeti,34.6903,-1.9054,ACTLTZ003001,NOT-2,ACPOTZ017069,PK,7.48,2018,10,15,15/10/2018,16/10/2017,2017,10,16
4184,Tanzania,Tanzania Lake Region,Mara,Serengeti,34.6903,-1.9054,ACTLTZ003001,NOT-2,ACPOTZ017067,half_NPK,23.02333333,2018,10,15,15/10/2018,16/10/2017,2017,10,16
4185,Tanzania,Tanzania Lake Region,Mara,Serengeti,34.6903,-1.9054,ACTLTZ003001,NOT-2,ACPOTZ017074,CON,22.97666667,2018,10,15,15/10/2018,16/10/2017,2017,10,16
4186,Tanzania,Tanzania Lake Region,Mara,Serengeti,34.6903,-1.9054,ACTLTZ003001,NOT-2,ACPOTZ017063,NPK,43.62,2018,10,15,15/10/2018,16/10/2017,2017,10,16
4187,Tanzania,Tanzania Lake Region,Mara,Serengeti,34.6903,-1.9054,ACTLTZ003001,NOT-2,ACPOTZ017070,NK,43.36,2018,10,15,15/10/2018,16/10/2017,2017,10,16
4188,Tanzania,Tanzania Lake Region,Oyo,Ido,NA,NA,ACTLTZ003021,NOT-1,ACPOTZ014416,half_NPK,3.56,NA,NA,NA,,NA,NA,NA,NA
4189,Tanzania,Tanzania Lake Region,Oyo,Ido,NA,NA,ACTLTZ003021,NOT-1,ACPOTZ014420,PK,7.46,NA,NA,NA,,NA,NA,NA,NA
4190,Tanzania,Tanzania Lake Region,Oyo,Ido,NA,NA,ACTLTZ003021,NOT-1,ACPOTZ014418,NP,5.36,NA,NA,NA,,NA,NA,NA,NA
4191,Tanzania,Tanzania Lake Region,Oyo,Ido,NA,NA,ACTLTZ003021,NOT-1,ACPOTZ014417,NPK_micro,1.96,NA,NA,NA,,NA,NA,NA,NA
4192,Tanzania,Tanzania Lake Region,Oyo,Ido,NA,NA,ACTLTZ003021,NOT-1,ACPOTZ014419,NK,6.4,NA,NA,NA,,NA,NA,NA,NA
4193,Tanzania,Tanzania Lake Region,Oyo,Ido,NA,NA,ACTLTZ003021,NOT-1,ACPOTZ014421,NPK,3.94,NA,NA,NA,,NA,NA,NA,NA
4194,Tanzania,Tanzania Lake Region,Mara,Serengeti,34.4996,-1.7264,ACTLTZ003040,NOT-2,ACPOTZ014070,PK,26.76,2018,10,15,15/10/2018,24/11/2017,2017,11,24
4195,Tanzania,Tanzania Lake Region,Mara,Serengeti,34.4996,-1.7264,ACTLTZ003040,NOT-2,ACPOTZ014067,NPK_micro,56.52,2018,10,15,15/10/2018,24/11/2017,2017,11,24
4196,Tanzania,Tanzania Lake Region,Mara,Serengeti,34.4996,-1.7264,ACTLTZ003040,NOT-2,ACPOTZ014069,NK,28.64,2018,10,15,15/10/2018,24/11/2017,2017,11,24
4197,Tanzania,Tanzania Lake Region,Mara,Serengeti,34.4996,-1.7264,ACTLTZ003040,NOT-2,ACPOTZ014066,half_NPK,30.56,2018,10,15,15/10/2018,24/11/2017,2017,11,24
4198,Tanzania,Tanzania Lake Region,Mara,Serengeti,34.4996,-1.7264,ACTLTZ003040,NOT-2,ACPOTZ014068,NP,9.6,2018,10,15,15/10/2018,24/11/2017,2017,11,24
4199,Tanzania,Tanzania Lake Region,Mara,Serengeti,34.6488,-1.8639,ACTLTZ003046,NOT-1,ACPOTZ017218,NPK,10.73,2018,10,15,15/10/2018,28/11/2017,2017,11,28
4200,Tanzania,Tanzania Lake Region,Mara,Serengeti,34.6488,-1.8639,ACTLTZ003046,NOT-1,ACPOTZ017266,half_NPK,6.06,2018,10,15,15/10/2018,28/11/2017,2017,11,28
4201,Tanzania,Tanzania Lake Region,Mara,Serengeti,34.6488,-1.8639,ACTLTZ003046,NOT-1,ACPOTZ017217,CON,5.426666667,2018,10,15,15/10/2018,28/11/2017,2017,11,28
4202,Tanzania,Tanzania Lake Region,Mara,Serengeti,34.6488,-1.8639,ACTLTZ003046,NOT-1,ACPOTZ017221,PK,9.97,2018,10,15,15/10/2018,28/11/2017,2017,11,28
4203,Tanzania,Tanzania Lake Region,Mara,Serengeti,34.6488,-1.8639,ACTLTZ003046,NOT-1,ACPOTZ017223,NP,19.36,2018,10,15,15/10/2018,28/11/2017,2017,11,28
4204,Tanzania,Tanzania Lake Region,Mara,Serengeti,34.6488,-1.8639,ACTLTZ003046,NOT-1,ACPOTZ017222,NK,10.74,2018,10,15,15/10/2018,28/11/2017,2017,11,28
4205,Tanzania,Tanzania Lake Region,Mara,Serengeti,34.4968,-1.7184,ACTLTZ003053,NOT-2,ACPOTZ014093,PK,17.32,2018,10,15,15/10/2018,26/11/2017,2017,11,26
4206,Tanzania,Tanzania Lake Region,Mara,Serengeti,34.4968,-1.7184,ACTLTZ003053,NOT-2,ACPOTZ014089,half_NPK,68.04,2018,10,15,15/10/2018,26/11/2017,2017,11,26
4207,Tanzania,Tanzania Lake Region,Mara,Serengeti,34.4968,-1.7184,ACTLTZ003053,NOT-2,ACPOTZ014095,NPK,28.16,2018,10,15,15/10/2018,26/11/2017,2017,11,26
4208,Tanzania,Tanzania Lake Region,Mara,Serengeti,34.4968,-1.7184,ACTLTZ003053,NOT-2,ACPOTZ014091,NP,27.292,2018,10,15,15/10/2018,26/11/2017,2017,11,26
4209,Tanzania,Tanzania Lake Region,Mara,Serengeti,34.4968,-1.7184,ACTLTZ003053,NOT-2,ACPOTZ014096,CON,24.68,2018,10,15,15/10/2018,26/11/2017,2017,11,26
4210,Tanzania,Tanzania Lake Region,Mara,Serengeti,34.4968,-1.7184,ACTLTZ003053,NOT-2,ACPOTZ014092,NK,22.32,2018,10,15,15/10/2018,26/11/2017,2017,11,26
4211,Tanzania,Tanzania Lake Region,Mara,Serengeti,34.4968,-1.7184,ACTLTZ003053,NOT-2,ACPOTZ014094,NPK,59.24,2018,10,15,15/10/2018,26/11/2017,2017,11,26
4212,Tanzania,Tanzania Lake Region,Mara,Serengeti,34.4322,-1.7251,ACTLTZ003054,NOT-1,ACPOTZ014010,CON,17.56,2018,10,15,15/10/2018,23/11/2017,2017,11,23
4213,Tanzania,Tanzania Lake Region,Mara,Serengeti,34.4322,-1.7251,ACTLTZ003054,NOT-1,ACPOTZ013923,NPK,21.88,2018,10,15,15/10/2018,23/11/2017,2017,11,23
4214,Tanzania,Tanzania Lake Region,Mara,Serengeti,34.4322,-1.7251,ACTLTZ003054,NOT-1,ACPOTZ014006,PK,18.992,2018,10,15,15/10/2018,23/11/2017,2017,11,23
4215,Tanzania,Tanzania Lake Region,Mara,Serengeti,34.4322,-1.7251,ACTLTZ003054,NOT-1,ACPOTZ014007,NP,21.16,2018,10,15,15/10/2018,23/11/2017,2017,11,23
4216,Tanzania,Tanzania Lake Region,Mara,Serengeti,34.4322,-1.7251,ACTLTZ003054,NOT-1,ACPOTZ013922,NPK,12.8,2018,10,15,15/10/2018,23/11/2017,2017,11,23
4217,Tanzania,Tanzania Lake Region,Mara,Serengeti,34.4322,-1.7251,ACTLTZ003054,NOT-1,ACPOTZ014005,NPK_micro,16.68,2018,10,15,15/10/2018,23/11/2017,2017,11,23
4218,Tanzania,Tanzania Lake Region,Mara,Serengeti,NA,NA,ACTLTZ003055,NOT-1,ACPOTZ014153,half_NPK,23.44,NA,NA,NA,,NA,NA,NA,NA
4219,Tanzania,Tanzania Lake Region,Mara,Serengeti,NA,NA,ACTLTZ003055,NOT-1,ACPOTZ014149,NK,31.6,NA,NA,NA,,NA,NA,NA,NA
4220,Tanzania,Tanzania Lake Region,Mara,Serengeti,NA,NA,ACTLTZ003055,NOT-1,ACPOTZ014155,NP,13.2,NA,NA,NA,,NA,NA,NA,NA
4221,Tanzania,Tanzania Lake Region,Mara,Serengeti,NA,NA,ACTLTZ003055,NOT-1,ACPOTZ014151,NPK,17.2,NA,NA,NA,,NA,NA,NA,NA
4222,Tanzania,Tanzania Lake Region,Mara,Serengeti,NA,NA,ACTLTZ003055,NOT-1,ACPOTZ014152,NPK,17.52,NA,NA,NA,,NA,NA,NA,NA
4223,Tanzania,Tanzania Lake Region,Mara,Serengeti,NA,NA,ACTLTZ003055,NOT-1,ACPOTZ014154,NPK_micro,11.96,NA,NA,NA,,NA,NA,NA,NA
4224,Tanzania,Tanzania Lake Region,Mara,Serengeti,NA,NA,ACTLTZ003055,NOT-1,ACPOTZ014148,PK,21.76,NA,NA,NA,,NA,NA,NA,NA
4225,Tanzania,Tanzania Lake Region,Mara,Serengeti,NA,NA,ACTLTZ003055,NOT-1,ACPOTZ014150,CON,19.4,NA,NA,NA,,NA,NA,NA,NA
4226,Tanzania,Tanzania Lake Region,Mara,Serengeti,NA,NA,ACTLTZ003057,NOT-2,ACPOTZ014147,CON,16.84,NA,NA,NA,,NA,NA,NA,NA
4227,Tanzania,Tanzania Lake Region,Mara,Serengeti,NA,NA,ACTLTZ003057,NOT-2,ACPOTZ014140,half_NPK,11.98,NA,NA,NA,,NA,NA,NA,NA
4228,Tanzania,Tanzania Lake Region,Mara,Serengeti,NA,NA,ACTLTZ003057,NOT-2,ACPOTZ014143,NK,7.44,NA,NA,NA,,NA,NA,NA,NA
4229,Tanzania,Tanzania Lake Region,Mara,Serengeti,NA,NA,ACTLTZ003057,NOT-2,ACPOTZ014142,NP,8.32,NA,NA,NA,,NA,NA,NA,NA
4230,Tanzania,Tanzania Lake Region,Mara,Serengeti,NA,NA,ACTLTZ003057,NOT-2,ACPOTZ014145,NPK,9.6,NA,NA,NA,,NA,NA,NA,NA
4231,Tanzania,Tanzania Lake Region,Mara,Serengeti,NA,NA,ACTLTZ003057,NOT-2,ACPOTZ014146,NPK,18,NA,NA,NA,,NA,NA,NA,NA
4232,Tanzania,Tanzania Lake Region,Mara,Serengeti,NA,NA,ACTLTZ003057,NOT-2,ACPOTZ014141,NPK_micro,12.18,NA,NA,NA,,NA,NA,NA,NA
4233,Tanzania,Tanzania Lake Region,Mara,Serengeti,NA,NA,ACTLTZ003057,NOT-2,ACPOTZ014144,PK,19.8,NA,NA,NA,,NA,NA,NA,NA
4234,Tanzania,Tanzania Lake Region,Mara,Serengeti,NA,NA,ACTLTZ003060,NOT-1,ACPOTZ014178,NK,26.2,NA,NA,NA,,NA,NA,NA,NA
4235,Tanzania,Tanzania Lake Region,Mara,Serengeti,NA,NA,ACTLTZ003060,NOT-1,ACPOTZ014177,NP,21.28,NA,NA,NA,,NA,NA,NA,NA
4236,Tanzania,Tanzania Lake Region,Mara,Serengeti,NA,NA,ACTLTZ003060,NOT-1,ACPOTZ014180,NPK,13.2,NA,NA,NA,,NA,NA,NA,NA
4237,Tanzania,Tanzania Lake Region,Mara,Serengeti,NA,NA,ACTLTZ003060,NOT-1,ACPOTZ014179,PK,30.8,NA,NA,NA,,NA,NA,NA,NA
4238,Tanzania,Tanzania Lake Region,Mara,Serengeti,NA,NA,ACTLTZ003060,NOT-1,ACPOTZ014182,CON,27,NA,NA,NA,,NA,NA,NA,NA
4239,Tanzania,Tanzania Lake Region,Mara,Serengeti,NA,NA,ACTLTZ003060,NOT-1,ACPOTZ014175,half_NPK,22,NA,NA,NA,,NA,NA,NA,NA
4240,Tanzania,Tanzania Lake Region,Mara,Serengeti,NA,NA,ACTLTZ003063,NOT-2,ACPOTZ014202,NK,28,NA,NA,NA,,NA,NA,NA,NA
4241,Tanzania,Tanzania Lake Region,Mara,Serengeti,NA,NA,ACTLTZ003063,NOT-2,ACPOTZ014200,NPK_micro,26.8,NA,NA,NA,,NA,NA,NA,NA
4242,Tanzania,Tanzania Lake Region,Mara,Serengeti,NA,NA,ACTLTZ003064,NOT-1,ACPOTZ014192,CON,21.92,NA,NA,NA,,NA,NA,NA,NA
4243,Tanzania,Tanzania Lake Region,Mara,Serengeti,NA,NA,ACTLTZ003064,NOT-1,ACPOTZ014185,half_NPK,22.66,NA,NA,NA,,NA,NA,NA,NA
4244,Tanzania,Tanzania Lake Region,Mara,Serengeti,NA,NA,ACTLTZ003064,NOT-1,ACPOTZ014188,NK,29.4,NA,NA,NA,,NA,NA,NA,NA
4245,Tanzania,Tanzania Lake Region,Mara,Serengeti,NA,NA,ACTLTZ003064,NOT-1,ACPOTZ014187,NP,33.28,NA,NA,NA,,NA,NA,NA,NA
4246,Tanzania,Tanzania Lake Region,Mara,Serengeti,NA,NA,ACTLTZ003064,NOT-1,ACPOTZ014186,NPK_micro,15.4,NA,NA,NA,,NA,NA,NA,NA
4247,Tanzania,Tanzania Lake Region,Mara,Serengeti,NA,NA,ACTLTZ003064,NOT-1,ACPOTZ014189,PK,25.24,NA,NA,NA,,NA,NA,NA,NA
4248,Tanzania,Tanzania Lake Region,Mara,Serengeti,NA,NA,ACTLTZ003064,NOT-1,ACPOTZ014191,NPK,29.08,NA,NA,NA,,NA,NA,NA,NA
4249,Tanzania,Tanzania Lake Region,Mara,Serengeti,NA,NA,ACTLTZ003065,NOT-2,ACPOTZ014172,CON,18,NA,NA,NA,,NA,NA,NA,NA
4250,Tanzania,Tanzania Lake Region,Mara,Serengeti,NA,NA,ACTLTZ003065,NOT-2,ACPOTZ014165,half_NPK,14,NA,NA,NA,,NA,NA,NA,NA
4251,Tanzania,Tanzania Lake Region,Mara,Serengeti,NA,NA,ACTLTZ003065,NOT-2,ACPOTZ014168,NK,19.1,NA,NA,NA,,NA,NA,NA,NA
4252,Tanzania,Tanzania Lake Region,Mara,Serengeti,NA,NA,ACTLTZ003065,NOT-2,ACPOTZ014167,NP,13.36,NA,NA,NA,,NA,NA,NA,NA
4253,Tanzania,Tanzania Lake Region,Mara,Serengeti,NA,NA,ACTLTZ003065,NOT-2,ACPOTZ014171,NPK,26.26,NA,NA,NA,,NA,NA,NA,NA
4254,Tanzania,Tanzania Lake Region,Mara,Serengeti,NA,NA,ACTLTZ003065,NOT-2,ACPOTZ014170,NPK,11.8,NA,NA,NA,,NA,NA,NA,NA
4255,Tanzania,Tanzania Lake Region,Mara,Serengeti,NA,NA,ACTLTZ003065,NOT-2,ACPOTZ014166,NPK_micro,9.34,NA,NA,NA,,NA,NA,NA,NA
4256,Tanzania,Tanzania Lake Region,Mara,Serengeti,NA,NA,ACTLTZ003065,NOT-2,ACPOTZ014169,PK,6.64,NA,NA,NA,,NA,NA,NA,NA
4257,Tanzania,Tanzania Lake Region,Mara,Butiam,33.9489,-1.6715,ACTLTZ003084,NOT-1,ACPOTZ013953,NP,9.02,2018,10,24,24/10/2018,23/11/2017,2017,11,23
4258,Tanzania,Tanzania Lake Region,Mara,Butiam,33.9489,-1.6715,ACTLTZ003084,NOT-1,ACPOTZ014074,NPK_micro,7.46,2018,10,24,24/10/2018,23/11/2017,2017,11,23
4259,Tanzania,Tanzania Lake Region,Mara,Butiam,33.9489,-1.6715,ACTLTZ003084,NOT-1,ACPOTZ014223,half_NPK,5.68,2018,10,24,24/10/2018,23/11/2017,2017,11,23
4260,Tanzania,Tanzania Lake Region,Mara,Butiam,33.9489,-1.6715,ACTLTZ003084,NOT-1,ACPOTZ014224,CON,4.8,2018,10,24,24/10/2018,23/11/2017,2017,11,23
4261,Tanzania,Tanzania Lake Region,Mara,Butiam,33.9489,-1.6715,ACTLTZ003084,NOT-1,ACPOTZ014083,NK,9,2018,10,24,24/10/2018,23/11/2017,2017,11,23
4262,Tanzania,Tanzania Lake Region,Mara,Butiam,33.9489,-1.6715,ACTLTZ003084,NOT-1,ACPOTZ014084,PK,12.66,2018,10,24,24/10/2018,23/11/2017,2017,11,23
4263,Tanzania,Tanzania Lake Region,Mara,Butiam,33.9489,-1.6715,ACTLTZ003084,NOT-1,ACPOTZ014082,NPK,10.12,2018,10,24,24/10/2018,23/11/2017,2017,11,23
4264,Tanzania,Tanzania Lake Region,Mara,Butiam,33.9489,-1.6715,ACTLTZ003084,NOT-1,ACPOTZ014081,NPK,11.82,2018,10,24,24/10/2018,23/11/2017,2017,11,23
4265,Tanzania,Tanzania Lake Region,Mara,Butiam,33.9364,-1.6653,ACTLTZ003085,NOT-2,ACPOTZ014235,PK,10.98,2018,10,24,24/10/2018,23/11/2017,2017,11,23
4266,Tanzania,Tanzania Lake Region,Mara,Butiam,33.9364,-1.6653,ACTLTZ003085,NOT-2,ACPOTZ014236,NPK,32.58,2018,10,24,24/10/2018,23/11/2017,2017,11,23
4267,Tanzania,Tanzania Lake Region,Mara,Butiam,33.9364,-1.6653,ACTLTZ003085,NOT-2,ACPOTZ014232,NPK_micro,15.28,2018,10,24,24/10/2018,23/11/2017,2017,11,23
4268,Tanzania,Tanzania Lake Region,Mara,Butiam,33.9346,-1.6742,ACTLTZ003086,NOT-2,ACPOTZ014250,NPK,14.02,2018,10,24,24/10/2018,23/11/2017,2017,11,23
4269,Tanzania,Tanzania Lake Region,Mara,Butiam,33.9346,-1.6742,ACTLTZ003086,NOT-2,ACPOTZ014245,half_NPK,11.2,2018,10,24,24/10/2018,23/11/2017,2017,11,23
4270,Tanzania,Tanzania Lake Region,Mara,Butiam,33.9346,-1.6742,ACTLTZ003086,NOT-2,ACPOTZ014246,NPK_micro,8.7,2018,10,24,24/10/2018,23/11/2017,2017,11,23
4271,Tanzania,Tanzania Lake Region,Mara,Butiam,33.9346,-1.6742,ACTLTZ003086,NOT-2,ACPOTZ014248,NK,21.9,2018,10,24,24/10/2018,23/11/2017,2017,11,23
4272,Tanzania,Tanzania Lake Region,Mara,Butiam,33.9346,-1.6742,ACTLTZ003086,NOT-2,ACPOTZ014247,NP,28.36,2018,10,24,24/10/2018,23/11/2017,2017,11,23
4273,Tanzania,Tanzania Lake Region,Mara,Butiam,33.9627,-1.6746,ACTLTZ003091,NOT-1,ACPOTZ014266,NPK_micro,10.74,2018,10,24,24/10/2018,23/11/2017,2017,11,23
4274,Tanzania,Tanzania Lake Region,Mara,Butiam,33.9627,-1.6746,ACTLTZ003091,NOT-1,ACPOTZ014270,NPK,11.6,2018,10,24,24/10/2018,23/11/2017,2017,11,23
4275,Tanzania,Tanzania Lake Region,Mara,Butiam,33.9627,-1.6746,ACTLTZ003091,NOT-1,ACPOTZ014269,PK,13.68,2018,10,24,24/10/2018,23/11/2017,2017,11,23
4276,Tanzania,Tanzania Lake Region,Mara,Butiam,33.9627,-1.6746,ACTLTZ003091,NOT-1,ACPOTZ014272,CON,16.86,2018,10,24,24/10/2018,23/11/2017,2017,11,23
4277,Tanzania,Tanzania Lake Region,Mara,Butiam,33.9627,-1.6746,ACTLTZ003091,NOT-1,ACPOTZ014265,half_NPK,7.1,2018,10,24,24/10/2018,23/11/2017,2017,11,23
4278,Tanzania,Tanzania Lake Region,Mara,Butiam,33.9627,-1.6746,ACTLTZ003091,NOT-1,ACPOTZ014267,NP,19.32,2018,10,24,24/10/2018,23/11/2017,2017,11,23
4279,Tanzania,Tanzania Lake Region,Mara,Butiam,33.9627,-1.6746,ACTLTZ003091,NOT-1,ACPOTZ014268,NK,17.08,2018,10,24,24/10/2018,23/11/2017,2017,11,23
4280,Tanzania,Tanzania Lake Region,Mara,Butiam,33.9716,-1.6671,ACTLTZ003092,NOT-2,ACPOTZ014285,NPK,28.46,2018,10,24,24/10/2018,23/11/2017,2017,11,23
4281,Tanzania,Tanzania Lake Region,Mara,Butiam,33.9716,-1.6671,ACTLTZ003092,NOT-2,ACPOTZ014283,PK,27.56,2018,10,24,24/10/2018,23/11/2017,2017,11,23
4282,Tanzania,Tanzania Lake Region,Mara,Butiam,33.9716,-1.6671,ACTLTZ003092,NOT-2,ACPOTZ014280,NPK_micro,31.84,2018,10,24,24/10/2018,23/11/2017,2017,11,23
4283,Tanzania,Tanzania Lake Region,Mara,Butiam,33.9716,-1.6671,ACTLTZ003092,NOT-2,ACPOTZ014281,NP,28.4,2018,10,24,24/10/2018,23/11/2017,2017,11,23
4284,Tanzania,Tanzania Lake Region,Mara,Butiam,33.9716,-1.6671,ACTLTZ003092,NOT-2,ACPOTZ014282,NK,40.78,2018,10,24,24/10/2018,23/11/2017,2017,11,23
4285,Tanzania,Tanzania Lake Region,Mara,Butiam,33.7706,-1.8244,ACTLTZ003094,NOT-2,ACPOTZ014310,CON,19.74,2018,10,22,22/10/2018,23/11/2017,2017,11,23
4286,Tanzania,Tanzania Lake Region,Mara,Butiam,33.7706,-1.8244,ACTLTZ003094,NOT-2,ACPOTZ014307,PK,17.16,2018,10,22,22/10/2018,23/11/2017,2017,11,23
4287,Tanzania,Tanzania Lake Region,Mara,Butiam,33.7706,-1.8244,ACTLTZ003094,NOT-2,ACPOTZ014305,NP,15.8,2018,10,22,22/10/2018,23/11/2017,2017,11,23
4288,Tanzania,Tanzania Lake Region,Mara,Butiam,33.7817,-1.8217,ACTLTZ003097,NOT-2,ACPOTZ014321,PK,7.32,2018,10,22,22/10/2018,23/11/2017,2017,11,23
4289,Tanzania,Tanzania Lake Region,Mara,Butiam,33.7817,-1.8217,ACTLTZ003097,NOT-2,ACPOTZ014318,NPK_micro,6.7,2018,10,22,22/10/2018,23/11/2017,2017,11,23
4290,Tanzania,Tanzania Lake Region,Mara,Butiam,33.7817,-1.8217,ACTLTZ003097,NOT-2,ACPOTZ014323,NPK,6.826923077,2018,10,22,22/10/2018,23/11/2017,2017,11,23
4291,Tanzania,Tanzania Lake Region,Mara,Butiam,33.7817,-1.8217,ACTLTZ003097,NOT-2,ACPOTZ014317,half_NPK,8,2018,10,22,22/10/2018,23/11/2017,2017,11,23
4292,Tanzania,Tanzania Lake Region,Mara,Butiam,33.7817,-1.8217,ACTLTZ003097,NOT-2,ACPOTZ014322,NPK,15.3,2018,10,22,22/10/2018,23/11/2017,2017,11,23
4293,Tanzania,Tanzania Lake Region,Mara,Butiam,33.7817,-1.8217,ACTLTZ003097,NOT-2,ACPOTZ014320,NK,11.38,2018,10,22,22/10/2018,23/11/2017,2017,11,23
4294,Tanzania,Tanzania Lake Region,Mara,Butiam,33.7817,-1.8217,ACTLTZ003097,NOT-2,ACPOTZ014319,NP,3.28,2018,10,22,22/10/2018,23/11/2017,2017,11,23
4295,Tanzania,Tanzania Lake Region,Mara,Butiam,33.7817,-1.8217,ACTLTZ003097,NOT-2,ACPOTZ014324,CON,5.74,2018,10,22,22/10/2018,23/11/2017,2017,11,23
4296,Tanzania,Tanzania Lake Region,Mara,Butiam,33.7813,-1.8456,ACTLTZ003098,NOT-1,ACPOTZ014329,NP,9.4,2018,10,22,22/10/2018,23/11/2017,2017,11,23
4297,Tanzania,Tanzania Lake Region,Mara,Butiam,33.7813,-1.8456,ACTLTZ003098,NOT-1,ACPOTZ014332,NPK,2.62,2018,10,22,22/10/2018,23/11/2017,2017,11,23
4298,Tanzania,Tanzania Lake Region,Mara,Butiam,33.7813,-1.8456,ACTLTZ003098,NOT-1,ACPOTZ014328,NPK_micro,11,2018,10,22,22/10/2018,23/11/2017,2017,11,23
4299,Tanzania,Tanzania Lake Region,Mara,Butiam,33.7813,-1.8456,ACTLTZ003098,NOT-1,ACPOTZ014331,PK,7.4,2018,10,22,22/10/2018,23/11/2017,2017,11,23
4300,Tanzania,Tanzania Lake Region,Mara,Butiam,33.7813,-1.8456,ACTLTZ003098,NOT-1,ACPOTZ014327,half_NPK,12.96,2018,10,22,22/10/2018,23/11/2017,2017,11,23
4301,Tanzania,Tanzania Lake Region,Mara,Butiam,33.7813,-1.8456,ACTLTZ003098,NOT-1,ACPOTZ014330,NK,10.86,2018,10,22,22/10/2018,23/11/2017,2017,11,23
4302,Tanzania,Tanzania Lake Region,Mara,Butiam,33.7813,-1.8456,ACTLTZ003098,NOT-1,ACPOTZ014334,CON,7.54,2018,10,22,22/10/2018,23/11/2017,2017,11,23
4303,Tanzania,Tanzania Lake Region,Mara,Butiam,33.7813,-1.8456,ACTLTZ003098,NOT-1,ACPOTZ014333,NPK,20.92,2018,10,22,22/10/2018,23/11/2017,2017,11,23
4304,Tanzania,Tanzania Lake Region,Mara,Butiam,33.7966,-1.8265,ACTLTZ003100,NOT-2,ACPOTZ014345,PK,13.44,2018,10,22,22/10/2018,23/11/2017,2017,11,23
4305,Tanzania,Tanzania Lake Region,Mara,Butiam,33.7966,-1.8265,ACTLTZ003100,NOT-2,ACPOTZ014346,NPK,11.46,2018,10,22,22/10/2018,23/11/2017,2017,11,23
4306,Tanzania,Tanzania Lake Region,Mara,Butiam,33.7966,-1.8265,ACTLTZ003100,NOT-2,ACPOTZ014341,half_NPK,11.8,2018,10,22,22/10/2018,23/11/2017,2017,11,23
4307,Tanzania,Tanzania Lake Region,Mara,Butiam,33.7966,-1.8265,ACTLTZ003100,NOT-2,ACPOTZ014343,NP,9.96,2018,10,22,22/10/2018,23/11/2017,2017,11,23
4308,Tanzania,Tanzania Lake Region,Mara,Butiam,33.7966,-1.8265,ACTLTZ003100,NOT-2,ACPOTZ014344,NK,11.74,2018,10,22,22/10/2018,23/11/2017,2017,11,23
4309,Tanzania,Tanzania Lake Region,Mara,Butiam,33.7966,-1.8265,ACTLTZ003100,NOT-2,ACPOTZ014342,NPK_micro,9.9,2018,10,22,22/10/2018,23/11/2017,2017,11,23
4310,Tanzania,Tanzania Lake Region,Mara,Butiam,33.7966,-1.8265,ACTLTZ003100,NOT-2,ACPOTZ014348,CON,10.38,2018,10,22,22/10/2018,23/11/2017,2017,11,23
4311,Tanzania,Tanzania Lake Region,Mara,Butiam,33.7966,-1.8265,ACTLTZ003100,NOT-2,ACPOTZ014347,NPK,10.68,2018,10,22,22/10/2018,23/11/2017,2017,11,23
4312,Tanzania,Tanzania Lake Region,Mara,Butiam,33.798,-1.8221,ACTLTZ003105,NOT-1,ACPOTZ014366,NPK,11.1,2018,10,22,22/10/2018,23/11/2017,2017,11,23
4313,Tanzania,Tanzania Lake Region,Mara,Butiam,33.798,-1.8221,ACTLTZ003105,NOT-1,ACPOTZ014362,NPK_micro,14.8,2018,10,22,22/10/2018,23/11/2017,2017,11,23
4314,Tanzania,Tanzania Lake Region,Mara,Butiam,33.798,-1.8221,ACTLTZ003105,NOT-1,ACPOTZ014365,PK,15.184,2018,10,22,22/10/2018,23/11/2017,2017,11,23
4315,Tanzania,Tanzania Lake Region,Mara,Butiam,33.798,-1.8221,ACTLTZ003105,NOT-1,ACPOTZ014364,NK,14.144,2018,10,22,22/10/2018,23/11/2017,2017,11,23
4316,Tanzania,Tanzania Lake Region,Mara,Butiam,33.798,-1.8221,ACTLTZ003105,NOT-1,ACPOTZ014363,NP,13.76,2018,10,22,22/10/2018,23/11/2017,2017,11,23
4317,Tanzania,Tanzania Lake Region,Mara,Butiam,33.798,-1.8221,ACTLTZ003105,NOT-1,ACPOTZ014361,half_NPK,11.7,2018,10,22,22/10/2018,23/11/2017,2017,11,23
4318,Tanzania,Tanzania Lake Region,Mara,Butiam,33.798,-1.8221,ACTLTZ003105,NOT-1,ACPOTZ014367,NPK,6.2,2018,10,22,22/10/2018,23/11/2017,2017,11,23
4319,Tanzania,Tanzania Lake Region,Mara,Butiam,33.7975,-1.8274,ACTLTZ003106,NOT-1,ACPOTZ014373,NP,11.976,2018,10,22,22/10/2018,23/11/2017,2017,11,23
4320,Tanzania,Tanzania Lake Region,Mara,Butiam,33.7975,-1.8274,ACTLTZ003106,NOT-1,ACPOTZ014371,half_NPK,8.42,2018,10,22,22/10/2018,23/11/2017,2017,11,23
4321,Tanzania,Tanzania Lake Region,Mara,Butiam,33.7975,-1.8274,ACTLTZ003106,NOT-1,ACPOTZ014377,NPK,10.8,2018,10,22,22/10/2018,23/11/2017,2017,11,23
4322,Tanzania,Tanzania Lake Region,Mara,Butiam,33.7975,-1.8274,ACTLTZ003106,NOT-1,ACPOTZ014376,NPK,9.4,2018,10,22,22/10/2018,23/11/2017,2017,11,23
4323,Tanzania,Tanzania Lake Region,Mara,Butiam,33.7975,-1.8274,ACTLTZ003106,NOT-1,ACPOTZ014378,CON,17.04,2018,10,22,22/10/2018,23/11/2017,2017,11,23
4324,Tanzania,Tanzania Lake Region,Mara,Butiam,33.7975,-1.8274,ACTLTZ003106,NOT-1,ACPOTZ014374,NK,8.8,2018,10,22,22/10/2018,23/11/2017,2017,11,23
4325,Tanzania,Tanzania Lake Region,Mara,Butiam,33.7975,-1.8274,ACTLTZ003106,NOT-1,ACPOTZ014375,PK,7.3,2018,10,22,22/10/2018,23/11/2017,2017,11,23
4326,Tanzania,Tanzania Lake Region,Mara,Butiam,33.7975,-1.8274,ACTLTZ003106,NOT-1,ACPOTZ014372,NPK_micro,8.2,2018,10,22,22/10/2018,23/11/2017,2017,11,23
4327,Tanzania,Tanzania Coastal Region,Lindi,Nachingwea,38.7951,-10.5468,ACTLTZ003755,NOT-2,ACPOTZ019827,CON,0.943333333,2018,11,6,06/11/2018,10/01/2018,2018,1,10
4328,Tanzania,Tanzania Coastal Region,Lindi,Nachingwea,38.7951,-10.5468,ACTLTZ003755,NOT-2,ACPOTZ019832,NPK,0.82,2018,11,6,06/11/2018,10/01/2018,2018,1,10
4329,Tanzania,Tanzania Coastal Region,Lindi,Nachingwea,38.7951,-10.5468,ACTLTZ003755,NOT-2,ACPOTZ019834,PK,3.24,2018,11,6,06/11/2018,10/01/2018,2018,1,10
4330,Tanzania,Tanzania Coastal Region,Lindi,Nachingwea,38.7951,-10.5468,ACTLTZ003755,NOT-2,ACPOTZ019830,NP,4.72,2018,11,6,06/11/2018,10/01/2018,2018,1,10
4331,Tanzania,Tanzania Coastal Region,Lindi,Nachingwea,NA,NA,ACTLTZ003756,NOT-2,ACPOTZ019825,half_NPK,5.833333333,NA,NA,NA,,NA,NA,NA,NA
4332,Tanzania,Tanzania Coastal Region,Lindi,Nachingwea,NA,NA,ACTLTZ003756,NOT-2,ACPOTZ019826,NK,4.286666667,NA,NA,NA,,NA,NA,NA,NA
4333,Tanzania,Tanzania Coastal Region,Lindi,Nachingwea,NA,NA,ACTLTZ003756,NOT-2,ACPOTZ019823,NPK,9.333333333,NA,NA,NA,,NA,NA,NA,NA
4334,Tanzania,Tanzania Coastal Region,Lindi,Nachingwea,NA,NA,ACTLTZ003756,NOT-2,ACPOTZ019822,NPK_micro,6.903333333,NA,NA,NA,,NA,NA,NA,NA
4335,Tanzania,Tanzania Coastal Region,Mtwara,Masasi,38.8983,-10.6099,ACTLTZ003777,NOT-1,ACPOTZ004672,NPK,21.38666667,2018,10,14,14/10/2018,04/12/2017,2017,12,4
4336,Tanzania,Tanzania Coastal Region,Mtwara,Masasi,38.8983,-10.6099,ACTLTZ003777,NOT-1,ACPOTZ004670,PK,19.14,2018,10,14,14/10/2018,04/12/2017,2017,12,4
4337,Tanzania,Tanzania Coastal Region,Mtwara,Masasi,38.8983,-10.6099,ACTLTZ003777,NOT-1,ACPOTZ004669,NP,15.43333333,2018,10,14,14/10/2018,04/12/2017,2017,12,4
4338,Tanzania,Tanzania Coastal Region,Mtwara,Masasi,38.9002,-10.5839,ACTLTZ003779,NOT-2,ACPOTZ006935,NPK,21.31333333,2018,10,12,12/10/2018,03/12/2017,2017,12,3
4339,Tanzania,Tanzania Coastal Region,Mtwara,Masasi,38.9002,-10.5839,ACTLTZ003779,NOT-2,ACPOTZ006928,NPK,21.39333333,2018,10,12,12/10/2018,03/12/2017,2017,12,3
4340,Tanzania,Tanzania Coastal Region,Mtwara,Masasi,38.9002,-10.5839,ACTLTZ003779,NOT-2,ACPOTZ006933,PK,23.66666667,2018,10,12,12/10/2018,03/12/2017,2017,12,3
4341,Tanzania,Tanzania Coastal Region,Mtwara,Masasi,38.9002,-10.5839,ACTLTZ003779,NOT-2,ACPOTZ006932,half_NPK,25.91333333,2018,10,12,12/10/2018,03/12/2017,2017,12,3
4342,Tanzania,Tanzania Coastal Region,Mtwara,Masasi,38.9002,-10.5839,ACTLTZ003779,NOT-2,ACPOTZ006930,NK,20.3,2018,10,12,12/10/2018,03/12/2017,2017,12,3
4343,Tanzania,Tanzania Coastal Region,Mtwara,Masasi,38.9002,-10.5839,ACTLTZ003779,NOT-2,ACPOTZ006929,CON,17.92,2018,10,12,12/10/2018,03/12/2017,2017,12,3
4344,Tanzania,Tanzania Coastal Region,Mtwara,Masasi,NA,NA,ACTLTZ003781,NOT-2,ACPOTZ019724,half_NPK,18.35333333,NA,NA,NA,,NA,NA,NA,NA
4345,Tanzania,Tanzania Coastal Region,Mtwara,Masasi,NA,NA,ACTLTZ003781,NOT-2,ACPOTZ019728,NK,21.34666667,NA,NA,NA,,NA,NA,NA,NA
4346,Tanzania,Tanzania Coastal Region,Mtwara,Masasi,NA,NA,ACTLTZ003781,NOT-2,ACPOTZ019730,NP,14.84666667,NA,NA,NA,,NA,NA,NA,NA
4347,Tanzania,Tanzania Coastal Region,Mtwara,Masasi,NA,NA,ACTLTZ003781,NOT-2,ACPOTZ019726,NPK,21.14,NA,NA,NA,,NA,NA,NA,NA
4348,Tanzania,Tanzania Coastal Region,Mtwara,Masasi,NA,NA,ACTLTZ003781,NOT-2,ACPOTZ019729,NPK,17.76666667,NA,NA,NA,,NA,NA,NA,NA
4349,Tanzania,Tanzania Coastal Region,Mtwara,Masasi,NA,NA,ACTLTZ003781,NOT-2,ACPOTZ019727,PK,21.78,NA,NA,NA,,NA,NA,NA,NA
4350,Tanzania,Tanzania Coastal Region,Mtwara,Masasi,NA,NA,ACTLTZ003781,NOT-2,ACPOTZ019725,NPK_micro,19.20666667,NA,NA,NA,,NA,NA,NA,NA
4351,Tanzania,Tanzania Coastal Region,Mtwara,Masasi,39.0697,-10.9718,ACTLTZ003783,NOT-1,ACPOTZ019714,CON,2.946666667,2018,10,4,04/10/2018,27/12/2017,2017,12,27
4352,Tanzania,Tanzania Coastal Region,Mtwara,Masasi,39.0697,-10.9718,ACTLTZ003783,NOT-1,ACPOTZ019719,NPK,8.38,2018,10,4,04/10/2018,27/12/2017,2017,12,27
4353,Tanzania,Tanzania Coastal Region,Mtwara,Masasi,39.0697,-10.9718,ACTLTZ003783,NOT-1,ACPOTZ019715,NP,6.693333333,2018,10,4,04/10/2018,27/12/2017,2017,12,27
4354,Tanzania,Tanzania Coastal Region,Mtwara,Masasi,39.0697,-10.9718,ACTLTZ003783,NOT-1,ACPOTZ019716,NK,7.98,2018,10,4,04/10/2018,27/12/2017,2017,12,27
4355,Tanzania,Tanzania Coastal Region,Mtwara,Masasi,39.0697,-10.9718,ACTLTZ003783,NOT-2,ACPOTZ019690,NPK,17.89333333,2018,10,4,04/10/2018,27/12/2017,2017,12,27
4356,Tanzania,Tanzania Coastal Region,Mtwara,Masasi,39.0697,-10.9718,ACTLTZ003783,NOT-2,ACPOTZ019689,NP,10.9,2018,10,4,04/10/2018,27/12/2017,2017,12,27
4357,Tanzania,Tanzania Coastal Region,Mtwara,Masasi,39.0697,-10.9718,ACTLTZ003783,NOT-1,ACPOTZ019718,NPK,12.19333333,2018,10,4,04/10/2018,27/12/2017,2017,12,27
4358,Tanzania,Tanzania Coastal Region,Mtwara,Masasi,39.0697,-10.9718,ACTLTZ003783,NOT-1,ACPOTZ019717,PK,7.373333333,2018,10,4,04/10/2018,27/12/2017,2017,12,27
4359,Tanzania,Tanzania Coastal Region,Mtwara,Masasi,39.0697,-10.9718,ACTLTZ003783,NOT-2,ACPOTZ019686,NPK,10.31333333,2018,10,4,04/10/2018,27/12/2017,2017,12,27
4360,Tanzania,Tanzania Coastal Region,Mtwara,Masasi,39.0697,-10.9718,ACTLTZ003783,NOT-2,ACPOTZ019688,NK,11.67333333,2018,10,4,04/10/2018,27/12/2017,2017,12,27
4361,Tanzania,Tanzania Coastal Region,Mtwara,Masasi,39.0697,-10.9718,ACTLTZ003783,NOT-1,ACPOTZ019720,half_NPK,10.44666667,2018,10,4,04/10/2018,27/12/2017,2017,12,27
4362,Tanzania,Tanzania Coastal Region,Mtwara,Masasi,39.0811,-10.9708,ACTLTZ003784,NOT-1,ACPOTZ019695,PK,8.513333333,2018,10,3,03/10/2018,28/12/2017,2017,12,28
4363,Tanzania,Tanzania Coastal Region,Mtwara,Masasi,39.0811,-10.9708,ACTLTZ003784,NOT-1,ACPOTZ019694,NPK,15.38666667,2018,10,3,03/10/2018,28/12/2017,2017,12,28
4364,Tanzania,Tanzania Coastal Region,Mtwara,Masasi,39.0811,-10.9708,ACTLTZ003784,NOT-1,ACPOTZ019693,CON,10.1,2018,10,3,03/10/2018,28/12/2017,2017,12,28
4365,Tanzania,Tanzania Coastal Region,Mtwara,Masasi,39.0811,-10.9708,ACTLTZ003784,NOT-1,ACPOTZ019691,half_NPK,15.30666667,2018,10,3,03/10/2018,28/12/2017,2017,12,28
4366,Tanzania,Tanzania Coastal Region,Mtwara,Masasi,39.0811,-10.9708,ACTLTZ003784,NOT-1,ACPOTZ019692,NP,11.47333333,2018,10,3,03/10/2018,28/12/2017,2017,12,28
4367,Tanzania,Tanzania Coastal Region,Mtwara,Masasi,39.0811,-10.9708,ACTLTZ003784,NOT-1,ACPOTZ019684,NPK,17.9,2018,10,3,03/10/2018,28/12/2017,2017,12,28
4368,Tanzania,Tanzania Coastal Region,Mtwara,Masasi,39.0811,-10.9708,ACTLTZ003784,NOT-1,ACPOTZ019709,NPK_micro,13.44,2018,10,3,03/10/2018,28/12/2017,2017,12,28
4369,Tanzania,Tanzania Coastal Region,Mtwara,Masasi,NA,NA,ACTLTZ003785,NOT-1,ACPOTZ019698,CON,27.79333333,NA,NA,NA,,NA,NA,NA,NA
4370,Tanzania,Tanzania Coastal Region,Mtwara,Masasi,NA,NA,ACTLTZ003785,NOT-1,ACPOTZ019697,NK,23.6,NA,NA,NA,,NA,NA,NA,NA
4371,Tanzania,Tanzania Coastal Region,Mtwara,Masasi,NA,NA,ACTLTZ003785,NOT-1,ACPOTZ019696,NPK_micro,24.62,NA,NA,NA,,NA,NA,NA,NA
4372,Tanzania,Tanzania Coastal Region,Mtwara,Masasi,NA,NA,ACTLTZ003785,NOT-1,ACPOTZ019699,PK,10.51333333,NA,NA,NA,,NA,NA,NA,NA
4373,Tanzania,Tanzania Coastal Region,Mtwara,Masasi,NA,NA,ACTLTZ003786,NOT-2,ACPOTZ019705,NK,11.66666667,NA,NA,NA,,NA,NA,NA,NA
4374,Tanzania,Tanzania Coastal Region,Mtwara,Masasi,NA,NA,ACTLTZ003786,NOT-2,ACPOTZ019704,NPK,22.88666667,NA,NA,NA,,NA,NA,NA,NA
4375,Tanzania,Tanzania Coastal Region,Mtwara,Masasi,NA,NA,ACTLTZ003786,NOT-2,ACPOTZ019708,NPK,9.14,NA,NA,NA,,NA,NA,NA,NA
4376,Tanzania,Tanzania Coastal Region,Mtwara,Masasi,NA,NA,ACTLTZ003786,NOT-2,ACPOTZ019706,PK,24.38,NA,NA,NA,,NA,NA,NA,NA
4377,Tanzania,Tanzania Coastal Region,Mtwara,Masasi,NA,NA,ACTLTZ003786,NOT-2,ACPOTZ019703,half_NPK,4.513333333,NA,NA,NA,,NA,NA,NA,NA
4378,Tanzania,Tanzania Coastal Region,Mtwara,Masasi,NA,NA,ACTLTZ003786,NOT-2,ACPOTZ019707,CON,7.906666667,NA,NA,NA,,NA,NA,NA,NA
